-- Adminer 3.7.1 MySQL dump

SET NAMES utf8;
SET foreign_key_checks = 0;
SET time_zone = '+02:00';
SET sql_mode = 'NO_AUTO_VALUE_ON_ZERO';

CREATE DATABASE `berlin` /*!40100 DEFAULT CHARACTER SET utf8 COLLATE utf8_czech_ci */;
USE `berlin`;

DROP TABLE IF EXISTS `aliance`;
CREATE TABLE `aliance` (
  `id` int(11) NOT NULL AUTO_INCREMENT,
  `id_liga` int(11) NOT NULL,
  `nazev` varchar(50) COLLATE utf8_czech_ci NOT NULL,
  PRIMARY KEY (`id`),
  KEY `FK__aliance_id_liga_ligy_id` (`id_liga`),
  CONSTRAINT `FK__aliance_id_liga_ligy_id` FOREIGN KEY (`id_liga`) REFERENCES `ligy` (`id`) ON UPDATE CASCADE
) ENGINE=InnoDB DEFAULT CHARSET=utf8 COLLATE=utf8_czech_ci;


DROP TABLE IF EXISTS `auth_rules`;
CREATE TABLE `auth_rules` (
  `id` int(11) NOT NULL AUTO_INCREMENT,
  `auth_token` varchar(50) COLLATE utf8_czech_ci NOT NULL,
  `group_id` varchar(30) COLLATE utf8_czech_ci DEFAULT NULL,
  `table` text COLLATE utf8_czech_ci,
  `name_col` varchar(20) COLLATE utf8_czech_ci DEFAULT NULL,
  `index_col` varchar(20) COLLATE utf8_czech_ci DEFAULT NULL,
  `func_name` varchar(40) COLLATE utf8_czech_ci DEFAULT NULL,
  `func_param1` varchar(255) COLLATE utf8_czech_ci DEFAULT NULL,
  `func_param2` varchar(255) COLLATE utf8_czech_ci DEFAULT NULL,
  PRIMARY KEY (`id`),
  KEY `auth_token` (`auth_token`),
  KEY `FK_auth_rules_group_id_skupiny_group_id` (`group_id`),
  CONSTRAINT `FK_auth_rules_group_id_skupiny_group_id` FOREIGN KEY (`group_id`) REFERENCES `groups` (`group_id`)
) ENGINE=InnoDB DEFAULT CHARSET=utf8 COLLATE=utf8_czech_ci;

INSERT INTO `auth_rules` (`id`, `auth_token`, `group_id`, `table`, `name_col`, `index_col`, `func_name`, `func_param1`, `func_param2`) VALUES
(1,	'module_news',	'guest',	NULL,	NULL,	NULL,	NULL,	NULL,	NULL),
(2,	'create_account',	'guest',	NULL,	NULL,	NULL,	NULL,	NULL,	NULL),
(3,	'module_index',	'guest',	NULL,	NULL,	NULL,	NULL,	NULL,	NULL),
(4,	'module_index',	'admin',	NULL,	NULL,	NULL,	NULL,	NULL,	NULL),
(5,	'create_account',	'admin',	NULL,	NULL,	NULL,	NULL,	NULL,	NULL),
(6,	'module_news',	'admin',	NULL,	NULL,	NULL,	NULL,	NULL,	NULL),
(7,	'module_player',	'admin',	NULL,	NULL,	NULL,	NULL,	NULL,	NULL),
(8,	'module_admin',	'admin',	NULL,	NULL,	NULL,	NULL,	NULL,	NULL),
(9,	'module_posta',	'admin',	NULL,	NULL,	NULL,	NULL,	NULL,	NULL),
(10,	'admin_novinky_list',	'admin',	NULL,	NULL,	NULL,	NULL,	NULL,	NULL),
(11,	'admin_novinky_add',	'admin',	NULL,	NULL,	NULL,	NULL,	NULL,	NULL),
(12,	'admin_novinky',	'admin',	NULL,	NULL,	NULL,	NULL,	NULL,	NULL),
(13,	'admin_ligy_list',	'admin',	NULL,	NULL,	NULL,	NULL,	NULL,	NULL),
(14,	'admin_ligy_add',	'admin',	NULL,	NULL,	NULL,	NULL,	NULL,	NULL),
(15,	'admin_ligy',	'admin',	NULL,	NULL,	NULL,	NULL,	NULL,	NULL),
(16,	'admin_uzivatele',	'admin',	NULL,	NULL,	NULL,	NULL,	NULL,	NULL),
(17,	'module_index',	'hrac',	NULL,	NULL,	NULL,	NULL,	NULL,	NULL),
(18,	'create_account',	'hrac',	NULL,	NULL,	NULL,	NULL,	NULL,	NULL),
(19,	'module_player',	'hrac',	NULL,	NULL,	NULL,	NULL,	NULL,	NULL),
(20,	'module_news',	'hrac',	NULL,	NULL,	NULL,	NULL,	NULL,	NULL),
(21,	'module_posta',	'hrac',	NULL,	NULL,	NULL,	NULL,	NULL,	NULL),
(22,	'forum_delete_msg',	'admin',	NULL,	NULL,	NULL,	NULL,	NULL,	NULL),
(23,	'admin_odloguj_hrace',	'admin',	NULL,	NULL,	NULL,	NULL,	NULL,	NULL),
(24,	'edit_account',	'hrac',	NULL,	NULL,	NULL,	NULL,	NULL,	NULL),
(25,	'edit_account',	'admin',	NULL,	NULL,	NULL,	NULL,	NULL,	NULL);

DROP TABLE IF EXISTS `fm_element`;
CREATE TABLE `fm_element` (
  `id` int(8) NOT NULL AUTO_INCREMENT,
  `form` int(8) NOT NULL DEFAULT '0',
  `element` varchar(40) COLLATE utf8_czech_ci NOT NULL DEFAULT '',
  `title` varchar(255) COLLATE utf8_czech_ci DEFAULT NULL,
  `type` varchar(20) COLLATE utf8_czech_ci NOT NULL DEFAULT 'text',
  `size` int(4) DEFAULT NULL,
  `html_class` varchar(32) COLLATE utf8_czech_ci NOT NULL,
  `html_id` varchar(64) COLLATE utf8_czech_ci NOT NULL,
  `default` varchar(255) COLLATE utf8_czech_ci DEFAULT NULL,
  `order` int(4) NOT NULL DEFAULT '0',
  `new_line` tinyint(1) DEFAULT '1',
  `stuff` text COLLATE utf8_czech_ci,
  `required` tinyint(1) DEFAULT '0',
  `regexp` varchar(255) COLLATE utf8_czech_ci DEFAULT NULL,
  `fce` varchar(40) COLLATE utf8_czech_ci DEFAULT NULL,
  `db_table` varchar(40) COLLATE utf8_czech_ci DEFAULT NULL,
  `db_column` varchar(40) COLLATE utf8_czech_ci DEFAULT NULL,
  `colspan_title` int(11) DEFAULT '1',
  `colspan_elem` int(11) DEFAULT '1',
  `regexp_alert` varchar(255) COLLATE utf8_czech_ci DEFAULT NULL,
  PRIMARY KEY (`id`),
  KEY `form` (`form`),
  KEY `order` (`order`),
  CONSTRAINT `FK_fm_element_fm_form_id` FOREIGN KEY (`form`) REFERENCES `fm_form` (`id`) ON DELETE CASCADE ON UPDATE CASCADE
) ENGINE=InnoDB DEFAULT CHARSET=utf8 COLLATE=utf8_czech_ci;

INSERT INTO `fm_element` (`id`, `form`, `element`, `title`, `type`, `size`, `html_class`, `html_id`, `default`, `order`, `new_line`, `stuff`, `required`, `regexp`, `fce`, `db_table`, `db_column`, `colspan_title`, `colspan_elem`, `regexp_alert`) VALUES
(1,	1,	'lf_login',	'jmeno',	'text',	16,	'form',	'',	NULL,	1,	1,	NULL,	0,	'',	'login_form_trim',	NULL,	NULL,	1,	1,	NULL),
(2,	1,	'lf_pwd',	'heslo',	'password',	16,	'form',	'',	NULL,	2,	1,	NULL,	0,	NULL,	'login_form_trim',	NULL,	NULL,	1,	1,	NULL),
(3,	1,	'lf_submit',	'',	'submit',	NULL,	'',	'ok_button',	'<{vstoupit}>',	3,	1,	NULL,	0,	NULL,	NULL,	NULL,	NULL,	1,	1,	NULL),
(4,	2,	'rn_nick',	'Přezdívka ve hře',	'text',	16,	'form',	'',	NULL,	1,	1,	NULL,	1,	'',	'unikatni_login',	NULL,	NULL,	1,	1,	NULL),
(5,	2,	'rn_pswd',	'Heslo',	'password',	16,	'form',	'',	NULL,	2,	1,	NULL,	0,	NULL,	NULL,	NULL,	NULL,	1,	1,	NULL),
(6,	2,	'rn_pswd_again',	'Heslo znovu',	'password',	16,	'form',	'',	NULL,	3,	1,	NULL,	0,	NULL,	'heslo',	NULL,	NULL,	1,	1,	NULL),
(7,	2,	'rn_submit',	'',	'submit',	NULL,	'',	'ok_button',	'Registrovat',	4,	1,	NULL,	0,	NULL,	NULL,	NULL,	NULL,	1,	1,	NULL),
(8,	3,	'rn_nick',	'Přezdívka ve hře',	'text',	16,	'form',	'',	NULL,	1,	1,	NULL,	1,	'',	NULL,	NULL,	NULL,	1,	1,	NULL),
(9,	3,	'rn_pswd',	'Heslo',	'password',	16,	'form',	'',	NULL,	2,	1,	NULL,	0,	NULL,	NULL,	NULL,	NULL,	1,	1,	NULL),
(10,	3,	'rn_pswd_again',	'Heslo znovu',	'password',	16,	'form',	'',	NULL,	3,	1,	NULL,	0,	NULL,	NULL,	NULL,	NULL,	1,	1,	NULL),
(11,	3,	'rn_submit',	'',	'submit',	NULL,	'',	'ok_button',	'Registrovat',	4,	1,	NULL,	0,	NULL,	NULL,	NULL,	NULL,	1,	1,	NULL),
(12,	4,	'strana',	'Strana',	'select',	NULL,	'',	'',	NULL,	1,	1,	'fce:napln_strana',	1,	'^[0-9]{1,4}$',	NULL,	NULL,	NULL,	1,	1,	NULL),
(14,	4,	'scenar',	'Scénář',	'select',	NULL,	'',	'',	NULL,	3,	1,	'fce:napln_scenar',	1,	'^[0-9]{1,4}$',	NULL,	NULL,	NULL,	1,	1,	NULL),
(15,	4,	'button',	'',	'submit',	NULL,	'',	'',	'Odeslat',	8,	1,	NULL,	0,	NULL,	NULL,	NULL,	NULL,	1,	1,	NULL),
(16,	5,	'nazev',	'Název',	'text',	80,	'',	'',	NULL,	1,	1,	NULL,	1,	NULL,	NULL,	'novinky',	'nazev',	1,	1,	NULL),
(17,	5,	'novinka',	'Novinka',	'textarea',	1500,	'',	'',	NULL,	2,	1,	'50',	1,	NULL,	NULL,	'novinky',	'novinka',	1,	1,	NULL),
(18,	5,	'odeslat',	'',	'submit',	NULL,	'',	'',	'Přidat',	3,	1,	NULL,	0,	NULL,	NULL,	NULL,	NULL,	1,	1,	NULL),
(19,	6,	'nazev',	'Název',	'text',	80,	'',	'',	NULL,	1,	1,	NULL,	1,	NULL,	NULL,	'ligy',	'nazev',	1,	1,	NULL),
(20,	6,	'typ',	'Typ',	'select',	NULL,	'',	'',	NULL,	2,	1,	'fce:napln_typ',	1,	NULL,	NULL,	'ligy',	'typ',	1,	1,	NULL),
(21,	6,	'rocni_obdobi',	'Roční období',	'select',	NULL,	'',	'',	NULL,	3,	1,	'fce:napln_rocni_obdobi',	1,	NULL,	NULL,	'ligy',	'rocni_obdobi',	1,	1,	NULL),
(22,	6,	'registrace',	'Možnost registrovat se',	'select',	NULL,	'',	'',	NULL,	4,	1,	'fce:napln_reg',	1,	NULL,	NULL,	'ligy',	'registrace',	1,	1,	NULL),
(23,	6,	'max_pocet',	'Maximální počet hráčů',	'text',	NULL,	'',	'',	'80',	3,	1,	NULL,	1,	'^[0-9]{1,4}$',	NULL,	'ligy',	'max_pocet_hracu',	1,	1,	NULL),
(24,	6,	'button',	'',	'submit',	NULL,	'',	'',	'Odeslat',	8,	1,	NULL,	0,	NULL,	NULL,	NULL,	NULL,	1,	1,	NULL);

DROP TABLE IF EXISTS `fm_form`;
CREATE TABLE `fm_form` (
  `id` int(8) NOT NULL AUTO_INCREMENT,
  `name` varchar(40) COLLATE utf8_czech_ci NOT NULL DEFAULT '',
  `title` varchar(255) COLLATE utf8_czech_ci DEFAULT NULL,
  `action` varchar(100) COLLATE utf8_czech_ci DEFAULT NULL,
  `method` enum('post','get') COLLATE utf8_czech_ci DEFAULT NULL,
  `file` tinyint(1) DEFAULT '0',
  `fce` varchar(40) COLLATE utf8_czech_ci DEFAULT NULL,
  `no_reload` int(1) DEFAULT '0',
  `succ_text` varchar(255) COLLATE utf8_czech_ci DEFAULT NULL,
  `fce_after_db` varchar(255) COLLATE utf8_czech_ci DEFAULT NULL,
  PRIMARY KEY (`id`),
  KEY `name` (`name`)
) ENGINE=InnoDB DEFAULT CHARSET=utf8 COLLATE=utf8_czech_ci;

INSERT INTO `fm_form` (`id`, `name`, `title`, `action`, `method`, `file`, `fce`, `no_reload`, `succ_text`, `fce_after_db`) VALUES
(1,	'login_form',	'',	NULL,	'post',	0,	'try_log_user',	1,	'',	NULL),
(2,	'registrace_novacek',	'',	NULL,	'post',	0,	'novy_hrac',	1,	'',	NULL),
(3,	'registrace_veteran',	'',	NULL,	'post',	0,	NULL,	1,	'',	NULL),
(4,	'prihlaseni',	'Přihlášení do scénáře',	'',	'post',	0,	'prihlaseni',	0,	'Přihlášení proběhlo',	NULL),
(5,	'admin_novinky',	'Přidat/upravit novou novinku',	'',	'post',	0,	NULL,	0,	'Novinka byla přidána/upravena',	'novinky_after_db'),
(6,	'admin_ligy',	'Přidat/upravit scénář',	'',	'post',	0,	NULL,	0,	'Scénář byl přidán/upraven',	NULL);

DROP TABLE IF EXISTS `forum`;
CREATE TABLE `forum` (
  `id_autor` int(11) DEFAULT NULL,
  `obsah` text COLLATE utf8_czech_ci,
  `vlakno` int(11) DEFAULT NULL,
  `cas` datetime NOT NULL,
  `id` int(11) NOT NULL AUTO_INCREMENT,
  KEY `FK__forum_id_autor_users_sys_id` (`id_autor`),
  KEY `id` (`id`),
  CONSTRAINT `FK__forum_id_autor_users_sys_id` FOREIGN KEY (`id_autor`) REFERENCES `users_sys` (`id`) ON DELETE CASCADE ON UPDATE CASCADE
) ENGINE=InnoDB DEFAULT CHARSET=utf8 COLLATE=utf8_czech_ci;


DROP TABLE IF EXISTS `generalove`;
CREATE TABLE `generalove` (
  `id` int(11) NOT NULL AUTO_INCREMENT,
  `jmeno` varchar(50) COLLATE utf8_czech_ci NOT NULL,
  `max_pocet_kol` int(5) DEFAULT '6',
  `suroviny_pechota` int(5) DEFAULT '1',
  `palivo_pechota` int(5) DEFAULT '1',
  `zold_suroviny_pechota` int(5) DEFAULT '1',
  `zold_palivo_pechota` int(5) DEFAULT '1',
  `utok_pechota` int(5) DEFAULT '1',
  `obrana_pechota` int(5) DEFAULT '1',
  `pvo_pechota` int(5) DEFAULT '1',
  `suroviny_tanky` int(5) DEFAULT '1',
  `palivo_tanky` int(5) DEFAULT '1',
  `zold_suroviny_tanky` int(5) DEFAULT '1',
  `zold_palivo_tanky` int(5) DEFAULT '1',
  `utok_tanky` int(5) DEFAULT '1',
  `obrana_tanky` int(5) DEFAULT '1',
  `pvo_tanky` int(5) DEFAULT '1',
  PRIMARY KEY (`id`)
) ENGINE=InnoDB DEFAULT CHARSET=utf8 COLLATE=utf8_czech_ci;

INSERT INTO `generalove` (`id`, `jmeno`, `max_pocet_kol`, `suroviny_pechota`, `palivo_pechota`, `zold_suroviny_pechota`, `zold_palivo_pechota`, `utok_pechota`, `obrana_pechota`, `pvo_pechota`, `suroviny_tanky`, `palivo_tanky`, `zold_suroviny_tanky`, `zold_palivo_tanky`, `utok_tanky`, `obrana_tanky`, `pvo_tanky`) VALUES
(1,	'Neutralky',	6,	1,	1,	1,	1,	1,	4,	1,	1,	1,	1,	1,	6,	4,	4),
(2,	'Spojenci',	7,	30,	0,	6,	0,	3,	5,	4,	650,	0,	25,	5,	10,	8,	2),
(3,	'Sověti',	8,	20,	0,	4,	0,	2,	4,	4,	750,	0,	35,	7,	11,	8,	2);

DROP TABLE IF EXISTS `groups`;
CREATE TABLE `groups` (
  `group_id` varchar(30) COLLATE utf8_czech_ci NOT NULL,
  `group_name` varchar(50) COLLATE utf8_czech_ci NOT NULL,
  PRIMARY KEY (`group_id`),
  UNIQUE KEY `group_name` (`group_name`)
) ENGINE=InnoDB DEFAULT CHARSET=utf8 COLLATE=utf8_czech_ci;

INSERT INTO `groups` (`group_id`, `group_name`) VALUES
('admin',	'Administrátor'),
('hrac',	'Hráč'),
('guest',	'Nepřihlášený');

DROP TABLE IF EXISTS `hrdinove`;
CREATE TABLE `hrdinove` (
  `id` int(11) NOT NULL AUTO_INCREMENT,
  `jmeno` varchar(50) COLLATE utf8_czech_ci NOT NULL,
  `filepath` varchar(300) COLLATE utf8_czech_ci NOT NULL,
  PRIMARY KEY (`id`)
) ENGINE=InnoDB DEFAULT CHARSET=utf8 COLLATE=utf8_czech_ci;


DROP TABLE IF EXISTS `in_game_hlaseni`;
CREATE TABLE `in_game_hlaseni` (
  `id` int(11) NOT NULL AUTO_INCREMENT,
  `id_hrac` int(11) NOT NULL,
  `id_ligy` int(11) NOT NULL,
  `skupina` varchar(30) COLLATE utf8_czech_ci DEFAULT NULL,
  `nadpis` varchar(300) COLLATE utf8_czech_ci DEFAULT NULL,
  `obsah` text COLLATE utf8_czech_ci,
  `cas` int(5) DEFAULT '0',
  `nazev_sektoru` varchar(300) COLLATE utf8_czech_ci DEFAULT NULL,
  `udalost` varchar(300) COLLATE utf8_czech_ci DEFAULT NULL,
  `uspesnost` varchar(300) COLLATE utf8_czech_ci DEFAULT NULL,
  `utocnik` varchar(300) COLLATE utf8_czech_ci DEFAULT NULL,
  `efekt` varchar(300) COLLATE utf8_czech_ci DEFAULT '',
  `ztraty_tanky` int(10) DEFAULT NULL,
  `ztraty_pechota` int(10) DEFAULT NULL,
  PRIMARY KEY (`id`),
  KEY `FK__in_game_hlaseni_id_hrac_users_sys_id` (`id_hrac`),
  KEY `FK__in_game_hlaseni_id_ligy_ligy_id` (`id_ligy`),
  CONSTRAINT `FK__in_game_hlaseni_id_hrac_users_sys_id` FOREIGN KEY (`id_hrac`) REFERENCES `users_sys` (`id`) ON UPDATE CASCADE,
  CONSTRAINT `FK__in_game_hlaseni_id_ligy_ligy_id` FOREIGN KEY (`id_ligy`) REFERENCES `ligy` (`id`) ON UPDATE CASCADE
) ENGINE=InnoDB DEFAULT CHARSET=utf8 COLLATE=utf8_czech_ci;

INSERT INTO `in_game_hlaseni` (`id`, `id_hrac`, `id_ligy`, `skupina`, `nadpis`, `obsah`, `cas`, `nazev_sektoru`, `udalost`, `uspesnost`, `utocnik`, `efekt`, `ztraty_tanky`, `ztraty_pechota`) VALUES
(1933604,	1,	9,	'globalni',	'Konec hry',	'Tréninkový scénář skončil. Délka hraní je omezena na 10 dnů.',	0,	'',	'',	'',	'',	'',	0,	0);

DROP TABLE IF EXISTS `in_game_hrac`;
CREATE TABLE `in_game_hrac` (
  `id` int(11) NOT NULL AUTO_INCREMENT,
  `id_hrac` int(11) NOT NULL,
  `id_general` int(11) NOT NULL,
  `id_liga` int(11) NOT NULL,
  `id_hrdina` int(11) DEFAULT NULL,
  `strana` varchar(10) COLLATE utf8_czech_ci NOT NULL,
  `id_aliance` int(11) DEFAULT NULL,
  `symbol` int(5) NOT NULL,
  `suroviny` int(10) DEFAULT '0',
  `palivo` int(10) DEFAULT '0',
  `body_vlivu` int(10) DEFAULT '0',
  `akt_pocet_kol` int(10) DEFAULT '0',
  `akt_max_pocet_kol` int(10) DEFAULT '0',
  `kol_odehrano` int(10) DEFAULT '0',
  `letecka_sila` int(10) DEFAULT '0',
  `prestiz` int(10) DEFAULT '0',
  PRIMARY KEY (`id`),
  KEY `FK__in_game_hrac_id_liga_ligy_id` (`id_liga`),
  KEY `FK__in_game_hrac_id_aliance_aliance_id` (`id_aliance`),
  KEY `FK__in_game_hrac_id_hrac_users_sys_id` (`id_hrac`),
  KEY `FK__in_game_hrac_id_general_generalove_id` (`id_general`),
  CONSTRAINT `FK__in_game_hrac_id_aliance_aliance_id` FOREIGN KEY (`id_aliance`) REFERENCES `aliance` (`id`) ON UPDATE CASCADE,
  CONSTRAINT `FK__in_game_hrac_id_general_generalove_id` FOREIGN KEY (`id_general`) REFERENCES `generalove` (`id`) ON UPDATE CASCADE,
  CONSTRAINT `FK__in_game_hrac_id_hrac_users_sys_id` FOREIGN KEY (`id_hrac`) REFERENCES `users_sys` (`id`) ON UPDATE CASCADE,
  CONSTRAINT `FK__in_game_hrac_id_liga_ligy_id` FOREIGN KEY (`id_liga`) REFERENCES `ligy` (`id`) ON UPDATE CASCADE
) ENGINE=InnoDB DEFAULT CHARSET=utf8 COLLATE=utf8_czech_ci;

INSERT INTO `in_game_hrac` (`id`, `id_hrac`, `id_general`, `id_liga`, `id_hrdina`, `strana`, `id_aliance`, `symbol`, `suroviny`, `palivo`, `body_vlivu`, `akt_pocet_kol`, `akt_max_pocet_kol`, `kol_odehrano`, `letecka_sila`, `prestiz`) VALUES
(1,	1,	2,	8,	0,	'us',	NULL,	5,	33882,	9790,	38,	0,	14,	0,	0,	0);

DROP TABLE IF EXISTS `in_game_hrdinove`;
CREATE TABLE `in_game_hrdinove` (
  `id` int(11) NOT NULL AUTO_INCREMENT,
  `id_hrdina` int(11) NOT NULL,
  `zkusenosti` int(10) DEFAULT '0',
  PRIMARY KEY (`id`),
  KEY `FK__in_game_hrdinove_id_hrdina_hrdinove_id` (`id_hrdina`),
  CONSTRAINT `FK__in_game_hrdinove_id_hrdina_hrdinove_id` FOREIGN KEY (`id_hrdina`) REFERENCES `hrdinove` (`id`) ON UPDATE CASCADE
) ENGINE=InnoDB DEFAULT CHARSET=utf8 COLLATE=utf8_czech_ci;


DROP TABLE IF EXISTS `in_game_letecke_akce`;
CREATE TABLE `in_game_letecke_akce` (
  `id` int(11) NOT NULL AUTO_INCREMENT,
  `id_autor` int(11) NOT NULL,
  `id_cil` int(11) DEFAULT NULL,
  `id_zeme` int(11) NOT NULL,
  `id_ligy` int(11) NOT NULL,
  `id_typ_letecke_akce` int(11) NOT NULL,
  `sila` int(2) DEFAULT '1',
  PRIMARY KEY (`id`),
  KEY `FK__in_game_letecke_akce_id_autor_users_sys_id` (`id_autor`),
  KEY `FK__in_game_letecke_akce_id_zeme_zeme_id` (`id_zeme`),
  KEY `FK__in_game_letecke_akce_id_ligy_ligy_id` (`id_ligy`),
  KEY `FK__in_game_letecke_akce_id_typ_letecke_akce_letecke_akce_id` (`id_typ_letecke_akce`),
  CONSTRAINT `FK__in_game_letecke_akce_id_autor_users_sys_id` FOREIGN KEY (`id_autor`) REFERENCES `users_sys` (`id`) ON UPDATE CASCADE,
  CONSTRAINT `FK__in_game_letecke_akce_id_ligy_ligy_id` FOREIGN KEY (`id_ligy`) REFERENCES `ligy` (`id`) ON UPDATE CASCADE,
  CONSTRAINT `FK__in_game_letecke_akce_id_typ_letecke_akce_letecke_akce_id` FOREIGN KEY (`id_typ_letecke_akce`) REFERENCES `letecke_akce` (`id`) ON UPDATE CASCADE,
  CONSTRAINT `FK__in_game_letecke_akce_id_zeme_zeme_id` FOREIGN KEY (`id_zeme`) REFERENCES `zeme` (`id`) ON UPDATE CASCADE
) ENGINE=InnoDB DEFAULT CHARSET=utf8 COLLATE=utf8_czech_ci;


DROP TABLE IF EXISTS `in_game_podpora`;
CREATE TABLE `in_game_podpora` (
  `id` int(11) NOT NULL AUTO_INCREMENT,
  `id_autor` int(11) NOT NULL,
  `id_cil` int(11) DEFAULT NULL,
  `id_zeme` int(11) NOT NULL,
  `id_ligy` int(11) NOT NULL,
  `id_typ_podpory` int(11) NOT NULL,
  PRIMARY KEY (`id`),
  KEY `FK__in_game_podpora_id_autor_users_sys_id` (`id_autor`),
  KEY `FK__in_game_podpora_id_zeme_zeme_id` (`id_zeme`),
  KEY `FK__in_game_podpora_id_ligy_ligy_id` (`id_ligy`),
  KEY `FK__in_game_podpora_id_typ_podpory_podpora_z_domova_id` (`id_typ_podpory`),
  CONSTRAINT `FK__in_game_podpora_id_autor_users_sys_id` FOREIGN KEY (`id_autor`) REFERENCES `users_sys` (`id`) ON UPDATE CASCADE,
  CONSTRAINT `FK__in_game_podpora_id_ligy_ligy_id` FOREIGN KEY (`id_ligy`) REFERENCES `ligy` (`id`) ON UPDATE CASCADE,
  CONSTRAINT `FK__in_game_podpora_id_typ_podpory_podpora_z_domova_id` FOREIGN KEY (`id_typ_podpory`) REFERENCES `podpora_z_domova` (`id`) ON UPDATE CASCADE,
  CONSTRAINT `FK__in_game_podpora_id_zeme_zeme_id` FOREIGN KEY (`id_zeme`) REFERENCES `zeme` (`id`) ON UPDATE CASCADE
) ENGINE=InnoDB DEFAULT CHARSET=utf8 COLLATE=utf8_czech_ci;


DROP TABLE IF EXISTS `in_game_pruchody`;
CREATE TABLE `in_game_pruchody` (
  `id` int(11) NOT NULL AUTO_INCREMENT,
  `id_zeme_odkud` int(11) NOT NULL,
  `id_zeme_kam` int(11) NOT NULL,
  `id_ligy` int(11) NOT NULL,
  `platnost` int(2) DEFAULT NULL,
  PRIMARY KEY (`id`),
  KEY `FK__in_game_pruchody_id_zeme_odkud_zeme_id` (`id_zeme_odkud`),
  KEY `FK__in_game_pruchody_id_zeme_kam_zeme_id` (`id_zeme_kam`),
  KEY `FK__in_game_pruchody_id_ligy_ligy_id` (`id_ligy`),
  CONSTRAINT `FK__in_game_pruchody_id_ligy_ligy_id` FOREIGN KEY (`id_ligy`) REFERENCES `ligy` (`id`) ON UPDATE CASCADE,
  CONSTRAINT `FK__in_game_pruchody_id_zeme_kam_zeme_id` FOREIGN KEY (`id_zeme_kam`) REFERENCES `zeme` (`id`) ON UPDATE CASCADE,
  CONSTRAINT `FK__in_game_pruchody_id_zeme_odkud_zeme_id` FOREIGN KEY (`id_zeme_odkud`) REFERENCES `zeme` (`id`) ON UPDATE CASCADE
) ENGINE=InnoDB DEFAULT CHARSET=utf8 COLLATE=utf8_czech_ci;

INSERT INTO `in_game_pruchody` (`id`, `id_zeme_odkud`, `id_zeme_kam`, `id_ligy`, `platnost`) VALUES
(6201,	138,	137,	9,	0),
(6202,	146,	142,	18,	0),
(6203,	52,	36,	6,	0);

DROP TABLE IF EXISTS `in_game_questy`;
CREATE TABLE `in_game_questy` (
  `id` int(11) NOT NULL AUTO_INCREMENT,
  `id_zeme` int(11) NOT NULL,
  `id_ligy` int(11) NOT NULL,
  `id_quest` int(11) NOT NULL,
  PRIMARY KEY (`id`),
  KEY `FK__in_game_questy_id_zeme_zeme_id` (`id_zeme`),
  KEY `FK__in_game_questy_id_ligy_ligy_id` (`id_ligy`),
  KEY `FK__in_game_questy_id_quest_questy_id` (`id_quest`),
  CONSTRAINT `FK__in_game_questy_id_ligy_ligy_id` FOREIGN KEY (`id_ligy`) REFERENCES `ligy` (`id`) ON UPDATE CASCADE,
  CONSTRAINT `FK__in_game_questy_id_quest_questy_id` FOREIGN KEY (`id_quest`) REFERENCES `questy` (`id`) ON UPDATE CASCADE,
  CONSTRAINT `FK__in_game_questy_id_zeme_zeme_id` FOREIGN KEY (`id_zeme`) REFERENCES `zeme` (`id`) ON UPDATE CASCADE
) ENGINE=InnoDB DEFAULT CHARSET=utf8 COLLATE=utf8_czech_ci;


DROP TABLE IF EXISTS `in_game_stavby`;
CREATE TABLE `in_game_stavby` (
  `id` int(11) NOT NULL AUTO_INCREMENT,
  `id_zeme` int(11) NOT NULL,
  `id_ligy` int(11) NOT NULL,
  `id_stavby` int(11) NOT NULL,
  `id_vlastnik` int(11) DEFAULT NULL,
  PRIMARY KEY (`id`),
  KEY `FK__in_game_stavby_id_zeme_zeme_id` (`id_zeme`),
  KEY `FK__in_game_stavby_id_ligy_ligy_id` (`id_ligy`),
  KEY `FK__in_game_stavby_id_stavby_stavby_id` (`id_stavby`),
  CONSTRAINT `FK__in_game_stavby_id_ligy_ligy_id` FOREIGN KEY (`id_ligy`) REFERENCES `ligy` (`id`) ON UPDATE CASCADE,
  CONSTRAINT `FK__in_game_stavby_id_stavby_stavby_id` FOREIGN KEY (`id_stavby`) REFERENCES `stavby` (`id`) ON UPDATE CASCADE,
  CONSTRAINT `FK__in_game_stavby_id_zeme_zeme_id` FOREIGN KEY (`id_zeme`) REFERENCES `zeme` (`id`) ON UPDATE CASCADE
) ENGINE=InnoDB DEFAULT CHARSET=utf8 COLLATE=utf8_czech_ci;

INSERT INTO `in_game_stavby` (`id`, `id_zeme`, `id_ligy`, `id_stavby`, `id_vlastnik`) VALUES
(1,	118,	8,	4,	1),
(2,	118,	8,	21,	1),
(3,	101,	8,	4,	1),
(4,	101,	8,	21,	1),
(5,	95,	8,	4,	1),
(6,	95,	8,	21,	1);

DROP TABLE IF EXISTS `in_game_utoky`;
CREATE TABLE `in_game_utoky` (
  `id` int(11) NOT NULL AUTO_INCREMENT,
  `id_zeme_odkud` int(11) NOT NULL,
  `id_zeme_kam` int(11) NOT NULL,
  `id_ligy` int(11) NOT NULL,
  `id_vlastnik` int(11) NOT NULL,
  `pechota` int(5) DEFAULT '0',
  `tanky` int(5) DEFAULT '0',
  `sila` int(5) DEFAULT '0',
  `typ` varchar(20) COLLATE utf8_czech_ci DEFAULT 'zadny',
  `random` int(15) DEFAULT '0',
  PRIMARY KEY (`id`),
  KEY `FK__in_game_utoky_id_vlastnik_users_sys_id` (`id_vlastnik`),
  KEY `FK__in_game_utoky_id_zeme_odkud_zeme_id` (`id_zeme_odkud`),
  KEY `FK__in_game_utoky_id_zeme_kam_zeme_id` (`id_zeme_kam`),
  KEY `FK__in_game_utoky_id_ligy_ligy_id` (`id_ligy`),
  CONSTRAINT `FK__in_game_utoky_id_ligy_ligy_id` FOREIGN KEY (`id_ligy`) REFERENCES `ligy` (`id`) ON UPDATE CASCADE,
  CONSTRAINT `FK__in_game_utoky_id_vlastnik_users_sys_id` FOREIGN KEY (`id_vlastnik`) REFERENCES `users_sys` (`id`) ON UPDATE CASCADE,
  CONSTRAINT `FK__in_game_utoky_id_zeme_kam_zeme_id` FOREIGN KEY (`id_zeme_kam`) REFERENCES `zeme` (`id`) ON UPDATE CASCADE,
  CONSTRAINT `FK__in_game_utoky_id_zeme_odkud_zeme_id` FOREIGN KEY (`id_zeme_odkud`) REFERENCES `zeme` (`id`) ON UPDATE CASCADE
) ENGINE=InnoDB DEFAULT CHARSET=utf8 COLLATE=utf8_czech_ci;


DROP TABLE IF EXISTS `in_game_vcera`;
CREATE TABLE `in_game_vcera` (
  `id` int(11) NOT NULL AUTO_INCREMENT,
  `id_hrac` int(11) DEFAULT NULL,
  `letecka_sila` int(5) DEFAULT NULL,
  `id_ligy` int(5) DEFAULT NULL,
  PRIMARY KEY (`id`),
  KEY `in_game_vcera_id_hrac__users_sys_id` (`id_hrac`),
  CONSTRAINT `in_game_vcera_id_hrac__users_sys_id` FOREIGN KEY (`id_hrac`) REFERENCES `users_sys` (`id`) ON DELETE SET NULL ON UPDATE CASCADE
) ENGINE=InnoDB DEFAULT CHARSET=utf8 COLLATE=utf8_czech_ci;

INSERT INTO `in_game_vcera` (`id`, `id_hrac`, `letecka_sila`, `id_ligy`) VALUES
(1,	1,	0,	8),
(9339,	NULL,	30,	27),
(9340,	NULL,	169,	27),
(9341,	NULL,	163,	26),
(10088,	NULL,	0,	22),
(17657,	NULL,	0,	10),
(17664,	NULL,	0,	10),
(17665,	NULL,	0,	10),
(19112,	NULL,	0,	5),
(19113,	NULL,	0,	5);

DROP TABLE IF EXISTS `in_game_vcera_stat`;
CREATE TABLE `in_game_vcera_stat` (
  `id_user` int(11) NOT NULL,
  `hranych_elite_dm` int(10) DEFAULT '0',
  `hranych_deathmatch` int(10) DEFAULT '0',
  `hranych_team` int(10) DEFAULT '0',
  `hranych_trening` int(10) DEFAULT '0',
  `opustenych_lig` int(10) DEFAULT '0',
  `znicen_v_ligach` int(10) DEFAULT '0',
  `odehranych_dnu_bez_statistik` int(10) DEFAULT '0',
  `her_s_sssr` int(10) DEFAULT '0',
  `her_s_us` int(10) DEFAULT '0',
  `pocet_utoku` int(10) DEFAULT '0',
  `pocet_uspesnych_utoku` int(10) DEFAULT '0',
  `pocet_utoku_neutralka` int(10) DEFAULT '0',
  `pocet_uspesnych_utoku_neutralka` int(10) DEFAULT '0',
  `pocet_obran` int(10) DEFAULT '0',
  `pocet_uspesnych_obran` int(10) DEFAULT '0',
  `pocet_akci_podpora_pozitivni` int(10) DEFAULT '0',
  `pocet_akci_podpora_negativni` int(10) DEFAULT '0',
  `pocet_akci_podpora_uspesny` int(10) DEFAULT '0',
  `pocet_akci_podpora_uspesny_na_hrace` int(10) DEFAULT '0',
  `pocet_akci_letectvo_pozitivni` int(10) DEFAULT '0',
  `pocet_akci_letectvo_negativni` int(10) DEFAULT '0',
  `pocet_akci_letectvo_uspesny` int(10) DEFAULT '0',
  `pocet_akci_letectvo_uspesny_na_hrace` int(10) DEFAULT '0',
  PRIMARY KEY (`id_user`),
  CONSTRAINT `FK__in_game_vcera_stat_id_user_users_sys_id` FOREIGN KEY (`id_user`) REFERENCES `users_sys` (`id`) ON DELETE CASCADE ON UPDATE CASCADE
) ENGINE=InnoDB DEFAULT CHARSET=utf8 COLLATE=utf8_czech_ci;


DROP TABLE IF EXISTS `in_game_vcera_zeme`;
CREATE TABLE `in_game_vcera_zeme` (
  `id` int(11) NOT NULL AUTO_INCREMENT,
  `id_zeme` int(11) NOT NULL,
  `id_ligy` int(11) NOT NULL,
  `id_vlastnik` int(11) DEFAULT NULL,
  `infrastruktura_now` int(5) DEFAULT '50',
  `pechota` int(5) DEFAULT '0',
  `pechota_odeslano` int(5) DEFAULT '0',
  `tanky` int(5) DEFAULT '0',
  `tanky_odeslano` int(5) DEFAULT '0',
  `letadla` int(5) DEFAULT '0',
  `povolano` int(5) DEFAULT '0',
  `oprava_infrastruktury` int(5) DEFAULT '0',
  `vojenska_policie` int(5) DEFAULT '0',
  `sila_neutralka` int(5) DEFAULT '0',
  `pvo_stanice` int(5) DEFAULT '0',
  `lze_povolat` int(5) DEFAULT '0',
  PRIMARY KEY (`id`),
  KEY `FK__in_game_vcera_zeme_id_zeme_zeme_id` (`id_zeme`),
  KEY `FK__in_game_vcera_zeme_id_ligy_ligy_id` (`id_ligy`),
  CONSTRAINT `FK__in_game_vcera_zeme_id_ligy_ligy_id` FOREIGN KEY (`id_ligy`) REFERENCES `ligy` (`id`) ON UPDATE CASCADE,
  CONSTRAINT `FK__in_game_vcera_zeme_id_zeme_zeme_id` FOREIGN KEY (`id_zeme`) REFERENCES `zeme` (`id`) ON UPDATE CASCADE
) ENGINE=InnoDB DEFAULT CHARSET=utf8 COLLATE=utf8_czech_ci;

INSERT INTO `in_game_vcera_zeme` (`id`, `id_zeme`, `id_ligy`, `id_vlastnik`, `infrastruktura_now`, `pechota`, `pechota_odeslano`, `tanky`, `tanky_odeslano`, `letadla`, `povolano`, `oprava_infrastruktury`, `vojenska_policie`, `sila_neutralka`, `pvo_stanice`, `lze_povolat`) VALUES
(291207,	1,	15,	NULL,	12,	56,	0,	32,	0,	0,	0,	0,	0,	370,	0,	0),
(291208,	2,	15,	NULL,	12,	67,	0,	40,	0,	0,	0,	0,	0,	467,	0,	0),
(291209,	3,	15,	NULL,	12,	61,	0,	35,	0,	0,	0,	0,	0,	407,	0,	0),
(291210,	4,	15,	NULL,	25,	66,	0,	20,	0,	0,	0,	0,	0,	361,	0,	0),
(291211,	5,	15,	NULL,	12,	66,	0,	37,	0,	0,	0,	0,	0,	433,	0,	0),
(291212,	6,	15,	NULL,	25,	73,	0,	20,	0,	0,	0,	0,	0,	398,	0,	0),
(291213,	7,	15,	NULL,	12,	63,	0,	29,	0,	0,	0,	0,	0,	386,	0,	0),
(291214,	8,	15,	NULL,	25,	73,	0,	18,	0,	0,	0,	0,	0,	393,	0,	0),
(291215,	9,	15,	NULL,	25,	67,	0,	22,	0,	0,	0,	0,	0,	381,	0,	0),
(291216,	10,	15,	NULL,	25,	72,	0,	20,	0,	0,	0,	0,	0,	394,	0,	0),
(291217,	11,	15,	NULL,	25,	72,	0,	21,	0,	0,	0,	0,	0,	402,	0,	0),
(291218,	12,	15,	NULL,	25,	70,	0,	18,	0,	0,	0,	0,	0,	380,	0,	0),
(291219,	13,	15,	NULL,	25,	64,	0,	18,	0,	0,	0,	0,	0,	351,	0,	0),
(291220,	14,	15,	NULL,	25,	66,	0,	20,	0,	0,	0,	0,	0,	375,	0,	0),
(291221,	15,	15,	NULL,	25,	69,	0,	20,	0,	0,	0,	0,	0,	377,	0,	0),
(291222,	16,	15,	NULL,	25,	66,	0,	21,	0,	0,	0,	0,	0,	372,	0,	0),
(291223,	17,	15,	NULL,	25,	68,	0,	21,	0,	0,	0,	0,	0,	384,	0,	0),
(291224,	18,	15,	NULL,	12,	60,	0,	36,	0,	0,	0,	0,	0,	422,	0,	0),
(291225,	19,	15,	NULL,	25,	69,	0,	18,	0,	0,	0,	0,	0,	365,	0,	0),
(291226,	20,	15,	NULL,	12,	58,	0,	33,	0,	0,	0,	0,	0,	393,	0,	0),
(291227,	21,	15,	NULL,	25,	71,	0,	21,	0,	0,	0,	0,	0,	397,	0,	0),
(291228,	22,	15,	NULL,	25,	64,	0,	19,	0,	0,	0,	0,	0,	362,	0,	0),
(291229,	23,	15,	NULL,	25,	71,	0,	22,	0,	0,	0,	0,	0,	402,	0,	0),
(291230,	24,	15,	NULL,	25,	68,	0,	21,	0,	0,	0,	0,	0,	384,	0,	0),
(291231,	25,	15,	NULL,	25,	70,	0,	21,	0,	0,	0,	0,	0,	386,	0,	0),
(291232,	26,	15,	NULL,	25,	67,	0,	18,	0,	0,	0,	0,	0,	374,	0,	0),
(291233,	27,	15,	NULL,	25,	69,	0,	20,	0,	0,	0,	0,	0,	377,	0,	0),
(291234,	28,	15,	NULL,	12,	53,	0,	34,	0,	0,	0,	0,	0,	383,	0,	0),
(291235,	29,	15,	NULL,	25,	69,	0,	20,	0,	0,	0,	0,	0,	392,	0,	0),
(291236,	30,	15,	NULL,	21,	64,	0,	21,	0,	0,	0,	0,	0,	357,	0,	0),
(291237,	31,	15,	NULL,	25,	71,	0,	20,	0,	0,	0,	0,	0,	386,	0,	0),
(291238,	32,	15,	NULL,	25,	70,	0,	20,	0,	0,	0,	0,	0,	389,	0,	0),
(291239,	33,	15,	NULL,	25,	68,	0,	19,	0,	0,	0,	0,	0,	365,	0,	0),
(291240,	34,	15,	NULL,	12,	68,	0,	32,	0,	0,	0,	0,	0,	420,	0,	0),
(291241,	35,	15,	NULL,	25,	67,	0,	20,	0,	0,	0,	0,	0,	365,	0,	0),
(291242,	36,	15,	NULL,	25,	69,	0,	21,	0,	0,	0,	0,	0,	385,	0,	0),
(291243,	37,	15,	NULL,	25,	67,	0,	22,	0,	0,	0,	0,	0,	388,	0,	0),
(291244,	38,	15,	NULL,	25,	68,	0,	18,	0,	0,	0,	0,	0,	361,	0,	0),
(291245,	39,	15,	NULL,	25,	65,	0,	18,	0,	0,	0,	0,	0,	359,	0,	0),
(291246,	40,	15,	NULL,	25,	66,	0,	21,	0,	0,	0,	0,	0,	365,	0,	0),
(291247,	41,	15,	NULL,	25,	71,	0,	18,	0,	0,	0,	0,	0,	377,	0,	0),
(291248,	42,	15,	NULL,	25,	65,	0,	20,	0,	0,	0,	0,	0,	364,	0,	0),
(291249,	43,	15,	NULL,	25,	71,	0,	19,	0,	0,	0,	0,	0,	385,	0,	0),
(291250,	44,	15,	NULL,	21,	67,	0,	23,	0,	0,	0,	0,	0,	385,	0,	0),
(291251,	45,	15,	NULL,	12,	54,	0,	34,	0,	0,	0,	0,	0,	380,	0,	0),
(291252,	46,	15,	NULL,	21,	69,	0,	22,	0,	0,	0,	0,	0,	386,	0,	0),
(291253,	47,	15,	NULL,	21,	64,	0,	25,	0,	0,	0,	0,	0,	377,	0,	0),
(291254,	48,	15,	NULL,	25,	74,	0,	21,	0,	0,	0,	0,	0,	410,	0,	0),
(291255,	49,	15,	NULL,	12,	72,	0,	44,	0,	0,	0,	0,	0,	510,	0,	0),
(291256,	50,	15,	NULL,	25,	72,	0,	20,	0,	0,	0,	0,	0,	386,	0,	0),
(291257,	51,	15,	NULL,	25,	73,	0,	20,	0,	0,	0,	0,	0,	409,	0,	0),
(291258,	52,	15,	NULL,	25,	67,	0,	21,	0,	0,	0,	0,	0,	370,	0,	0),
(291259,	53,	15,	NULL,	25,	68,	0,	21,	0,	0,	0,	0,	0,	392,	0,	0),
(291260,	54,	15,	NULL,	12,	71,	0,	31,	0,	0,	0,	0,	0,	445,	0,	0),
(291261,	55,	15,	NULL,	25,	64,	0,	21,	0,	0,	0,	0,	0,	364,	0,	0),
(291262,	56,	15,	NULL,	25,	68,	0,	18,	0,	0,	0,	0,	0,	368,	0,	0),
(291263,	57,	15,	NULL,	25,	68,	0,	20,	0,	0,	0,	0,	0,	377,	0,	0),
(291264,	58,	15,	NULL,	12,	62,	0,	32,	0,	0,	0,	0,	0,	402,	0,	0),
(291265,	59,	15,	NULL,	12,	62,	0,	39,	0,	0,	0,	0,	0,	428,	0,	0),
(291266,	60,	15,	NULL,	12,	63,	0,	32,	0,	0,	0,	0,	0,	414,	0,	0),
(291267,	61,	15,	NULL,	12,	58,	0,	30,	0,	0,	0,	0,	0,	373,	0,	0),
(291268,	62,	15,	NULL,	12,	57,	0,	32,	0,	0,	0,	0,	0,	374,	0,	0),
(291269,	63,	15,	NULL,	21,	65,	0,	20,	0,	0,	0,	0,	0,	367,	0,	0),
(291270,	64,	15,	NULL,	12,	60,	0,	27,	0,	0,	0,	0,	0,	369,	0,	0),
(291271,	65,	15,	NULL,	12,	67,	0,	41,	0,	0,	0,	0,	0,	467,	0,	0),
(291272,	66,	15,	NULL,	12,	62,	0,	33,	0,	0,	0,	0,	0,	403,	0,	0),
(291273,	67,	15,	NULL,	12,	66,	0,	34,	0,	0,	0,	0,	0,	440,	0,	0),
(291274,	68,	15,	NULL,	12,	55,	0,	33,	0,	0,	0,	0,	0,	377,	0,	0),
(291275,	69,	15,	NULL,	25,	70,	0,	21,	0,	0,	0,	0,	0,	397,	0,	0),
(291276,	70,	15,	NULL,	12,	67,	0,	34,	0,	0,	0,	0,	0,	444,	0,	0),
(291277,	71,	15,	NULL,	12,	59,	0,	38,	0,	0,	0,	0,	0,	419,	0,	0),
(291278,	72,	15,	NULL,	12,	56,	0,	32,	0,	0,	0,	0,	0,	377,	0,	0),
(291279,	73,	15,	NULL,	25,	67,	0,	18,	0,	0,	0,	0,	0,	371,	0,	0),
(291280,	74,	15,	NULL,	12,	64,	0,	39,	0,	0,	0,	0,	0,	441,	0,	0),
(291281,	75,	15,	NULL,	25,	72,	0,	20,	0,	0,	0,	0,	0,	401,	0,	0),
(291282,	76,	15,	NULL,	25,	70,	0,	21,	0,	0,	0,	0,	0,	389,	0,	0),
(291283,	77,	15,	NULL,	25,	73,	0,	21,	0,	0,	0,	0,	0,	399,	0,	0),
(291284,	78,	15,	NULL,	25,	70,	0,	22,	0,	0,	0,	0,	0,	394,	0,	0),
(291285,	79,	15,	NULL,	12,	55,	0,	30,	0,	0,	0,	0,	0,	357,	0,	0),
(291286,	80,	15,	NULL,	25,	72,	0,	22,	0,	0,	0,	0,	0,	414,	0,	0),
(291287,	81,	15,	NULL,	12,	63,	0,	39,	0,	0,	0,	0,	0,	428,	0,	0),
(291288,	82,	15,	NULL,	12,	57,	0,	40,	0,	0,	0,	0,	0,	427,	0,	0),
(291289,	83,	15,	NULL,	25,	69,	0,	21,	0,	0,	0,	0,	0,	389,	0,	0),
(291290,	84,	15,	NULL,	12,	69,	0,	33,	0,	0,	0,	0,	0,	432,	0,	0),
(291291,	85,	15,	NULL,	12,	64,	0,	32,	0,	0,	0,	0,	0,	403,	0,	0),
(291292,	86,	15,	NULL,	12,	64,	0,	33,	0,	0,	0,	0,	0,	423,	0,	0),
(291293,	87,	15,	NULL,	12,	54,	0,	30,	0,	0,	0,	0,	0,	360,	0,	0),
(291294,	88,	15,	NULL,	12,	61,	0,	28,	0,	0,	0,	0,	0,	388,	0,	0),
(291295,	89,	15,	NULL,	12,	71,	0,	27,	0,	0,	0,	0,	0,	423,	0,	0),
(291296,	90,	15,	NULL,	12,	60,	0,	31,	0,	0,	0,	0,	0,	397,	0,	0),
(291297,	91,	15,	NULL,	12,	68,	0,	28,	0,	0,	0,	0,	0,	422,	0,	0),
(291298,	92,	15,	NULL,	12,	61,	0,	34,	0,	0,	0,	0,	0,	414,	0,	0),
(291299,	93,	15,	NULL,	12,	66,	0,	36,	0,	0,	0,	0,	0,	449,	0,	0),
(291300,	94,	15,	NULL,	12,	58,	0,	34,	0,	0,	0,	0,	0,	401,	0,	0),
(291301,	95,	15,	NULL,	12,	67,	0,	28,	0,	0,	0,	0,	0,	410,	0,	0),
(291302,	96,	15,	NULL,	12,	62,	0,	36,	0,	0,	0,	0,	0,	423,	0,	0),
(291303,	97,	15,	NULL,	12,	64,	0,	34,	0,	0,	0,	0,	0,	416,	0,	0),
(291304,	98,	15,	NULL,	12,	49,	0,	32,	0,	0,	0,	0,	0,	347,	0,	0),
(291305,	99,	15,	NULL,	25,	69,	0,	20,	0,	0,	0,	0,	0,	374,	0,	0),
(291306,	100,	15,	NULL,	12,	54,	0,	33,	0,	0,	0,	0,	0,	379,	0,	0),
(291307,	101,	15,	NULL,	12,	54,	0,	37,	0,	0,	0,	0,	0,	393,	0,	0),
(291308,	102,	15,	NULL,	25,	65,	0,	22,	0,	0,	0,	0,	0,	383,	0,	0),
(291309,	103,	15,	NULL,	25,	68,	0,	21,	0,	0,	0,	0,	0,	374,	0,	0),
(291310,	104,	15,	NULL,	25,	65,	0,	21,	0,	0,	0,	0,	0,	375,	0,	0),
(291311,	105,	15,	NULL,	25,	71,	0,	19,	0,	0,	0,	0,	0,	396,	0,	0),
(291312,	106,	15,	NULL,	25,	70,	0,	20,	0,	0,	0,	0,	0,	389,	0,	0),
(291313,	107,	15,	NULL,	12,	68,	0,	31,	0,	0,	0,	0,	0,	428,	0,	0),
(291314,	108,	15,	NULL,	25,	64,	0,	20,	0,	0,	0,	0,	0,	370,	0,	0),
(291315,	109,	15,	NULL,	25,	71,	0,	21,	0,	0,	0,	0,	0,	386,	0,	0),
(291316,	110,	15,	NULL,	25,	66,	0,	22,	0,	0,	0,	0,	0,	387,	0,	0),
(291317,	111,	15,	NULL,	25,	65,	0,	18,	0,	0,	0,	0,	0,	365,	0,	0),
(291318,	112,	15,	NULL,	25,	66,	0,	20,	0,	0,	0,	0,	0,	368,	0,	0),
(291319,	113,	15,	NULL,	12,	59,	0,	37,	0,	0,	0,	0,	0,	407,	0,	0),
(291320,	114,	15,	NULL,	25,	69,	0,	21,	0,	0,	0,	0,	0,	392,	0,	0),
(291321,	115,	15,	NULL,	25,	71,	0,	18,	0,	0,	0,	0,	0,	392,	0,	0),
(291322,	116,	15,	NULL,	25,	72,	0,	22,	0,	0,	0,	0,	0,	395,	0,	0),
(291323,	117,	15,	NULL,	12,	62,	0,	32,	0,	0,	0,	0,	0,	395,	0,	0),
(291324,	118,	15,	NULL,	12,	62,	0,	23,	0,	0,	0,	0,	0,	360,	0,	0),
(291325,	119,	15,	NULL,	12,	48,	0,	33,	0,	0,	0,	0,	0,	353,	0,	0),
(291326,	120,	15,	NULL,	25,	70,	0,	21,	0,	0,	0,	0,	0,	386,	0,	0),
(291327,	121,	15,	NULL,	25,	69,	0,	22,	0,	0,	0,	0,	0,	386,	0,	0),
(291328,	122,	15,	NULL,	25,	68,	0,	21,	0,	0,	0,	0,	0,	374,	0,	0),
(291329,	123,	15,	NULL,	25,	68,	0,	20,	0,	0,	0,	0,	0,	387,	0,	0),
(291330,	124,	15,	NULL,	12,	66,	0,	34,	0,	0,	0,	0,	0,	432,	0,	0),
(291331,	125,	15,	NULL,	12,	59,	0,	29,	0,	0,	0,	0,	0,	370,	0,	0),
(291332,	126,	15,	NULL,	12,	59,	0,	35,	0,	0,	0,	0,	0,	402,	0,	0),
(291333,	127,	15,	NULL,	12,	57,	0,	32,	0,	0,	0,	0,	0,	381,	0,	0),
(291334,	128,	15,	NULL,	25,	70,	0,	21,	0,	0,	0,	0,	0,	389,	0,	0),
(291335,	129,	15,	NULL,	12,	64,	0,	40,	0,	0,	0,	0,	0,	458,	0,	0),
(291336,	130,	15,	NULL,	12,	62,	0,	33,	0,	0,	0,	0,	0,	399,	0,	0),
(291337,	131,	15,	NULL,	25,	67,	0,	19,	0,	0,	0,	0,	0,	378,	0,	0),
(291338,	132,	15,	NULL,	25,	68,	0,	18,	0,	0,	0,	0,	0,	375,	0,	0),
(291339,	133,	15,	NULL,	12,	70,	0,	39,	0,	0,	0,	0,	0,	475,	0,	0),
(291340,	134,	15,	NULL,	25,	73,	0,	21,	0,	0,	0,	0,	0,	402,	0,	0),
(291341,	135,	15,	NULL,	12,	72,	0,	29,	0,	0,	0,	0,	0,	432,	0,	0),
(291342,	136,	15,	NULL,	25,	70,	0,	19,	0,	0,	0,	0,	0,	377,	0,	0),
(291343,	137,	15,	NULL,	25,	69,	0,	19,	0,	0,	0,	0,	0,	380,	0,	0),
(291344,	138,	15,	NULL,	12,	65,	0,	37,	0,	0,	0,	0,	0,	449,	0,	0),
(291345,	139,	15,	NULL,	12,	62,	0,	37,	0,	0,	0,	0,	0,	424,	0,	0),
(291346,	140,	15,	NULL,	25,	68,	0,	21,	0,	0,	0,	0,	0,	388,	0,	0),
(291347,	141,	15,	NULL,	12,	62,	0,	32,	0,	0,	0,	0,	0,	402,	0,	0),
(291348,	142,	15,	NULL,	25,	72,	0,	21,	0,	0,	0,	0,	0,	402,	0,	0),
(291349,	143,	15,	NULL,	25,	69,	0,	18,	0,	0,	0,	0,	0,	383,	0,	0),
(291350,	144,	15,	NULL,	12,	61,	0,	34,	0,	0,	0,	0,	0,	414,	0,	0),
(291351,	145,	15,	NULL,	25,	68,	0,	18,	0,	0,	0,	0,	0,	372,	0,	0),
(291352,	146,	15,	NULL,	25,	67,	0,	20,	0,	0,	0,	0,	0,	365,	0,	0),
(291353,	147,	15,	NULL,	25,	70,	0,	19,	0,	0,	0,	0,	0,	377,	0,	0),
(291354,	148,	15,	NULL,	12,	64,	0,	34,	0,	0,	0,	0,	0,	419,	0,	0),
(291355,	149,	15,	NULL,	12,	68,	0,	25,	0,	0,	0,	0,	0,	402,	0,	0),
(291356,	150,	15,	NULL,	25,	68,	0,	21,	0,	0,	0,	0,	0,	374,	0,	0),
(291507,	1,	11,	NULL,	12,	65,	0,	27,	0,	0,	0,	0,	0,	401,	0,	0),
(291508,	2,	11,	NULL,	12,	59,	0,	26,	0,	0,	0,	0,	0,	360,	0,	0),
(291509,	3,	11,	NULL,	12,	55,	0,	23,	0,	0,	0,	0,	0,	331,	0,	0),
(291510,	4,	11,	NULL,	12,	56,	0,	29,	0,	0,	0,	0,	0,	367,	0,	0),
(291511,	5,	11,	NULL,	12,	44,	0,	26,	0,	0,	0,	0,	0,	294,	0,	0),
(291512,	6,	11,	NULL,	12,	55,	0,	29,	0,	0,	0,	0,	0,	366,	0,	0),
(291513,	7,	11,	NULL,	12,	62,	0,	29,	0,	0,	0,	0,	0,	386,	0,	0),
(291514,	8,	11,	NULL,	12,	55,	0,	35,	0,	0,	0,	0,	0,	382,	0,	0),
(291515,	9,	11,	NULL,	12,	62,	0,	28,	0,	0,	0,	0,	0,	385,	0,	0),
(291516,	10,	11,	NULL,	12,	56,	0,	27,	0,	0,	0,	0,	0,	359,	0,	0),
(291517,	11,	11,	NULL,	12,	47,	0,	30,	0,	0,	0,	0,	0,	339,	0,	0),
(291518,	12,	11,	NULL,	12,	55,	0,	33,	0,	0,	0,	0,	0,	373,	0,	0),
(291519,	13,	11,	NULL,	12,	51,	0,	29,	0,	0,	0,	0,	0,	339,	0,	0),
(291520,	14,	11,	NULL,	12,	58,	0,	25,	0,	0,	0,	0,	0,	352,	0,	0),
(291521,	15,	11,	NULL,	12,	60,	0,	29,	0,	0,	0,	0,	0,	381,	0,	0),
(291522,	16,	11,	NULL,	12,	56,	0,	27,	0,	0,	0,	0,	0,	359,	0,	0),
(291523,	17,	11,	NULL,	12,	41,	0,	32,	0,	0,	0,	0,	0,	315,	0,	0),
(291524,	18,	11,	NULL,	12,	59,	0,	25,	0,	0,	0,	0,	0,	356,	0,	0),
(291525,	19,	11,	NULL,	12,	67,	0,	31,	0,	0,	0,	0,	0,	431,	0,	0),
(291526,	20,	11,	NULL,	12,	49,	0,	28,	0,	0,	0,	0,	0,	330,	0,	0),
(291527,	21,	11,	NULL,	12,	61,	0,	31,	0,	0,	0,	0,	0,	390,	0,	0),
(291528,	22,	11,	NULL,	12,	60,	0,	35,	0,	0,	0,	0,	0,	403,	0,	0),
(291529,	23,	11,	NULL,	12,	60,	0,	29,	0,	0,	0,	0,	0,	384,	0,	0),
(291530,	24,	11,	NULL,	12,	50,	0,	28,	0,	0,	0,	0,	0,	328,	0,	0),
(291531,	25,	11,	NULL,	12,	56,	0,	29,	0,	0,	0,	0,	0,	367,	0,	0),
(291532,	26,	11,	NULL,	12,	46,	0,	27,	0,	0,	0,	0,	0,	318,	0,	0),
(291533,	27,	11,	NULL,	12,	66,	0,	34,	0,	0,	0,	0,	0,	436,	0,	0),
(291534,	28,	11,	NULL,	12,	52,	0,	30,	0,	0,	0,	0,	0,	361,	0,	0),
(291535,	29,	11,	NULL,	12,	64,	0,	28,	0,	0,	0,	0,	0,	397,	0,	0),
(291536,	30,	11,	NULL,	12,	64,	0,	26,	0,	0,	0,	0,	0,	382,	0,	0),
(291537,	31,	11,	NULL,	12,	58,	0,	30,	0,	0,	0,	0,	0,	387,	0,	0),
(291538,	32,	11,	NULL,	12,	55,	0,	26,	0,	0,	0,	0,	0,	343,	0,	0),
(291539,	33,	11,	NULL,	12,	47,	0,	29,	0,	0,	0,	0,	0,	319,	0,	0),
(291540,	34,	11,	NULL,	12,	61,	0,	32,	0,	0,	0,	0,	0,	409,	0,	0),
(291541,	35,	11,	NULL,	12,	63,	0,	30,	0,	0,	0,	0,	0,	394,	0,	0),
(291542,	36,	11,	NULL,	12,	50,	0,	29,	0,	0,	0,	0,	0,	344,	0,	0),
(291543,	37,	11,	NULL,	12,	61,	0,	30,	0,	0,	0,	0,	0,	397,	0,	0),
(291544,	38,	11,	NULL,	12,	57,	0,	24,	0,	0,	0,	0,	0,	350,	0,	0),
(291545,	39,	11,	NULL,	12,	53,	0,	28,	0,	0,	0,	0,	0,	347,	0,	0),
(291546,	40,	11,	NULL,	12,	62,	0,	25,	0,	0,	0,	0,	0,	376,	0,	0),
(291547,	41,	11,	NULL,	12,	62,	0,	32,	0,	0,	0,	0,	0,	395,	0,	0),
(291548,	42,	11,	NULL,	12,	65,	0,	24,	0,	0,	0,	0,	0,	384,	0,	0),
(291549,	43,	11,	NULL,	12,	58,	0,	30,	0,	0,	0,	0,	0,	384,	0,	0),
(291550,	44,	11,	NULL,	12,	49,	0,	27,	0,	0,	0,	0,	0,	331,	0,	0),
(291551,	45,	11,	NULL,	12,	59,	0,	26,	0,	0,	0,	0,	0,	371,	0,	0),
(291552,	46,	11,	NULL,	12,	44,	0,	31,	0,	0,	0,	0,	0,	324,	0,	0),
(291553,	47,	11,	NULL,	12,	64,	0,	26,	0,	0,	0,	0,	0,	378,	0,	0),
(291554,	48,	11,	NULL,	12,	55,	0,	28,	0,	0,	0,	0,	0,	359,	0,	0),
(291555,	49,	11,	NULL,	12,	61,	0,	28,	0,	0,	0,	0,	0,	374,	0,	0),
(291556,	50,	11,	NULL,	12,	48,	0,	28,	0,	0,	0,	0,	0,	334,	0,	0),
(291557,	51,	11,	NULL,	12,	59,	0,	33,	0,	0,	0,	0,	0,	390,	0,	0),
(291558,	52,	11,	NULL,	15,	54,	0,	26,	0,	0,	0,	0,	0,	336,	0,	0),
(291559,	53,	11,	NULL,	15,	63,	0,	27,	0,	0,	0,	0,	0,	389,	0,	0),
(291560,	54,	11,	NULL,	15,	58,	0,	26,	0,	0,	0,	0,	0,	366,	0,	0),
(291561,	55,	11,	NULL,	12,	57,	0,	35,	0,	0,	0,	0,	0,	394,	0,	0),
(291562,	56,	11,	NULL,	12,	53,	0,	31,	0,	0,	0,	0,	0,	360,	0,	0),
(291563,	57,	11,	NULL,	12,	52,	0,	25,	0,	0,	0,	0,	0,	330,	0,	0),
(291564,	58,	11,	NULL,	12,	64,	0,	32,	0,	0,	0,	0,	0,	415,	0,	0),
(291565,	59,	11,	NULL,	12,	69,	0,	30,	0,	0,	0,	0,	0,	420,	0,	0),
(291566,	60,	11,	NULL,	12,	50,	0,	34,	0,	0,	0,	0,	0,	366,	0,	0),
(291567,	61,	11,	NULL,	12,	60,	0,	28,	0,	0,	0,	0,	0,	373,	0,	0),
(291568,	62,	11,	NULL,	12,	57,	0,	27,	0,	0,	0,	0,	0,	363,	0,	0),
(291569,	63,	11,	NULL,	12,	58,	0,	30,	0,	0,	0,	0,	0,	384,	0,	0),
(291570,	64,	11,	NULL,	12,	60,	0,	29,	0,	0,	0,	0,	0,	388,	0,	0),
(291571,	65,	11,	NULL,	12,	47,	0,	26,	0,	0,	0,	0,	0,	321,	0,	0),
(291572,	66,	11,	NULL,	12,	55,	0,	28,	0,	0,	0,	0,	0,	365,	0,	0),
(291573,	67,	11,	NULL,	12,	58,	0,	33,	0,	0,	0,	0,	0,	386,	0,	0),
(291574,	68,	11,	NULL,	12,	47,	0,	33,	0,	0,	0,	0,	0,	342,	0,	0),
(291575,	69,	11,	NULL,	12,	44,	0,	32,	0,	0,	0,	0,	0,	328,	0,	0),
(291576,	70,	11,	NULL,	12,	51,	0,	32,	0,	0,	0,	0,	0,	359,	0,	0),
(291577,	71,	11,	NULL,	12,	60,	0,	28,	0,	0,	0,	0,	0,	387,	0,	0),
(291578,	72,	11,	NULL,	12,	48,	0,	29,	0,	0,	0,	0,	0,	339,	0,	0),
(291579,	73,	11,	NULL,	12,	57,	0,	28,	0,	0,	0,	0,	0,	360,	0,	0),
(291580,	74,	11,	NULL,	12,	64,	0,	35,	0,	0,	0,	0,	0,	424,	0,	0),
(291581,	75,	11,	NULL,	12,	54,	0,	26,	0,	0,	0,	0,	0,	339,	0,	0),
(291582,	76,	11,	NULL,	20,	56,	0,	19,	0,	0,	0,	0,	0,	321,	0,	0),
(291583,	77,	11,	NULL,	20,	59,	0,	20,	0,	0,	0,	0,	0,	335,	0,	0),
(291584,	78,	11,	NULL,	15,	56,	0,	24,	0,	0,	0,	0,	0,	349,	0,	0),
(291585,	79,	11,	NULL,	15,	56,	0,	23,	0,	0,	0,	0,	0,	341,	0,	0),
(291586,	80,	11,	NULL,	12,	43,	0,	31,	0,	0,	0,	0,	0,	314,	0,	0),
(291587,	81,	11,	NULL,	15,	51,	0,	29,	0,	0,	0,	0,	0,	346,	0,	0),
(291588,	82,	11,	NULL,	15,	50,	0,	25,	0,	0,	0,	0,	0,	324,	0,	0),
(291589,	83,	11,	NULL,	12,	36,	0,	28,	0,	0,	0,	0,	0,	276,	0,	0),
(291590,	84,	11,	NULL,	12,	66,	0,	22,	0,	0,	0,	0,	0,	387,	0,	0),
(291591,	85,	11,	NULL,	12,	51,	0,	25,	0,	0,	0,	0,	0,	322,	0,	0),
(291592,	86,	11,	NULL,	15,	59,	0,	23,	0,	0,	0,	0,	0,	361,	0,	0),
(291593,	87,	11,	NULL,	12,	41,	0,	25,	0,	0,	0,	0,	0,	285,	0,	0),
(291594,	88,	11,	NULL,	12,	57,	0,	27,	0,	0,	0,	0,	0,	360,	0,	0),
(291595,	89,	11,	NULL,	12,	52,	0,	27,	0,	0,	0,	0,	0,	338,	0,	0),
(291596,	90,	11,	NULL,	12,	63,	0,	29,	0,	0,	0,	0,	0,	394,	0,	0),
(291597,	91,	11,	NULL,	12,	50,	0,	31,	0,	0,	0,	0,	0,	347,	0,	0),
(291598,	92,	11,	NULL,	12,	55,	0,	32,	0,	0,	0,	0,	0,	376,	0,	0),
(291599,	93,	11,	NULL,	12,	59,	0,	32,	0,	0,	0,	0,	0,	386,	0,	0),
(291600,	94,	11,	NULL,	12,	55,	0,	29,	0,	0,	0,	0,	0,	363,	0,	0),
(291601,	95,	11,	NULL,	12,	56,	0,	26,	0,	0,	0,	0,	0,	361,	0,	0),
(291602,	96,	11,	NULL,	12,	57,	0,	27,	0,	0,	0,	0,	0,	366,	0,	0),
(291603,	97,	11,	NULL,	12,	53,	0,	24,	0,	0,	0,	0,	0,	333,	0,	0),
(291604,	98,	11,	NULL,	12,	59,	0,	33,	0,	0,	0,	0,	0,	405,	0,	0),
(291605,	99,	11,	NULL,	12,	43,	0,	32,	0,	0,	0,	0,	0,	324,	0,	0),
(291606,	100,	11,	NULL,	12,	52,	0,	25,	0,	0,	0,	0,	0,	326,	0,	0),
(291607,	101,	11,	NULL,	12,	60,	0,	29,	0,	0,	0,	0,	0,	384,	0,	0),
(291608,	102,	11,	NULL,	20,	59,	0,	18,	0,	0,	0,	0,	0,	339,	0,	0),
(291609,	103,	11,	NULL,	20,	56,	0,	19,	0,	0,	0,	0,	0,	318,	0,	0),
(291610,	104,	11,	NULL,	20,	57,	0,	15,	0,	0,	0,	0,	0,	308,	0,	0),
(291611,	105,	11,	NULL,	20,	53,	0,	19,	0,	0,	0,	0,	0,	308,	0,	0),
(291612,	106,	11,	NULL,	20,	55,	0,	18,	0,	0,	0,	0,	0,	321,	0,	0),
(291613,	107,	11,	NULL,	12,	48,	0,	29,	0,	0,	0,	0,	0,	326,	0,	0),
(291614,	108,	11,	NULL,	12,	54,	0,	27,	0,	0,	0,	0,	0,	353,	0,	0),
(291615,	109,	11,	NULL,	12,	60,	0,	29,	0,	0,	0,	0,	0,	381,	0,	0),
(291616,	110,	11,	NULL,	12,	61,	0,	29,	0,	0,	0,	0,	0,	382,	0,	0),
(291617,	111,	11,	NULL,	12,	56,	0,	28,	0,	0,	0,	0,	0,	353,	0,	0),
(291618,	112,	11,	NULL,	12,	49,	0,	24,	0,	0,	0,	0,	0,	315,	0,	0),
(291619,	113,	11,	NULL,	12,	55,	0,	26,	0,	0,	0,	0,	0,	347,	0,	0),
(291620,	114,	11,	NULL,	12,	49,	0,	25,	0,	0,	0,	0,	0,	311,	0,	0),
(291621,	115,	11,	NULL,	12,	50,	0,	31,	0,	0,	0,	0,	0,	340,	0,	0),
(291622,	116,	11,	NULL,	12,	50,	0,	27,	0,	0,	0,	0,	0,	333,	0,	0),
(291623,	117,	11,	NULL,	12,	58,	0,	34,	0,	0,	0,	0,	0,	394,	0,	0),
(291624,	118,	11,	NULL,	12,	60,	0,	31,	0,	0,	0,	0,	0,	393,	0,	0),
(291625,	119,	11,	NULL,	12,	47,	0,	29,	0,	0,	0,	0,	0,	322,	0,	0),
(291626,	120,	11,	NULL,	12,	61,	0,	25,	0,	0,	0,	0,	0,	372,	0,	0),
(291627,	121,	11,	NULL,	12,	64,	0,	30,	0,	0,	0,	0,	0,	406,	0,	0),
(291628,	122,	11,	NULL,	12,	53,	0,	28,	0,	0,	0,	0,	0,	353,	0,	0),
(291629,	123,	11,	NULL,	20,	53,	0,	18,	0,	0,	0,	0,	0,	304,	0,	0),
(291630,	124,	11,	NULL,	20,	51,	0,	19,	0,	0,	0,	0,	0,	297,	0,	0),
(291631,	125,	11,	NULL,	20,	53,	0,	17,	0,	0,	0,	0,	0,	308,	0,	0),
(291632,	126,	11,	NULL,	12,	51,	0,	33,	0,	0,	0,	0,	0,	363,	0,	0),
(291633,	127,	11,	NULL,	12,	42,	0,	27,	0,	0,	0,	0,	0,	298,	0,	0),
(291634,	128,	11,	NULL,	12,	55,	0,	27,	0,	0,	0,	0,	0,	344,	0,	0),
(291635,	129,	11,	NULL,	12,	51,	0,	28,	0,	0,	0,	0,	0,	344,	0,	0),
(291636,	130,	11,	NULL,	12,	53,	0,	28,	0,	0,	0,	0,	0,	347,	0,	0),
(291637,	131,	11,	NULL,	20,	62,	0,	20,	0,	0,	0,	0,	0,	351,	0,	0),
(291638,	132,	11,	NULL,	12,	54,	0,	28,	0,	0,	0,	0,	0,	348,	0,	0),
(291639,	133,	11,	NULL,	20,	52,	0,	19,	0,	0,	0,	0,	0,	312,	0,	0),
(291640,	134,	11,	NULL,	20,	54,	0,	18,	0,	0,	0,	0,	0,	308,	0,	0),
(291641,	135,	11,	NULL,	12,	71,	0,	26,	0,	0,	0,	0,	0,	411,	0,	0),
(291642,	136,	11,	NULL,	20,	62,	0,	20,	0,	0,	0,	0,	0,	358,	0,	0),
(291643,	137,	11,	NULL,	12,	55,	0,	26,	0,	0,	0,	0,	0,	350,	0,	0),
(291644,	138,	11,	NULL,	20,	62,	0,	18,	0,	0,	0,	0,	0,	346,	0,	0),
(291645,	139,	11,	NULL,	15,	59,	0,	22,	0,	0,	0,	0,	0,	356,	0,	0),
(291646,	140,	11,	NULL,	20,	58,	0,	17,	0,	0,	0,	0,	0,	318,	0,	0),
(291647,	141,	11,	NULL,	12,	56,	0,	28,	0,	0,	0,	0,	0,	366,	0,	0),
(291648,	142,	11,	NULL,	12,	62,	0,	31,	0,	0,	0,	0,	0,	391,	0,	0),
(291649,	143,	11,	NULL,	12,	62,	0,	35,	0,	0,	0,	0,	0,	423,	0,	0),
(291650,	144,	11,	NULL,	12,	47,	0,	25,	0,	0,	0,	0,	0,	308,	0,	0),
(291651,	145,	11,	NULL,	12,	60,	0,	24,	0,	0,	0,	0,	0,	363,	0,	0),
(291652,	146,	11,	NULL,	12,	48,	0,	25,	0,	0,	0,	0,	0,	307,	0,	0),
(291653,	147,	11,	NULL,	12,	61,	0,	23,	0,	0,	0,	0,	0,	356,	0,	0),
(291654,	148,	11,	NULL,	12,	53,	0,	29,	0,	0,	0,	0,	0,	351,	0,	0),
(291655,	149,	11,	NULL,	12,	55,	0,	34,	0,	0,	0,	0,	0,	381,	0,	0),
(291656,	150,	11,	NULL,	12,	61,	0,	25,	0,	0,	0,	0,	0,	361,	0,	0),
(291957,	1,	9,	NULL,	12,	34,	0,	20,	0,	0,	0,	0,	0,	233,	0,	0),
(291958,	2,	9,	NULL,	12,	42,	0,	23,	0,	0,	0,	0,	0,	286,	0,	0),
(291959,	3,	9,	NULL,	12,	46,	0,	19,	0,	0,	0,	0,	0,	283,	0,	0),
(291960,	4,	9,	NULL,	12,	45,	0,	21,	0,	0,	0,	0,	0,	285,	0,	0),
(291961,	5,	9,	NULL,	12,	46,	0,	24,	0,	0,	0,	0,	0,	294,	0,	0),
(291962,	6,	9,	NULL,	12,	39,	0,	24,	0,	0,	0,	0,	0,	265,	0,	0),
(291963,	7,	9,	NULL,	12,	45,	0,	23,	0,	0,	0,	0,	0,	296,	0,	0),
(291964,	8,	9,	NULL,	12,	42,	0,	23,	0,	0,	0,	0,	0,	283,	0,	0),
(291965,	9,	9,	NULL,	12,	36,	0,	25,	0,	0,	0,	0,	0,	268,	0,	0),
(291966,	10,	9,	NULL,	12,	45,	0,	19,	0,	0,	0,	0,	0,	282,	0,	0),
(291967,	11,	9,	NULL,	12,	34,	0,	27,	0,	0,	0,	0,	0,	266,	0,	0),
(291968,	12,	9,	NULL,	12,	40,	0,	18,	0,	0,	0,	0,	0,	251,	0,	0),
(291969,	13,	9,	NULL,	12,	52,	0,	23,	0,	0,	0,	0,	0,	321,	0,	0),
(291970,	14,	9,	NULL,	12,	39,	0,	24,	0,	0,	0,	0,	0,	267,	0,	0),
(291971,	15,	9,	NULL,	12,	41,	0,	14,	0,	0,	0,	0,	0,	235,	0,	0),
(291972,	16,	9,	NULL,	12,	44,	0,	20,	0,	0,	0,	0,	0,	269,	0,	0),
(291973,	17,	9,	NULL,	12,	43,	0,	23,	0,	0,	0,	0,	0,	280,	0,	0),
(291974,	18,	9,	NULL,	12,	41,	0,	21,	0,	0,	0,	0,	0,	263,	0,	0),
(291975,	19,	9,	NULL,	12,	47,	0,	25,	0,	0,	0,	0,	0,	305,	0,	0),
(291976,	20,	9,	NULL,	12,	40,	0,	26,	0,	0,	0,	0,	0,	280,	0,	0),
(291977,	21,	9,	NULL,	12,	33,	0,	24,	0,	0,	0,	0,	0,	244,	0,	0),
(291978,	22,	9,	NULL,	12,	50,	0,	18,	0,	0,	0,	0,	0,	296,	0,	0),
(291979,	23,	9,	NULL,	12,	44,	0,	22,	0,	0,	0,	0,	0,	290,	0,	0),
(291980,	24,	9,	NULL,	12,	38,	0,	17,	0,	0,	0,	0,	0,	235,	0,	0),
(291981,	25,	9,	NULL,	12,	38,	0,	23,	0,	0,	0,	0,	0,	256,	0,	0),
(291982,	26,	9,	NULL,	12,	31,	0,	21,	0,	0,	0,	0,	0,	218,	0,	0),
(291983,	27,	9,	NULL,	12,	41,	0,	22,	0,	0,	0,	0,	0,	275,	0,	0),
(291984,	28,	9,	NULL,	12,	46,	0,	20,	0,	0,	0,	0,	0,	282,	0,	0),
(291985,	29,	9,	NULL,	12,	42,	0,	21,	0,	0,	0,	0,	0,	277,	0,	0),
(291986,	30,	9,	NULL,	12,	47,	0,	17,	0,	0,	0,	0,	0,	274,	0,	0),
(291987,	31,	9,	NULL,	12,	40,	0,	16,	0,	0,	0,	0,	0,	246,	0,	0),
(291988,	32,	9,	NULL,	12,	47,	0,	18,	0,	0,	0,	0,	0,	283,	0,	0),
(291989,	33,	9,	NULL,	12,	35,	0,	20,	0,	0,	0,	0,	0,	235,	0,	0),
(291990,	34,	9,	NULL,	12,	45,	0,	21,	0,	0,	0,	0,	0,	288,	0,	0),
(291991,	35,	9,	NULL,	12,	41,	0,	21,	0,	0,	0,	0,	0,	263,	0,	0),
(291992,	36,	9,	NULL,	12,	45,	0,	22,	0,	0,	0,	0,	0,	287,	0,	0),
(291993,	37,	9,	NULL,	12,	45,	0,	24,	0,	0,	0,	0,	0,	295,	0,	0),
(291994,	38,	9,	NULL,	12,	32,	0,	19,	0,	0,	0,	0,	0,	214,	0,	0),
(291995,	39,	9,	NULL,	12,	34,	0,	21,	0,	0,	0,	0,	0,	242,	0,	0),
(291996,	40,	9,	NULL,	12,	48,	0,	19,	0,	0,	0,	0,	0,	295,	0,	0),
(291997,	41,	9,	NULL,	12,	45,	0,	17,	0,	0,	0,	0,	0,	273,	0,	0),
(291998,	42,	9,	NULL,	12,	29,	0,	19,	0,	0,	0,	0,	0,	207,	0,	0),
(291999,	43,	9,	NULL,	12,	41,	0,	25,	0,	0,	0,	0,	0,	282,	0,	0),
(292000,	44,	9,	NULL,	12,	32,	0,	21,	0,	0,	0,	0,	0,	223,	0,	0),
(292001,	45,	9,	NULL,	12,	49,	0,	22,	0,	0,	0,	0,	0,	298,	0,	0),
(292002,	46,	9,	NULL,	12,	45,	0,	25,	0,	0,	0,	0,	0,	302,	0,	0),
(292003,	47,	9,	NULL,	12,	40,	0,	19,	0,	0,	0,	0,	0,	250,	0,	0),
(292004,	48,	9,	NULL,	12,	35,	0,	19,	0,	0,	0,	0,	0,	227,	0,	0),
(292005,	49,	9,	NULL,	12,	46,	0,	20,	0,	0,	0,	0,	0,	288,	0,	0),
(292006,	50,	9,	NULL,	12,	42,	0,	24,	0,	0,	0,	0,	0,	282,	0,	0),
(292007,	51,	9,	NULL,	12,	36,	0,	22,	0,	0,	0,	0,	0,	255,	0,	0),
(292008,	52,	9,	NULL,	12,	37,	0,	23,	0,	0,	0,	0,	0,	264,	0,	0),
(292009,	53,	9,	NULL,	12,	43,	0,	19,	0,	0,	0,	0,	0,	265,	0,	0),
(292010,	54,	9,	NULL,	12,	50,	0,	20,	0,	0,	0,	0,	0,	300,	0,	0),
(292011,	55,	9,	NULL,	12,	48,	0,	19,	0,	0,	0,	0,	0,	295,	0,	0),
(292012,	56,	9,	NULL,	12,	44,	0,	20,	0,	0,	0,	0,	0,	274,	0,	0),
(292013,	57,	9,	NULL,	12,	41,	0,	24,	0,	0,	0,	0,	0,	273,	0,	0),
(292014,	58,	9,	NULL,	12,	49,	0,	13,	0,	0,	0,	0,	0,	263,	0,	0),
(292015,	59,	9,	NULL,	12,	38,	0,	24,	0,	0,	0,	0,	0,	263,	0,	0),
(292016,	60,	9,	NULL,	12,	41,	0,	17,	0,	0,	0,	0,	0,	253,	0,	0),
(292017,	61,	9,	NULL,	12,	51,	0,	25,	0,	0,	0,	0,	0,	325,	0,	0),
(292018,	62,	9,	NULL,	12,	44,	0,	24,	0,	0,	0,	0,	0,	291,	0,	0),
(292019,	63,	9,	NULL,	12,	42,	0,	16,	0,	0,	0,	0,	0,	246,	0,	0),
(292020,	64,	9,	NULL,	12,	40,	0,	21,	0,	0,	0,	0,	0,	266,	0,	0),
(292021,	65,	9,	NULL,	12,	46,	0,	24,	0,	0,	0,	0,	0,	308,	0,	0),
(292022,	66,	9,	NULL,	12,	34,	0,	24,	0,	0,	0,	0,	0,	244,	0,	0),
(292023,	67,	9,	NULL,	12,	45,	0,	19,	0,	0,	0,	0,	0,	276,	0,	0),
(292024,	68,	9,	NULL,	12,	42,	0,	25,	0,	0,	0,	0,	0,	292,	0,	0),
(292025,	69,	9,	NULL,	12,	47,	0,	20,	0,	0,	0,	0,	0,	292,	0,	0),
(292026,	70,	9,	NULL,	12,	45,	0,	21,	0,	0,	0,	0,	0,	277,	0,	0),
(292027,	71,	9,	NULL,	12,	38,	0,	22,	0,	0,	0,	0,	0,	254,	0,	0),
(292028,	72,	9,	NULL,	16,	38,	0,	15,	0,	0,	0,	0,	0,	229,	0,	0),
(292029,	73,	9,	NULL,	16,	46,	0,	14,	0,	0,	0,	0,	0,	264,	0,	0),
(292030,	74,	9,	NULL,	16,	42,	0,	13,	0,	0,	0,	0,	0,	231,	0,	0),
(292031,	75,	9,	NULL,	12,	39,	0,	18,	0,	0,	0,	0,	0,	244,	0,	0),
(292032,	76,	9,	NULL,	12,	43,	0,	23,	0,	0,	0,	0,	0,	290,	0,	0),
(292033,	77,	9,	NULL,	12,	31,	0,	22,	0,	0,	0,	0,	0,	229,	0,	0),
(292034,	78,	9,	NULL,	12,	38,	0,	21,	0,	0,	0,	0,	0,	255,	0,	0),
(292035,	79,	9,	NULL,	12,	51,	0,	18,	0,	0,	0,	0,	0,	295,	0,	0),
(292036,	80,	9,	NULL,	12,	39,	0,	21,	0,	0,	0,	0,	0,	252,	0,	0),
(292037,	81,	9,	NULL,	12,	39,	0,	17,	0,	0,	0,	0,	0,	244,	0,	0),
(292038,	82,	9,	NULL,	12,	46,	0,	22,	0,	0,	0,	0,	0,	288,	0,	0),
(292039,	83,	9,	NULL,	12,	44,	0,	23,	0,	0,	0,	0,	0,	289,	0,	0),
(292040,	84,	9,	NULL,	12,	41,	0,	20,	0,	0,	0,	0,	0,	259,	0,	0),
(292041,	85,	9,	NULL,	12,	40,	0,	21,	0,	0,	0,	0,	0,	268,	0,	0),
(292042,	86,	9,	NULL,	12,	44,	0,	23,	0,	0,	0,	0,	0,	289,	0,	0),
(292043,	87,	9,	NULL,	12,	44,	0,	19,	0,	0,	0,	0,	0,	265,	0,	0),
(292044,	88,	9,	NULL,	12,	39,	0,	19,	0,	0,	0,	0,	0,	255,	0,	0),
(292045,	89,	9,	NULL,	12,	41,	0,	17,	0,	0,	0,	0,	0,	253,	0,	0),
(292046,	90,	9,	NULL,	12,	43,	0,	20,	0,	0,	0,	0,	0,	270,	0,	0),
(292047,	91,	9,	NULL,	12,	41,	0,	21,	0,	0,	0,	0,	0,	270,	0,	0),
(292048,	92,	9,	NULL,	12,	41,	0,	20,	0,	0,	0,	0,	0,	256,	0,	0),
(292049,	93,	9,	NULL,	12,	38,	0,	19,	0,	0,	0,	0,	0,	242,	0,	0),
(292050,	94,	9,	NULL,	12,	46,	0,	22,	0,	0,	0,	0,	0,	294,	0,	0),
(292051,	95,	9,	NULL,	12,	43,	0,	21,	0,	0,	0,	0,	0,	269,	0,	0),
(292052,	96,	9,	NULL,	12,	40,	0,	20,	0,	0,	0,	0,	0,	262,	0,	0),
(292053,	97,	9,	NULL,	12,	40,	0,	23,	0,	0,	0,	0,	0,	270,	0,	0),
(292054,	98,	9,	NULL,	12,	48,	0,	20,	0,	0,	0,	0,	0,	299,	0,	0),
(292055,	99,	9,	NULL,	12,	37,	0,	22,	0,	0,	0,	0,	0,	248,	0,	0),
(292056,	100,	9,	NULL,	12,	35,	0,	20,	0,	0,	0,	0,	0,	238,	0,	0),
(292057,	101,	9,	NULL,	12,	34,	0,	21,	0,	0,	0,	0,	0,	231,	0,	0),
(292058,	102,	9,	NULL,	12,	41,	0,	20,	0,	0,	0,	0,	0,	256,	0,	0),
(292059,	103,	9,	NULL,	12,	44,	0,	20,	0,	0,	0,	0,	0,	269,	0,	0),
(292060,	104,	9,	NULL,	12,	45,	0,	22,	0,	0,	0,	0,	0,	292,	0,	0),
(292061,	105,	9,	NULL,	12,	34,	0,	21,	0,	0,	0,	0,	0,	240,	0,	0),
(292062,	106,	9,	NULL,	12,	41,	0,	19,	0,	0,	0,	0,	0,	262,	0,	0),
(292063,	107,	9,	NULL,	12,	46,	0,	18,	0,	0,	0,	0,	0,	274,	0,	0),
(292064,	108,	9,	NULL,	12,	39,	0,	21,	0,	0,	0,	0,	0,	259,	0,	0),
(292065,	109,	9,	NULL,	12,	35,	0,	20,	0,	0,	0,	0,	0,	231,	0,	0),
(292066,	110,	9,	NULL,	12,	40,	0,	22,	0,	0,	0,	0,	0,	273,	0,	0),
(292067,	111,	9,	NULL,	12,	43,	0,	22,	0,	0,	0,	0,	0,	286,	0,	0),
(292068,	112,	9,	NULL,	12,	37,	0,	22,	0,	0,	0,	0,	0,	255,	0,	0),
(292069,	113,	9,	NULL,	12,	43,	0,	20,	0,	0,	0,	0,	0,	270,	0,	0),
(292070,	114,	9,	NULL,	12,	51,	0,	22,	0,	0,	0,	0,	0,	312,	0,	0),
(292071,	115,	9,	NULL,	12,	39,	0,	21,	0,	0,	0,	0,	0,	259,	0,	0),
(292072,	116,	9,	NULL,	12,	42,	0,	26,	0,	0,	0,	0,	0,	296,	0,	0),
(292073,	117,	9,	NULL,	12,	44,	0,	19,	0,	0,	0,	0,	0,	277,	0,	0),
(292074,	118,	9,	NULL,	12,	33,	0,	20,	0,	0,	0,	0,	0,	231,	0,	0),
(292075,	119,	9,	NULL,	12,	50,	0,	19,	0,	0,	0,	0,	0,	301,	0,	0),
(292076,	120,	9,	NULL,	12,	36,	0,	24,	0,	0,	0,	0,	0,	264,	0,	0),
(292077,	121,	9,	NULL,	12,	48,	0,	20,	0,	0,	0,	0,	0,	296,	0,	0),
(292078,	122,	9,	NULL,	12,	39,	0,	23,	0,	0,	0,	0,	0,	263,	0,	0),
(292079,	123,	9,	NULL,	12,	36,	0,	21,	0,	0,	0,	0,	0,	244,	0,	0),
(292080,	124,	9,	NULL,	12,	43,	0,	25,	0,	0,	0,	0,	0,	286,	0,	0),
(292081,	125,	9,	NULL,	12,	47,	0,	18,	0,	0,	0,	0,	0,	273,	0,	0),
(292082,	126,	9,	NULL,	12,	44,	0,	22,	0,	0,	0,	0,	0,	277,	0,	0),
(292083,	127,	9,	NULL,	12,	46,	0,	24,	0,	0,	0,	0,	0,	300,	0,	0),
(292084,	128,	9,	NULL,	12,	47,	0,	21,	0,	0,	0,	0,	0,	288,	0,	0),
(292085,	129,	9,	NULL,	12,	36,	0,	23,	0,	0,	0,	0,	0,	248,	0,	0),
(292086,	130,	9,	NULL,	12,	46,	0,	21,	0,	0,	0,	0,	0,	295,	0,	0),
(292087,	131,	9,	NULL,	12,	36,	0,	23,	0,	0,	0,	0,	0,	255,	0,	0),
(292088,	132,	9,	NULL,	12,	42,	0,	21,	0,	0,	0,	0,	0,	275,	0,	0),
(292089,	133,	9,	NULL,	12,	35,	0,	20,	0,	0,	0,	0,	0,	240,	0,	0),
(292090,	134,	9,	NULL,	12,	38,	0,	22,	0,	0,	0,	0,	0,	264,	0,	0),
(292091,	135,	9,	NULL,	12,	43,	0,	15,	0,	0,	0,	0,	0,	244,	0,	0),
(292092,	136,	9,	NULL,	12,	40,	0,	19,	0,	0,	0,	0,	0,	248,	0,	0),
(292093,	137,	9,	NULL,	12,	45,	0,	21,	0,	0,	0,	0,	0,	282,	0,	0),
(292094,	138,	9,	NULL,	16,	38,	0,	14,	0,	0,	0,	0,	0,	227,	0,	0),
(292095,	139,	9,	NULL,	16,	43,	0,	13,	0,	0,	0,	0,	0,	240,	0,	0),
(292096,	140,	9,	NULL,	16,	45,	0,	16,	0,	0,	0,	0,	0,	256,	0,	0),
(292097,	141,	9,	NULL,	12,	46,	0,	20,	0,	0,	0,	0,	0,	290,	0,	0),
(292098,	142,	9,	NULL,	12,	41,	0,	21,	0,	0,	0,	0,	0,	273,	0,	0),
(292099,	143,	9,	NULL,	12,	39,	0,	19,	0,	0,	0,	0,	0,	251,	0,	0),
(292100,	144,	9,	NULL,	12,	43,	0,	18,	0,	0,	0,	0,	0,	268,	0,	0),
(292101,	145,	9,	NULL,	12,	44,	0,	20,	0,	0,	0,	0,	0,	274,	0,	0),
(292102,	146,	9,	NULL,	12,	31,	0,	25,	0,	0,	0,	0,	0,	237,	0,	0),
(292103,	147,	9,	NULL,	12,	43,	0,	16,	0,	0,	0,	0,	0,	257,	0,	0),
(292104,	148,	9,	NULL,	12,	52,	0,	17,	0,	0,	0,	0,	0,	304,	0,	0),
(292105,	149,	9,	NULL,	12,	41,	0,	18,	0,	0,	0,	0,	0,	255,	0,	0),
(292106,	150,	9,	NULL,	12,	36,	0,	22,	0,	0,	0,	0,	0,	244,	0,	0),
(292107,	1,	18,	NULL,	12,	49,	0,	21,	0,	0,	0,	0,	0,	305,	0,	0),
(292108,	2,	18,	NULL,	12,	39,	0,	23,	0,	0,	0,	0,	0,	270,	0,	0),
(292109,	3,	18,	NULL,	12,	44,	0,	23,	0,	0,	0,	0,	0,	295,	0,	0),
(292110,	4,	18,	NULL,	12,	47,	0,	23,	0,	0,	0,	0,	0,	300,	0,	0),
(292111,	5,	18,	NULL,	12,	36,	0,	24,	0,	0,	0,	0,	0,	252,	0,	0),
(292112,	6,	18,	NULL,	12,	39,	0,	24,	0,	0,	0,	0,	0,	277,	0,	0),
(292113,	7,	18,	NULL,	12,	42,	0,	23,	0,	0,	0,	0,	0,	281,	0,	0),
(292114,	8,	18,	NULL,	12,	41,	0,	17,	0,	0,	0,	0,	0,	248,	0,	0),
(292115,	9,	18,	NULL,	12,	44,	0,	21,	0,	0,	0,	0,	0,	276,	0,	0),
(292116,	10,	18,	NULL,	12,	38,	0,	22,	0,	0,	0,	0,	0,	254,	0,	0),
(292117,	11,	18,	NULL,	12,	27,	0,	19,	0,	0,	0,	0,	0,	197,	0,	0),
(292118,	12,	18,	NULL,	12,	44,	0,	27,	0,	0,	0,	0,	0,	312,	0,	0),
(292119,	13,	18,	NULL,	12,	41,	0,	18,	0,	0,	0,	0,	0,	248,	0,	0),
(292120,	14,	18,	NULL,	12,	42,	0,	20,	0,	0,	0,	0,	0,	260,	0,	0),
(292121,	15,	18,	NULL,	12,	42,	0,	23,	0,	0,	0,	0,	0,	276,	0,	0),
(292122,	16,	18,	NULL,	12,	45,	0,	20,	0,	0,	0,	0,	0,	283,	0,	0),
(292123,	17,	18,	NULL,	12,	44,	0,	23,	0,	0,	0,	0,	0,	289,	0,	0),
(292124,	18,	18,	NULL,	12,	42,	0,	23,	0,	0,	0,	0,	0,	273,	0,	0),
(292125,	19,	18,	NULL,	12,	40,	0,	24,	0,	0,	0,	0,	0,	282,	0,	0),
(292126,	20,	18,	NULL,	12,	37,	0,	24,	0,	0,	0,	0,	0,	261,	0,	0),
(292127,	21,	18,	NULL,	12,	42,	0,	23,	0,	0,	0,	0,	0,	273,	0,	0),
(292128,	22,	18,	NULL,	12,	46,	0,	20,	0,	0,	0,	0,	0,	285,	0,	0),
(292129,	23,	18,	NULL,	12,	39,	0,	22,	0,	0,	0,	0,	0,	268,	0,	0),
(292130,	24,	18,	NULL,	12,	46,	0,	20,	0,	0,	0,	0,	0,	288,	0,	0),
(292131,	25,	18,	NULL,	12,	41,	0,	23,	0,	0,	0,	0,	0,	282,	0,	0),
(292132,	26,	18,	NULL,	12,	46,	0,	23,	0,	0,	0,	0,	0,	295,	0,	0),
(292133,	27,	18,	NULL,	12,	47,	0,	16,	0,	0,	0,	0,	0,	272,	0,	0),
(292134,	28,	18,	NULL,	12,	34,	0,	24,	0,	0,	0,	0,	0,	251,	0,	0),
(292135,	29,	18,	NULL,	12,	43,	0,	19,	0,	0,	0,	0,	0,	270,	0,	0),
(292136,	30,	18,	NULL,	12,	40,	0,	24,	0,	0,	0,	0,	0,	274,	0,	0),
(292137,	31,	18,	NULL,	12,	45,	0,	23,	0,	0,	0,	0,	0,	299,	0,	0),
(292138,	32,	18,	NULL,	12,	37,	0,	24,	0,	0,	0,	0,	0,	264,	0,	0),
(292139,	33,	18,	NULL,	12,	37,	0,	20,	0,	0,	0,	0,	0,	251,	0,	0),
(292140,	34,	18,	NULL,	12,	32,	0,	21,	0,	0,	0,	0,	0,	233,	0,	0),
(292141,	35,	18,	NULL,	12,	45,	0,	22,	0,	0,	0,	0,	0,	287,	0,	0),
(292142,	36,	18,	NULL,	12,	47,	0,	22,	0,	0,	0,	0,	0,	301,	0,	0),
(292143,	37,	18,	NULL,	12,	32,	0,	20,	0,	0,	0,	0,	0,	229,	0,	0),
(292144,	38,	18,	NULL,	12,	43,	0,	20,	0,	0,	0,	0,	0,	272,	0,	0),
(292145,	39,	18,	NULL,	12,	45,	0,	22,	0,	0,	0,	0,	0,	295,	0,	0),
(292146,	40,	18,	NULL,	12,	41,	0,	19,	0,	0,	0,	0,	0,	252,	0,	0),
(292147,	41,	18,	NULL,	12,	44,	0,	22,	0,	0,	0,	0,	0,	285,	0,	0),
(292148,	42,	18,	NULL,	12,	41,	0,	17,	0,	0,	0,	0,	0,	253,	0,	0),
(292149,	43,	18,	NULL,	12,	45,	0,	23,	0,	0,	0,	0,	0,	294,	0,	0),
(292150,	44,	18,	NULL,	12,	45,	0,	18,	0,	0,	0,	0,	0,	265,	0,	0),
(292151,	45,	18,	NULL,	12,	42,	0,	26,	0,	0,	0,	0,	0,	296,	0,	0),
(292152,	46,	18,	NULL,	12,	42,	0,	21,	0,	0,	0,	0,	0,	270,	0,	0),
(292153,	47,	18,	NULL,	16,	45,	0,	14,	0,	0,	0,	0,	0,	255,	0,	0),
(292154,	48,	18,	NULL,	12,	36,	0,	21,	0,	0,	0,	0,	0,	239,	0,	0),
(292155,	49,	18,	NULL,	12,	29,	0,	25,	0,	0,	0,	0,	0,	233,	0,	0),
(292156,	50,	18,	NULL,	12,	43,	0,	22,	0,	0,	0,	0,	0,	276,	0,	0),
(292157,	51,	18,	NULL,	12,	40,	0,	21,	0,	0,	0,	0,	0,	261,	0,	0),
(292158,	52,	18,	NULL,	12,	38,	0,	22,	0,	0,	0,	0,	0,	262,	0,	0),
(292159,	53,	18,	NULL,	12,	35,	0,	22,	0,	0,	0,	0,	0,	244,	0,	0),
(292160,	54,	18,	NULL,	12,	45,	0,	22,	0,	0,	0,	0,	0,	281,	0,	0),
(292161,	55,	18,	NULL,	12,	42,	0,	24,	0,	0,	0,	0,	0,	277,	0,	0),
(292162,	56,	18,	NULL,	12,	43,	0,	18,	0,	0,	0,	0,	0,	259,	0,	0),
(292163,	57,	18,	NULL,	12,	39,	0,	21,	0,	0,	0,	0,	0,	257,	0,	0),
(292164,	58,	18,	NULL,	12,	39,	0,	23,	0,	0,	0,	0,	0,	265,	0,	0),
(292165,	59,	18,	NULL,	12,	45,	0,	24,	0,	0,	0,	0,	0,	304,	0,	0),
(292166,	60,	18,	NULL,	12,	44,	0,	17,	0,	0,	0,	0,	0,	261,	0,	0),
(292167,	61,	18,	NULL,	16,	40,	0,	16,	0,	0,	0,	0,	0,	246,	0,	0),
(292168,	62,	18,	NULL,	12,	44,	0,	23,	0,	0,	0,	0,	0,	281,	0,	0),
(292169,	63,	18,	NULL,	16,	41,	0,	14,	0,	0,	0,	0,	0,	235,	0,	0),
(292170,	64,	18,	NULL,	12,	37,	0,	20,	0,	0,	0,	0,	0,	239,	0,	0),
(292171,	65,	18,	NULL,	12,	42,	0,	22,	0,	0,	0,	0,	0,	279,	0,	0),
(292172,	66,	18,	NULL,	12,	44,	0,	19,	0,	0,	0,	0,	0,	277,	0,	0),
(292173,	67,	18,	NULL,	12,	35,	0,	22,	0,	0,	0,	0,	0,	246,	0,	0),
(292174,	68,	18,	NULL,	12,	42,	0,	24,	0,	0,	0,	0,	0,	288,	0,	0),
(292175,	69,	18,	NULL,	12,	45,	0,	25,	0,	0,	0,	0,	0,	297,	0,	0),
(292176,	70,	18,	NULL,	12,	36,	0,	22,	0,	0,	0,	0,	0,	255,	0,	0),
(292177,	71,	18,	NULL,	12,	42,	0,	19,	0,	0,	0,	0,	0,	256,	0,	0),
(292178,	72,	18,	NULL,	12,	42,	0,	19,	0,	0,	0,	0,	0,	261,	0,	0),
(292179,	73,	18,	NULL,	12,	48,	0,	22,	0,	0,	0,	0,	0,	302,	0,	0),
(292180,	74,	18,	NULL,	12,	48,	0,	25,	0,	0,	0,	0,	0,	307,	0,	0),
(292181,	75,	18,	NULL,	12,	41,	0,	23,	0,	0,	0,	0,	0,	276,	0,	0),
(292182,	76,	18,	NULL,	12,	40,	0,	25,	0,	0,	0,	0,	0,	278,	0,	0),
(292183,	77,	18,	NULL,	12,	41,	0,	25,	0,	0,	0,	0,	0,	290,	0,	0),
(292184,	78,	18,	NULL,	12,	43,	0,	25,	0,	0,	0,	0,	0,	294,	0,	0),
(292185,	79,	18,	NULL,	12,	48,	0,	19,	0,	0,	0,	0,	0,	289,	0,	0),
(292186,	80,	18,	NULL,	12,	45,	0,	19,	0,	0,	0,	0,	0,	274,	0,	0),
(292187,	81,	18,	NULL,	12,	39,	0,	16,	0,	0,	0,	0,	0,	242,	0,	0),
(292188,	82,	18,	NULL,	12,	37,	0,	24,	0,	0,	0,	0,	0,	266,	0,	0),
(292189,	83,	18,	NULL,	12,	45,	0,	20,	0,	0,	0,	0,	0,	283,	0,	0),
(292190,	84,	18,	NULL,	12,	49,	0,	20,	0,	0,	0,	0,	0,	293,	0,	0),
(292191,	85,	18,	NULL,	12,	43,	0,	21,	0,	0,	0,	0,	0,	271,	0,	0),
(292192,	86,	18,	NULL,	12,	40,	0,	20,	0,	0,	0,	0,	0,	257,	0,	0),
(292193,	87,	18,	NULL,	12,	44,	0,	21,	0,	0,	0,	0,	0,	278,	0,	0),
(292194,	88,	18,	NULL,	12,	43,	0,	22,	0,	0,	0,	0,	0,	273,	0,	0),
(292195,	89,	18,	NULL,	12,	41,	0,	17,	0,	0,	0,	0,	0,	251,	0,	0),
(292196,	90,	18,	NULL,	12,	43,	0,	27,	0,	0,	0,	0,	0,	297,	0,	0),
(292197,	91,	18,	NULL,	12,	40,	0,	21,	0,	0,	0,	0,	0,	266,	0,	0),
(292198,	92,	18,	NULL,	12,	37,	0,	23,	0,	0,	0,	0,	0,	257,	0,	0),
(292199,	93,	18,	NULL,	12,	37,	0,	23,	0,	0,	0,	0,	0,	257,	0,	0),
(292200,	94,	18,	NULL,	12,	36,	0,	20,	0,	0,	0,	0,	0,	240,	0,	0),
(292201,	95,	18,	NULL,	12,	38,	0,	20,	0,	0,	0,	0,	0,	251,	0,	0),
(292202,	96,	18,	NULL,	12,	40,	0,	23,	0,	0,	0,	0,	0,	267,	0,	0),
(292203,	97,	18,	NULL,	12,	38,	0,	22,	0,	0,	0,	0,	0,	264,	0,	0),
(292204,	98,	18,	NULL,	12,	32,	0,	23,	0,	0,	0,	0,	0,	238,	0,	0),
(292205,	99,	18,	NULL,	12,	37,	0,	21,	0,	0,	0,	0,	0,	251,	0,	0),
(292206,	100,	18,	NULL,	12,	45,	0,	19,	0,	0,	0,	0,	0,	279,	0,	0),
(292207,	101,	18,	NULL,	12,	47,	0,	23,	0,	0,	0,	0,	0,	308,	0,	0),
(292208,	102,	18,	NULL,	12,	47,	0,	24,	0,	0,	0,	0,	0,	310,	0,	0),
(292209,	103,	18,	NULL,	12,	44,	0,	22,	0,	0,	0,	0,	0,	290,	0,	0),
(292210,	104,	18,	NULL,	12,	48,	0,	18,	0,	0,	0,	0,	0,	285,	0,	0),
(292211,	105,	18,	NULL,	12,	38,	0,	19,	0,	0,	0,	0,	0,	242,	0,	0),
(292212,	106,	18,	NULL,	12,	38,	0,	22,	0,	0,	0,	0,	0,	262,	0,	0),
(292213,	107,	18,	NULL,	12,	41,	0,	21,	0,	0,	0,	0,	0,	265,	0,	0),
(292214,	108,	18,	NULL,	12,	40,	0,	17,	0,	0,	0,	0,	0,	251,	0,	0),
(292215,	109,	18,	NULL,	12,	47,	0,	18,	0,	0,	0,	0,	0,	278,	0,	0),
(292216,	110,	18,	NULL,	12,	46,	0,	19,	0,	0,	0,	0,	0,	281,	0,	0),
(292217,	111,	18,	NULL,	12,	35,	0,	19,	0,	0,	0,	0,	0,	233,	0,	0),
(292218,	112,	18,	NULL,	12,	45,	0,	22,	0,	0,	0,	0,	0,	287,	0,	0),
(292219,	113,	18,	NULL,	12,	40,	0,	19,	0,	0,	0,	0,	0,	248,	0,	0),
(292220,	114,	18,	NULL,	12,	44,	0,	16,	0,	0,	0,	0,	0,	259,	0,	0),
(292221,	115,	18,	NULL,	12,	43,	0,	23,	0,	0,	0,	0,	0,	285,	0,	0),
(292222,	116,	18,	NULL,	12,	44,	0,	18,	0,	0,	0,	0,	0,	273,	0,	0),
(292223,	117,	18,	NULL,	12,	32,	0,	24,	0,	0,	0,	0,	0,	244,	0,	0),
(292224,	118,	18,	NULL,	12,	44,	0,	23,	0,	0,	0,	0,	0,	287,	0,	0),
(292225,	119,	18,	NULL,	12,	43,	0,	22,	0,	0,	0,	0,	0,	283,	0,	0),
(292226,	120,	18,	NULL,	12,	32,	0,	19,	0,	0,	0,	0,	0,	216,	0,	0),
(292227,	121,	18,	NULL,	12,	40,	0,	22,	0,	0,	0,	0,	0,	268,	0,	0),
(292228,	122,	18,	NULL,	12,	45,	0,	26,	0,	0,	0,	0,	0,	304,	0,	0),
(292229,	123,	18,	NULL,	12,	53,	0,	17,	0,	0,	0,	0,	0,	302,	0,	0),
(292230,	124,	18,	NULL,	12,	36,	0,	21,	0,	0,	0,	0,	0,	251,	0,	0),
(292231,	125,	18,	NULL,	12,	37,	0,	21,	0,	0,	0,	0,	0,	246,	0,	0),
(292232,	126,	18,	NULL,	12,	47,	0,	21,	0,	0,	0,	0,	0,	296,	0,	0),
(292233,	127,	18,	NULL,	12,	34,	0,	19,	0,	0,	0,	0,	0,	233,	0,	0),
(292234,	128,	18,	NULL,	12,	41,	0,	25,	0,	0,	0,	0,	0,	290,	0,	0),
(292235,	129,	18,	NULL,	12,	43,	0,	21,	0,	0,	0,	0,	0,	282,	0,	0),
(292236,	130,	18,	NULL,	12,	38,	0,	21,	0,	0,	0,	0,	0,	253,	0,	0),
(292237,	131,	18,	NULL,	12,	38,	0,	20,	0,	0,	0,	0,	0,	251,	0,	0),
(292238,	132,	18,	NULL,	12,	50,	0,	29,	0,	0,	0,	0,	0,	332,	0,	0),
(292239,	133,	18,	NULL,	12,	44,	0,	24,	0,	0,	0,	0,	0,	288,	0,	0),
(292240,	134,	18,	NULL,	12,	40,	0,	20,	0,	0,	0,	0,	0,	262,	0,	0),
(292241,	135,	18,	NULL,	12,	39,	0,	22,	0,	0,	0,	0,	0,	256,	0,	0),
(292242,	136,	18,	NULL,	12,	48,	0,	24,	0,	0,	0,	0,	0,	311,	0,	0),
(292243,	137,	18,	NULL,	12,	31,	0,	23,	0,	0,	0,	0,	0,	235,	0,	0),
(292244,	138,	18,	NULL,	12,	40,	0,	24,	0,	0,	0,	0,	0,	279,	0,	0),
(292245,	139,	18,	NULL,	12,	40,	0,	27,	0,	0,	0,	0,	0,	287,	0,	0),
(292246,	140,	18,	NULL,	12,	34,	0,	21,	0,	0,	0,	0,	0,	242,	0,	0),
(292247,	141,	18,	NULL,	12,	44,	0,	24,	0,	0,	0,	0,	0,	294,	0,	0),
(292248,	142,	18,	NULL,	12,	50,	0,	26,	0,	0,	0,	0,	0,	334,	0,	0),
(292249,	143,	18,	NULL,	12,	41,	0,	20,	0,	0,	0,	0,	0,	261,	0,	0),
(292250,	144,	18,	NULL,	16,	40,	0,	14,	0,	0,	0,	0,	0,	235,	0,	0),
(292251,	145,	18,	NULL,	16,	36,	0,	13,	0,	0,	0,	0,	0,	216,	0,	0),
(292252,	146,	18,	NULL,	16,	42,	0,	12,	0,	0,	0,	0,	0,	231,	0,	0),
(292253,	147,	18,	NULL,	12,	41,	0,	25,	0,	0,	0,	0,	0,	288,	0,	0),
(292254,	148,	18,	NULL,	12,	35,	0,	22,	0,	0,	0,	0,	0,	242,	0,	0),
(292255,	149,	18,	NULL,	12,	42,	0,	16,	0,	0,	0,	0,	0,	255,	0,	0),
(292256,	150,	18,	NULL,	12,	42,	0,	19,	0,	0,	0,	0,	0,	264,	0,	0),
(292257,	1,	4,	NULL,	12,	34,	0,	11,	0,	0,	0,	0,	0,	189,	0,	0),
(292258,	2,	4,	NULL,	12,	30,	0,	22,	0,	0,	0,	0,	0,	229,	0,	0),
(292259,	3,	4,	NULL,	12,	34,	0,	18,	0,	0,	0,	0,	0,	223,	0,	0),
(292260,	4,	4,	NULL,	12,	28,	0,	16,	0,	0,	0,	0,	0,	190,	0,	0),
(292261,	5,	4,	NULL,	12,	32,	0,	19,	0,	0,	0,	0,	0,	222,	0,	0),
(292262,	6,	4,	NULL,	12,	40,	0,	15,	0,	0,	0,	0,	0,	240,	0,	0),
(292263,	7,	4,	NULL,	12,	28,	0,	18,	0,	0,	0,	0,	0,	202,	0,	0),
(292264,	8,	4,	NULL,	12,	25,	0,	20,	0,	0,	0,	0,	0,	194,	0,	0),
(292265,	9,	4,	NULL,	12,	47,	0,	16,	0,	0,	0,	0,	0,	275,	0,	0),
(292266,	10,	4,	NULL,	12,	25,	0,	15,	0,	0,	0,	0,	0,	171,	0,	0),
(292267,	11,	4,	NULL,	12,	41,	0,	15,	0,	0,	0,	0,	0,	235,	0,	0),
(292268,	12,	4,	NULL,	12,	32,	0,	17,	0,	0,	0,	0,	0,	216,	0,	0),
(292269,	13,	4,	NULL,	12,	29,	0,	20,	0,	0,	0,	0,	0,	212,	0,	0),
(292270,	14,	4,	NULL,	12,	29,	0,	15,	0,	0,	0,	0,	0,	188,	0,	0),
(292271,	15,	4,	NULL,	12,	45,	0,	14,	0,	0,	0,	0,	0,	260,	0,	0),
(292272,	16,	4,	NULL,	12,	38,	0,	19,	0,	0,	0,	0,	0,	244,	0,	0),
(292273,	17,	4,	NULL,	12,	32,	0,	19,	0,	0,	0,	0,	0,	220,	0,	0),
(292274,	18,	4,	NULL,	12,	34,	0,	18,	0,	0,	0,	0,	0,	229,	0,	0),
(292275,	19,	4,	NULL,	12,	34,	0,	16,	0,	0,	0,	0,	0,	220,	0,	0),
(292276,	20,	4,	NULL,	12,	36,	0,	14,	0,	0,	0,	0,	0,	220,	0,	0),
(292277,	21,	4,	NULL,	12,	31,	0,	17,	0,	0,	0,	0,	0,	211,	0,	0),
(292278,	22,	4,	NULL,	12,	32,	0,	14,	0,	0,	0,	0,	0,	197,	0,	0),
(292279,	23,	4,	NULL,	12,	40,	0,	15,	0,	0,	0,	0,	0,	238,	0,	0),
(292280,	24,	4,	NULL,	12,	41,	0,	20,	0,	0,	0,	0,	0,	261,	0,	0),
(292281,	25,	4,	NULL,	12,	37,	0,	18,	0,	0,	0,	0,	0,	235,	0,	0),
(292282,	26,	4,	NULL,	12,	33,	0,	16,	0,	0,	0,	0,	0,	212,	0,	0),
(292283,	27,	4,	NULL,	12,	42,	0,	15,	0,	0,	0,	0,	0,	251,	0,	0),
(292284,	28,	4,	NULL,	12,	34,	0,	18,	0,	0,	0,	0,	0,	227,	0,	0),
(292285,	29,	4,	NULL,	12,	33,	0,	13,	0,	0,	0,	0,	0,	202,	0,	0),
(292286,	30,	4,	NULL,	12,	38,	0,	16,	0,	0,	0,	0,	0,	229,	0,	0),
(292287,	31,	4,	NULL,	12,	30,	0,	13,	0,	0,	0,	0,	0,	181,	0,	0),
(292288,	32,	4,	NULL,	12,	32,	0,	17,	0,	0,	0,	0,	0,	216,	0,	0),
(292289,	33,	4,	NULL,	12,	37,	0,	18,	0,	0,	0,	0,	0,	242,	0,	0),
(292290,	34,	4,	NULL,	12,	37,	0,	14,	0,	0,	0,	0,	0,	220,	0,	0),
(292291,	35,	4,	NULL,	12,	24,	0,	16,	0,	0,	0,	0,	0,	176,	0,	0),
(292292,	36,	4,	NULL,	12,	30,	0,	18,	0,	0,	0,	0,	0,	202,	0,	0),
(292293,	37,	4,	NULL,	12,	32,	0,	17,	0,	0,	0,	0,	0,	216,	0,	0),
(292294,	38,	4,	NULL,	12,	34,	0,	18,	0,	0,	0,	0,	0,	225,	0,	0),
(292295,	39,	4,	NULL,	12,	36,	0,	16,	0,	0,	0,	0,	0,	229,	0,	0),
(292296,	40,	4,	NULL,	12,	33,	0,	14,	0,	0,	0,	0,	0,	205,	0,	0),
(292297,	41,	4,	NULL,	12,	36,	0,	19,	0,	0,	0,	0,	0,	240,	0,	0),
(292298,	42,	4,	NULL,	12,	39,	0,	17,	0,	0,	0,	0,	0,	237,	0,	0),
(292299,	43,	4,	NULL,	12,	42,	0,	17,	0,	0,	0,	0,	0,	253,	0,	0),
(292300,	44,	4,	NULL,	12,	40,	0,	16,	0,	0,	0,	0,	0,	237,	0,	0),
(292301,	45,	4,	NULL,	12,	30,	0,	17,	0,	0,	0,	0,	0,	207,	0,	0),
(292302,	46,	4,	NULL,	12,	40,	0,	18,	0,	0,	0,	0,	0,	246,	0,	0),
(292303,	47,	4,	NULL,	12,	39,	0,	16,	0,	0,	0,	0,	0,	242,	0,	0),
(292304,	48,	4,	NULL,	12,	34,	0,	16,	0,	0,	0,	0,	0,	210,	0,	0),
(292305,	49,	4,	NULL,	12,	38,	0,	16,	0,	0,	0,	0,	0,	227,	0,	0),
(292306,	50,	4,	NULL,	12,	38,	0,	20,	0,	0,	0,	0,	0,	253,	0,	0),
(292307,	51,	4,	NULL,	12,	41,	0,	18,	0,	0,	0,	0,	0,	260,	0,	0),
(292308,	52,	4,	NULL,	12,	33,	0,	18,	0,	0,	0,	0,	0,	218,	0,	0),
(292309,	53,	4,	NULL,	12,	37,	0,	18,	0,	0,	0,	0,	0,	231,	0,	0),
(292310,	54,	4,	NULL,	12,	40,	0,	16,	0,	0,	0,	0,	0,	242,	0,	0),
(292311,	55,	4,	NULL,	12,	26,	0,	18,	0,	0,	0,	0,	0,	185,	0,	0),
(292312,	56,	4,	NULL,	12,	33,	0,	20,	0,	0,	0,	0,	0,	223,	0,	0),
(292313,	57,	4,	NULL,	12,	42,	0,	14,	0,	0,	0,	0,	0,	242,	0,	0),
(292314,	58,	4,	NULL,	12,	34,	0,	16,	0,	0,	0,	0,	0,	210,	0,	0),
(292315,	59,	4,	NULL,	12,	31,	0,	21,	0,	0,	0,	0,	0,	229,	0,	0),
(292316,	60,	4,	NULL,	12,	36,	0,	20,	0,	0,	0,	0,	0,	235,	0,	0),
(292317,	61,	4,	NULL,	12,	32,	0,	15,	0,	0,	0,	0,	0,	199,	0,	0),
(292318,	62,	4,	NULL,	12,	40,	0,	20,	0,	0,	0,	0,	0,	262,	0,	0),
(292319,	63,	4,	NULL,	12,	33,	0,	22,	0,	0,	0,	0,	0,	240,	0,	0),
(292320,	64,	4,	NULL,	12,	36,	0,	20,	0,	0,	0,	0,	0,	240,	0,	0),
(292321,	65,	4,	NULL,	12,	33,	0,	14,	0,	0,	0,	0,	0,	197,	0,	0),
(292322,	66,	4,	NULL,	12,	42,	0,	15,	0,	0,	0,	0,	0,	251,	0,	0),
(292323,	67,	4,	NULL,	12,	39,	0,	15,	0,	0,	0,	0,	0,	231,	0,	0),
(292324,	68,	4,	NULL,	12,	28,	0,	16,	0,	0,	0,	0,	0,	185,	0,	0),
(292325,	69,	4,	NULL,	12,	32,	0,	17,	0,	0,	0,	0,	0,	208,	0,	0),
(292326,	70,	4,	NULL,	12,	36,	0,	20,	0,	0,	0,	0,	0,	237,	0,	0),
(292327,	71,	4,	NULL,	12,	36,	0,	16,	0,	0,	0,	0,	0,	225,	0,	0),
(292328,	72,	4,	NULL,	12,	36,	0,	18,	0,	0,	0,	0,	0,	233,	0,	0),
(292329,	73,	4,	NULL,	12,	33,	0,	15,	0,	0,	0,	0,	0,	211,	0,	0),
(292330,	74,	4,	NULL,	12,	42,	0,	19,	0,	0,	0,	0,	0,	261,	0,	0),
(292331,	75,	4,	NULL,	12,	32,	0,	20,	0,	0,	0,	0,	0,	225,	0,	0),
(292332,	76,	4,	NULL,	12,	36,	0,	16,	0,	0,	0,	0,	0,	229,	0,	0),
(292333,	77,	4,	NULL,	12,	36,	0,	17,	0,	0,	0,	0,	0,	233,	0,	0),
(292334,	78,	4,	NULL,	12,	35,	0,	16,	0,	0,	0,	0,	0,	222,	0,	0),
(292335,	79,	4,	NULL,	12,	36,	0,	17,	0,	0,	0,	0,	0,	227,	0,	0),
(292336,	80,	4,	NULL,	12,	30,	0,	14,	0,	0,	0,	0,	0,	185,	0,	0),
(292337,	81,	4,	NULL,	12,	36,	0,	15,	0,	0,	0,	0,	0,	220,	0,	0),
(292338,	82,	4,	NULL,	12,	30,	0,	16,	0,	0,	0,	0,	0,	197,	0,	0),
(292339,	83,	4,	NULL,	12,	40,	0,	19,	0,	0,	0,	0,	0,	255,	0,	0),
(292340,	84,	4,	NULL,	12,	33,	0,	11,	0,	0,	0,	0,	0,	187,	0,	0),
(292341,	85,	4,	NULL,	12,	37,	0,	20,	0,	0,	0,	0,	0,	244,	0,	0),
(292342,	86,	4,	NULL,	12,	35,	0,	20,	0,	0,	0,	0,	0,	231,	0,	0),
(292343,	87,	4,	NULL,	12,	36,	0,	20,	0,	0,	0,	0,	0,	244,	0,	0),
(292344,	88,	4,	NULL,	12,	37,	0,	16,	0,	0,	0,	0,	0,	233,	0,	0),
(292345,	89,	4,	NULL,	12,	34,	0,	14,	0,	0,	0,	0,	0,	209,	0,	0),
(292346,	90,	4,	NULL,	12,	29,	0,	21,	0,	0,	0,	0,	0,	218,	0,	0),
(292347,	91,	4,	NULL,	12,	32,	0,	13,	0,	0,	0,	0,	0,	191,	0,	0),
(292348,	92,	4,	NULL,	12,	37,	0,	18,	0,	0,	0,	0,	0,	235,	0,	0),
(292349,	93,	4,	NULL,	12,	40,	0,	16,	0,	0,	0,	0,	0,	244,	0,	0),
(292350,	94,	4,	NULL,	12,	34,	0,	18,	0,	0,	0,	0,	0,	225,	0,	0),
(292351,	95,	4,	NULL,	12,	27,	0,	16,	0,	0,	0,	0,	0,	186,	0,	0),
(292352,	96,	4,	NULL,	12,	37,	0,	16,	0,	0,	0,	0,	0,	225,	0,	0),
(292353,	97,	4,	NULL,	12,	33,	0,	21,	0,	0,	0,	0,	0,	231,	0,	0),
(292354,	98,	4,	NULL,	12,	38,	0,	19,	0,	0,	0,	0,	0,	244,	0,	0),
(292355,	99,	4,	NULL,	12,	34,	0,	16,	0,	0,	0,	0,	0,	218,	0,	0),
(292356,	100,	4,	NULL,	12,	29,	0,	17,	0,	0,	0,	0,	0,	193,	0,	0),
(292357,	101,	4,	NULL,	12,	34,	0,	19,	0,	0,	0,	0,	0,	231,	0,	0),
(292358,	102,	4,	NULL,	12,	37,	0,	20,	0,	0,	0,	0,	0,	244,	0,	0),
(292359,	103,	4,	NULL,	12,	30,	0,	19,	0,	0,	0,	0,	0,	212,	0,	0),
(292360,	104,	4,	NULL,	12,	30,	0,	18,	0,	0,	0,	0,	0,	205,	0,	0),
(292361,	105,	4,	NULL,	12,	27,	0,	21,	0,	0,	0,	0,	0,	207,	0,	0),
(292362,	106,	4,	NULL,	12,	32,	0,	16,	0,	0,	0,	0,	0,	211,	0,	0),
(292363,	107,	4,	NULL,	12,	35,	0,	21,	0,	0,	0,	0,	0,	235,	0,	0),
(292364,	108,	4,	NULL,	12,	36,	0,	19,	0,	0,	0,	0,	0,	231,	0,	0),
(292365,	109,	4,	NULL,	12,	27,	0,	20,	0,	0,	0,	0,	0,	203,	0,	0),
(292366,	110,	4,	NULL,	12,	31,	0,	14,	0,	0,	0,	0,	0,	194,	0,	0),
(292367,	111,	4,	NULL,	12,	32,	0,	17,	0,	0,	0,	0,	0,	214,	0,	0),
(292368,	112,	4,	NULL,	12,	30,	0,	20,	0,	0,	0,	0,	0,	210,	0,	0),
(292369,	113,	4,	NULL,	12,	37,	0,	17,	0,	0,	0,	0,	0,	238,	0,	0),
(292370,	114,	4,	NULL,	12,	32,	0,	19,	0,	0,	0,	0,	0,	220,	0,	0),
(292371,	115,	4,	NULL,	12,	25,	0,	17,	0,	0,	0,	0,	0,	183,	0,	0),
(292372,	116,	4,	NULL,	12,	26,	0,	19,	0,	0,	0,	0,	0,	189,	0,	0),
(292373,	117,	4,	NULL,	12,	42,	0,	18,	0,	0,	0,	0,	0,	257,	0,	0),
(292374,	118,	4,	NULL,	12,	32,	0,	14,	0,	0,	0,	0,	0,	193,	0,	0),
(292375,	119,	4,	NULL,	12,	30,	0,	18,	0,	0,	0,	0,	0,	205,	0,	0),
(292376,	120,	4,	NULL,	12,	29,	0,	17,	0,	0,	0,	0,	0,	199,	0,	0),
(292377,	121,	4,	NULL,	12,	33,	0,	17,	0,	0,	0,	0,	0,	218,	0,	0),
(292378,	122,	4,	NULL,	12,	38,	0,	21,	0,	0,	0,	0,	0,	260,	0,	0),
(292379,	123,	4,	NULL,	12,	41,	0,	19,	0,	0,	0,	0,	0,	252,	0,	0),
(292380,	124,	4,	NULL,	12,	31,	0,	16,	0,	0,	0,	0,	0,	197,	0,	0),
(292381,	125,	4,	NULL,	12,	30,	0,	16,	0,	0,	0,	0,	0,	202,	0,	0),
(292382,	126,	4,	NULL,	12,	41,	0,	20,	0,	0,	0,	0,	0,	268,	0,	0),
(292383,	127,	4,	NULL,	12,	35,	0,	17,	0,	0,	0,	0,	0,	223,	0,	0),
(292384,	128,	4,	NULL,	12,	38,	0,	17,	0,	0,	0,	0,	0,	235,	0,	0),
(292385,	129,	4,	NULL,	12,	32,	0,	22,	0,	0,	0,	0,	0,	238,	0,	0),
(292386,	130,	4,	NULL,	12,	42,	0,	14,	0,	0,	0,	0,	0,	235,	0,	0),
(292387,	131,	4,	NULL,	12,	29,	0,	21,	0,	0,	0,	0,	0,	218,	0,	0),
(292388,	132,	4,	NULL,	12,	41,	0,	15,	0,	0,	0,	0,	0,	240,	0,	0),
(292389,	133,	4,	NULL,	12,	40,	0,	14,	0,	0,	0,	0,	0,	229,	0,	0),
(292390,	134,	4,	NULL,	12,	39,	0,	18,	0,	0,	0,	0,	0,	249,	0,	0),
(292391,	135,	4,	NULL,	12,	37,	0,	16,	0,	0,	0,	0,	0,	233,	0,	0),
(292392,	136,	4,	NULL,	12,	33,	0,	17,	0,	0,	0,	0,	0,	220,	0,	0),
(292393,	137,	4,	NULL,	12,	36,	0,	17,	0,	0,	0,	0,	0,	223,	0,	0),
(292394,	138,	4,	NULL,	12,	30,	0,	15,	0,	0,	0,	0,	0,	193,	0,	0),
(292395,	139,	4,	NULL,	12,	37,	0,	15,	0,	0,	0,	0,	0,	223,	0,	0),
(292396,	140,	4,	NULL,	12,	40,	0,	20,	0,	0,	0,	0,	0,	252,	0,	0),
(292397,	141,	4,	NULL,	12,	36,	0,	12,	0,	0,	0,	0,	0,	202,	0,	0),
(292398,	142,	4,	NULL,	12,	35,	0,	20,	0,	0,	0,	0,	0,	233,	0,	0),
(292399,	143,	4,	NULL,	12,	30,	0,	18,	0,	0,	0,	0,	0,	204,	0,	0),
(292400,	144,	4,	NULL,	12,	33,	0,	16,	0,	0,	0,	0,	0,	216,	0,	0),
(292401,	145,	4,	NULL,	12,	42,	0,	21,	0,	0,	0,	0,	0,	277,	0,	0),
(292402,	146,	4,	NULL,	12,	38,	0,	16,	0,	0,	0,	0,	0,	229,	0,	0),
(292403,	147,	4,	NULL,	12,	38,	0,	19,	0,	0,	0,	0,	0,	246,	0,	0),
(292404,	148,	4,	NULL,	12,	44,	0,	17,	0,	0,	0,	0,	0,	261,	0,	0),
(292405,	149,	4,	NULL,	12,	35,	0,	15,	0,	0,	0,	0,	0,	218,	0,	0),
(292406,	150,	4,	NULL,	12,	28,	0,	15,	0,	0,	0,	0,	0,	181,	0,	0),
(292557,	1,	2,	NULL,	12,	32,	0,	18,	0,	0,	0,	0,	0,	220,	0,	0),
(292558,	2,	2,	NULL,	12,	30,	0,	13,	0,	0,	0,	0,	0,	189,	0,	0),
(292559,	3,	2,	NULL,	16,	30,	0,	12,	0,	0,	0,	0,	0,	178,	0,	0),
(292560,	4,	2,	NULL,	16,	36,	0,	9,	0,	0,	0,	0,	0,	194,	0,	0),
(292561,	5,	2,	NULL,	16,	32,	0,	10,	0,	0,	0,	0,	0,	183,	0,	0),
(292562,	6,	2,	NULL,	12,	36,	0,	16,	0,	0,	0,	0,	0,	227,	0,	0),
(292563,	7,	2,	NULL,	12,	37,	0,	14,	0,	0,	0,	0,	0,	220,	0,	0),
(292564,	8,	2,	NULL,	12,	27,	0,	14,	0,	0,	0,	0,	0,	174,	0,	0),
(292565,	9,	2,	NULL,	12,	29,	0,	14,	0,	0,	0,	0,	0,	189,	0,	0),
(292566,	10,	2,	NULL,	12,	30,	0,	18,	0,	0,	0,	0,	0,	207,	0,	0),
(292567,	11,	2,	NULL,	12,	32,	0,	14,	0,	0,	0,	0,	0,	193,	0,	0),
(292568,	12,	2,	NULL,	16,	35,	0,	12,	0,	0,	0,	0,	0,	197,	0,	0),
(292569,	13,	2,	NULL,	16,	35,	0,	11,	0,	0,	0,	0,	0,	197,	0,	0),
(292570,	14,	2,	NULL,	12,	29,	0,	14,	0,	0,	0,	0,	0,	189,	0,	0),
(292571,	15,	2,	NULL,	16,	31,	0,	12,	0,	0,	0,	0,	0,	184,	0,	0),
(292572,	16,	2,	NULL,	12,	36,	0,	13,	0,	0,	0,	0,	0,	216,	0,	0),
(292573,	17,	2,	NULL,	12,	30,	0,	14,	0,	0,	0,	0,	0,	194,	0,	0),
(292574,	18,	2,	NULL,	12,	28,	0,	16,	0,	0,	0,	0,	0,	190,	0,	0),
(292575,	19,	2,	NULL,	12,	34,	0,	15,	0,	0,	0,	0,	0,	214,	0,	0),
(292576,	20,	2,	NULL,	12,	29,	0,	16,	0,	0,	0,	0,	0,	194,	0,	0),
(292577,	21,	2,	NULL,	12,	31,	0,	16,	0,	0,	0,	0,	0,	207,	0,	0),
(292578,	22,	2,	NULL,	12,	26,	0,	14,	0,	0,	0,	0,	0,	170,	0,	0),
(292579,	23,	2,	NULL,	16,	30,	0,	11,	0,	0,	0,	0,	0,	174,	0,	0),
(292580,	24,	2,	NULL,	16,	34,	0,	10,	0,	0,	0,	0,	0,	188,	0,	0),
(292581,	25,	2,	NULL,	16,	34,	0,	11,	0,	0,	0,	0,	0,	196,	0,	0),
(292582,	26,	2,	NULL,	16,	33,	0,	11,	0,	0,	0,	0,	0,	185,	0,	0),
(292583,	27,	2,	NULL,	12,	28,	0,	15,	0,	0,	0,	0,	0,	181,	0,	0),
(292584,	28,	2,	NULL,	12,	34,	0,	13,	0,	0,	0,	0,	0,	199,	0,	0),
(292585,	29,	2,	NULL,	12,	25,	0,	15,	0,	0,	0,	0,	0,	171,	0,	0),
(292586,	30,	2,	NULL,	12,	31,	0,	14,	0,	0,	0,	0,	0,	196,	0,	0),
(292587,	31,	2,	NULL,	16,	29,	0,	12,	0,	0,	0,	0,	0,	175,	0,	0),
(292588,	32,	2,	NULL,	12,	32,	0,	12,	0,	0,	0,	0,	0,	190,	0,	0),
(292589,	33,	2,	NULL,	12,	34,	0,	14,	0,	0,	0,	0,	0,	207,	0,	0),
(292590,	34,	2,	NULL,	12,	29,	0,	13,	0,	0,	0,	0,	0,	178,	0,	0),
(292591,	35,	2,	NULL,	12,	36,	0,	17,	0,	0,	0,	0,	0,	231,	0,	0),
(292592,	36,	2,	NULL,	16,	29,	0,	10,	0,	0,	0,	0,	0,	170,	0,	0),
(292593,	37,	2,	NULL,	16,	36,	0,	12,	0,	0,	0,	0,	0,	204,	0,	0),
(292594,	38,	2,	NULL,	12,	32,	0,	15,	0,	0,	0,	0,	0,	205,	0,	0),
(292595,	39,	2,	NULL,	12,	30,	0,	15,	0,	0,	0,	0,	0,	189,	0,	0),
(292596,	40,	2,	NULL,	12,	25,	0,	16,	0,	0,	0,	0,	0,	175,	0,	0),
(292597,	41,	2,	NULL,	12,	32,	0,	12,	0,	0,	0,	0,	0,	190,	0,	0),
(292598,	42,	2,	NULL,	12,	36,	0,	16,	0,	0,	0,	0,	0,	227,	0,	0),
(292599,	43,	2,	NULL,	12,	27,	0,	16,	0,	0,	0,	0,	0,	184,	0,	0),
(292600,	44,	2,	NULL,	12,	28,	0,	16,	0,	0,	0,	0,	0,	194,	0,	0),
(292601,	45,	2,	NULL,	12,	31,	0,	15,	0,	0,	0,	0,	0,	195,	0,	0),
(292602,	46,	2,	NULL,	12,	25,	0,	16,	0,	0,	0,	0,	0,	172,	0,	0),
(292603,	47,	2,	NULL,	12,	32,	0,	14,	0,	0,	0,	0,	0,	201,	0,	0),
(292604,	48,	2,	NULL,	16,	32,	0,	12,	0,	0,	0,	0,	0,	188,	0,	0),
(292605,	49,	2,	NULL,	12,	33,	0,	15,	0,	0,	0,	0,	0,	209,	0,	0),
(292606,	50,	2,	NULL,	12,	28,	0,	12,	0,	0,	0,	0,	0,	171,	0,	0),
(292607,	51,	2,	NULL,	12,	30,	0,	16,	0,	0,	0,	0,	0,	202,	0,	0),
(292608,	52,	2,	NULL,	12,	31,	0,	18,	0,	0,	0,	0,	0,	216,	0,	0),
(292609,	53,	2,	NULL,	16,	32,	0,	12,	0,	0,	0,	0,	0,	187,	0,	0),
(292610,	54,	2,	NULL,	12,	34,	0,	13,	0,	0,	0,	0,	0,	207,	0,	0),
(292611,	55,	2,	NULL,	16,	34,	0,	10,	0,	0,	0,	0,	0,	188,	0,	0),
(292612,	56,	2,	NULL,	12,	35,	0,	14,	0,	0,	0,	0,	0,	214,	0,	0),
(292613,	57,	2,	NULL,	12,	41,	0,	16,	0,	0,	0,	0,	0,	239,	0,	0),
(292614,	58,	2,	NULL,	12,	29,	0,	17,	0,	0,	0,	0,	0,	201,	0,	0),
(292615,	59,	2,	NULL,	12,	29,	0,	13,	0,	0,	0,	0,	0,	180,	0,	0),
(292616,	60,	2,	NULL,	12,	27,	0,	14,	0,	0,	0,	0,	0,	175,	0,	0),
(292617,	61,	2,	NULL,	12,	31,	0,	15,	0,	0,	0,	0,	0,	195,	0,	0),
(292618,	62,	2,	NULL,	12,	31,	0,	16,	0,	0,	0,	0,	0,	205,	0,	0),
(292619,	63,	2,	NULL,	12,	32,	0,	14,	0,	0,	0,	0,	0,	199,	0,	0),
(292620,	64,	2,	NULL,	12,	23,	0,	15,	0,	0,	0,	0,	0,	160,	0,	0),
(292621,	65,	2,	NULL,	12,	29,	0,	13,	0,	0,	0,	0,	0,	183,	0,	0),
(292622,	66,	2,	NULL,	16,	36,	0,	12,	0,	0,	0,	0,	0,	202,	0,	0),
(292623,	67,	2,	NULL,	12,	31,	0,	14,	0,	0,	0,	0,	0,	196,	0,	0),
(292624,	68,	2,	NULL,	12,	38,	0,	16,	0,	0,	0,	0,	0,	231,	0,	0),
(292625,	69,	2,	NULL,	12,	24,	0,	17,	0,	0,	0,	0,	0,	179,	0,	0),
(292626,	70,	2,	NULL,	12,	23,	0,	17,	0,	0,	0,	0,	0,	168,	0,	0),
(292627,	71,	2,	NULL,	12,	37,	0,	11,	0,	0,	0,	0,	0,	202,	0,	0),
(292628,	72,	2,	NULL,	12,	29,	0,	16,	0,	0,	0,	0,	0,	194,	0,	0),
(292629,	73,	2,	NULL,	12,	28,	0,	13,	0,	0,	0,	0,	0,	177,	0,	0),
(292630,	74,	2,	NULL,	12,	30,	0,	15,	0,	0,	0,	0,	0,	191,	0,	0),
(292631,	75,	2,	NULL,	12,	32,	0,	16,	0,	0,	0,	0,	0,	202,	0,	0),
(292632,	76,	2,	NULL,	12,	25,	0,	13,	0,	0,	0,	0,	0,	163,	0,	0),
(292633,	77,	2,	NULL,	12,	26,	0,	18,	0,	0,	0,	0,	0,	188,	0,	0),
(292634,	78,	2,	NULL,	12,	28,	0,	12,	0,	0,	0,	0,	0,	176,	0,	0),
(292635,	79,	2,	NULL,	12,	30,	0,	16,	0,	0,	0,	0,	0,	195,	0,	0),
(292636,	80,	2,	NULL,	12,	32,	0,	16,	0,	0,	0,	0,	0,	211,	0,	0),
(292637,	81,	2,	NULL,	12,	29,	0,	18,	0,	0,	0,	0,	0,	197,	0,	0),
(292638,	82,	2,	NULL,	12,	42,	0,	15,	0,	0,	0,	0,	0,	239,	0,	0),
(292639,	83,	2,	NULL,	12,	30,	0,	13,	0,	0,	0,	0,	0,	186,	0,	0),
(292640,	84,	2,	NULL,	12,	31,	0,	18,	0,	0,	0,	0,	0,	206,	0,	0),
(292641,	85,	2,	NULL,	12,	34,	0,	19,	0,	0,	0,	0,	0,	229,	0,	0),
(292642,	86,	2,	NULL,	12,	30,	0,	16,	0,	0,	0,	0,	0,	201,	0,	0),
(292643,	87,	2,	NULL,	12,	35,	0,	16,	0,	0,	0,	0,	0,	220,	0,	0),
(292644,	88,	2,	NULL,	12,	33,	0,	14,	0,	0,	0,	0,	0,	207,	0,	0),
(292645,	89,	2,	NULL,	12,	31,	0,	17,	0,	0,	0,	0,	0,	204,	0,	0),
(292646,	90,	2,	NULL,	12,	33,	0,	18,	0,	0,	0,	0,	0,	220,	0,	0),
(292647,	91,	2,	NULL,	12,	31,	0,	16,	0,	0,	0,	0,	0,	203,	0,	0),
(292648,	92,	2,	NULL,	12,	32,	0,	15,	0,	0,	0,	0,	0,	199,	0,	0),
(292649,	93,	2,	NULL,	12,	33,	0,	14,	0,	0,	0,	0,	0,	207,	0,	0),
(292650,	94,	2,	NULL,	12,	29,	0,	14,	0,	0,	0,	0,	0,	186,	0,	0),
(292651,	95,	2,	NULL,	12,	30,	0,	13,	0,	0,	0,	0,	0,	181,	0,	0),
(292652,	96,	2,	NULL,	12,	29,	0,	16,	0,	0,	0,	0,	0,	196,	0,	0),
(292653,	97,	2,	NULL,	12,	29,	0,	15,	0,	0,	0,	0,	0,	190,	0,	0),
(292654,	98,	2,	NULL,	12,	29,	0,	18,	0,	0,	0,	0,	0,	197,	0,	0),
(292655,	99,	2,	NULL,	12,	35,	0,	14,	0,	0,	0,	0,	0,	206,	0,	0),
(292656,	100,	2,	NULL,	12,	30,	0,	18,	0,	0,	0,	0,	0,	211,	0,	0),
(292657,	101,	2,	NULL,	12,	36,	0,	11,	0,	0,	0,	0,	0,	201,	0,	0),
(292658,	102,	2,	NULL,	12,	30,	0,	13,	0,	0,	0,	0,	0,	187,	0,	0),
(292659,	103,	2,	NULL,	12,	31,	0,	14,	0,	0,	0,	0,	0,	189,	0,	0),
(292660,	104,	2,	NULL,	12,	35,	0,	19,	0,	0,	0,	0,	0,	231,	0,	0),
(292661,	105,	2,	NULL,	12,	39,	0,	12,	0,	0,	0,	0,	0,	220,	0,	0),
(292662,	106,	2,	NULL,	12,	37,	0,	15,	0,	0,	0,	0,	0,	227,	0,	0),
(292663,	107,	2,	NULL,	12,	27,	0,	17,	0,	0,	0,	0,	0,	192,	0,	0),
(292664,	108,	2,	NULL,	12,	34,	0,	16,	0,	0,	0,	0,	0,	214,	0,	0),
(292665,	109,	2,	NULL,	12,	29,	0,	16,	0,	0,	0,	0,	0,	194,	0,	0),
(292666,	110,	2,	NULL,	12,	30,	0,	15,	0,	0,	0,	0,	0,	191,	0,	0),
(292667,	111,	2,	NULL,	12,	34,	0,	15,	0,	0,	0,	0,	0,	208,	0,	0),
(292668,	112,	2,	NULL,	12,	31,	0,	14,	0,	0,	0,	0,	0,	193,	0,	0),
(292669,	113,	2,	NULL,	12,	33,	0,	14,	0,	0,	0,	0,	0,	205,	0,	0),
(292670,	114,	2,	NULL,	12,	27,	0,	11,	0,	0,	0,	0,	0,	163,	0,	0),
(292671,	115,	2,	NULL,	12,	38,	0,	16,	0,	0,	0,	0,	0,	229,	0,	0),
(292672,	116,	2,	NULL,	12,	35,	0,	14,	0,	0,	0,	0,	0,	212,	0,	0),
(292673,	117,	2,	NULL,	12,	31,	0,	17,	0,	0,	0,	0,	0,	204,	0,	0),
(292674,	118,	2,	NULL,	12,	24,	0,	14,	0,	0,	0,	0,	0,	161,	0,	0),
(292675,	119,	2,	NULL,	12,	29,	0,	14,	0,	0,	0,	0,	0,	186,	0,	0),
(292676,	120,	2,	NULL,	12,	35,	0,	15,	0,	0,	0,	0,	0,	218,	0,	0),
(292677,	121,	2,	NULL,	12,	37,	0,	12,	0,	0,	0,	0,	0,	208,	0,	0),
(292678,	122,	2,	NULL,	12,	27,	0,	15,	0,	0,	0,	0,	0,	185,	0,	0),
(292679,	123,	2,	NULL,	12,	26,	0,	14,	0,	0,	0,	0,	0,	170,	0,	0),
(292680,	124,	2,	NULL,	12,	36,	0,	15,	0,	0,	0,	0,	0,	214,	0,	0),
(292681,	125,	2,	NULL,	12,	27,	0,	15,	0,	0,	0,	0,	0,	176,	0,	0),
(292682,	126,	2,	NULL,	12,	31,	0,	13,	0,	0,	0,	0,	0,	185,	0,	0),
(292683,	127,	2,	NULL,	12,	34,	0,	13,	0,	0,	0,	0,	0,	203,	0,	0),
(292684,	128,	2,	NULL,	16,	32,	0,	10,	0,	0,	0,	0,	0,	185,	0,	0),
(292685,	129,	2,	NULL,	12,	28,	0,	16,	0,	0,	0,	0,	0,	190,	0,	0),
(292686,	130,	2,	NULL,	12,	27,	0,	14,	0,	0,	0,	0,	0,	179,	0,	0),
(292687,	131,	2,	NULL,	12,	33,	0,	17,	0,	0,	0,	0,	0,	216,	0,	0),
(292688,	132,	2,	NULL,	12,	31,	0,	15,	0,	0,	0,	0,	0,	202,	0,	0),
(292689,	133,	2,	NULL,	12,	27,	0,	14,	0,	0,	0,	0,	0,	175,	0,	0),
(292690,	134,	2,	NULL,	12,	31,	0,	13,	0,	0,	0,	0,	0,	194,	0,	0),
(292691,	135,	2,	NULL,	12,	33,	0,	15,	0,	0,	0,	0,	0,	207,	0,	0),
(292692,	136,	2,	NULL,	12,	33,	0,	12,	0,	0,	0,	0,	0,	191,	0,	0),
(292693,	137,	2,	NULL,	12,	40,	0,	13,	0,	0,	0,	0,	0,	229,	0,	0),
(292694,	138,	2,	NULL,	12,	31,	0,	13,	0,	0,	0,	0,	0,	194,	0,	0),
(292695,	139,	2,	NULL,	12,	32,	0,	13,	0,	0,	0,	0,	0,	198,	0,	0),
(292696,	140,	2,	NULL,	12,	36,	0,	13,	0,	0,	0,	0,	0,	216,	0,	0),
(292697,	141,	2,	NULL,	12,	27,	0,	14,	0,	0,	0,	0,	0,	177,	0,	0),
(292698,	142,	2,	NULL,	12,	32,	0,	16,	0,	0,	0,	0,	0,	211,	0,	0),
(292699,	143,	2,	NULL,	12,	26,	0,	13,	0,	0,	0,	0,	0,	167,	0,	0),
(292700,	144,	2,	NULL,	12,	32,	0,	13,	0,	0,	0,	0,	0,	189,	0,	0),
(292701,	145,	2,	NULL,	12,	34,	0,	13,	0,	0,	0,	0,	0,	199,	0,	0),
(292702,	146,	2,	NULL,	12,	35,	0,	16,	0,	0,	0,	0,	0,	220,	0,	0),
(292703,	147,	2,	NULL,	16,	36,	0,	10,	0,	0,	0,	0,	0,	201,	0,	0),
(292704,	148,	2,	NULL,	12,	36,	0,	16,	0,	0,	0,	0,	0,	218,	0,	0),
(292705,	149,	2,	NULL,	16,	31,	0,	13,	0,	0,	0,	0,	0,	188,	0,	0),
(292706,	150,	2,	NULL,	12,	34,	0,	13,	0,	0,	0,	0,	0,	199,	0,	0),
(292707,	1,	20,	NULL,	12,	30,	0,	19,	0,	0,	0,	0,	0,	210,	0,	0),
(292708,	2,	20,	NULL,	12,	28,	0,	12,	0,	0,	0,	0,	0,	174,	0,	0),
(292709,	3,	20,	NULL,	12,	36,	0,	12,	0,	0,	0,	0,	0,	211,	0,	0),
(292710,	4,	20,	NULL,	12,	29,	0,	16,	0,	0,	0,	0,	0,	191,	0,	0),
(292711,	5,	20,	NULL,	12,	33,	0,	15,	0,	0,	0,	0,	0,	204,	0,	0),
(292712,	6,	20,	NULL,	12,	32,	0,	15,	0,	0,	0,	0,	0,	207,	0,	0),
(292713,	7,	20,	NULL,	12,	31,	0,	13,	0,	0,	0,	0,	0,	187,	0,	0),
(292714,	8,	20,	NULL,	12,	28,	0,	14,	0,	0,	0,	0,	0,	185,	0,	0),
(292715,	9,	20,	NULL,	12,	34,	0,	13,	0,	0,	0,	0,	0,	207,	0,	0),
(292716,	10,	20,	NULL,	12,	34,	0,	14,	0,	0,	0,	0,	0,	209,	0,	0),
(292717,	11,	20,	NULL,	12,	38,	0,	14,	0,	0,	0,	0,	0,	229,	0,	0),
(292718,	12,	20,	NULL,	12,	29,	0,	15,	0,	0,	0,	0,	0,	188,	0,	0),
(292719,	13,	20,	NULL,	12,	27,	0,	17,	0,	0,	0,	0,	0,	187,	0,	0),
(292720,	14,	20,	NULL,	12,	33,	0,	13,	0,	0,	0,	0,	0,	201,	0,	0),
(292721,	15,	20,	NULL,	12,	26,	0,	14,	0,	0,	0,	0,	0,	168,	0,	0),
(292722,	16,	20,	NULL,	12,	30,	0,	15,	0,	0,	0,	0,	0,	198,	0,	0),
(292723,	17,	20,	NULL,	12,	33,	0,	12,	0,	0,	0,	0,	0,	196,	0,	0),
(292724,	18,	20,	NULL,	12,	37,	0,	16,	0,	0,	0,	0,	0,	231,	0,	0),
(292725,	19,	20,	NULL,	12,	37,	0,	13,	0,	0,	0,	0,	0,	216,	0,	0),
(292726,	20,	20,	NULL,	12,	28,	0,	16,	0,	0,	0,	0,	0,	187,	0,	0),
(292727,	21,	20,	NULL,	12,	36,	0,	19,	0,	0,	0,	0,	0,	240,	0,	0),
(292728,	22,	20,	NULL,	12,	36,	0,	15,	0,	0,	0,	0,	0,	224,	0,	0),
(292729,	23,	20,	NULL,	12,	35,	0,	16,	0,	0,	0,	0,	0,	224,	0,	0),
(292730,	24,	20,	NULL,	12,	30,	0,	13,	0,	0,	0,	0,	0,	181,	0,	0),
(292731,	25,	20,	NULL,	12,	36,	0,	19,	0,	0,	0,	0,	0,	242,	0,	0),
(292732,	26,	20,	NULL,	12,	26,	0,	14,	0,	0,	0,	0,	0,	170,	0,	0),
(292733,	27,	20,	NULL,	12,	33,	0,	17,	0,	0,	0,	0,	0,	214,	0,	0),
(292734,	28,	20,	NULL,	12,	27,	0,	12,	0,	0,	0,	0,	0,	167,	0,	0),
(292735,	29,	20,	NULL,	12,	30,	0,	18,	0,	0,	0,	0,	0,	211,	0,	0),
(292736,	30,	20,	NULL,	12,	34,	0,	15,	0,	0,	0,	0,	0,	210,	0,	0),
(292737,	31,	20,	NULL,	12,	32,	0,	14,	0,	0,	0,	0,	0,	193,	0,	0),
(292738,	32,	20,	NULL,	12,	31,	0,	16,	0,	0,	0,	0,	0,	201,	0,	0),
(292739,	33,	20,	NULL,	12,	31,	0,	17,	0,	0,	0,	0,	0,	205,	0,	0),
(292740,	34,	20,	NULL,	12,	21,	0,	13,	0,	0,	0,	0,	0,	144,	0,	0),
(292741,	35,	20,	NULL,	12,	35,	0,	15,	0,	0,	0,	0,	0,	218,	0,	0),
(292742,	36,	20,	NULL,	12,	31,	0,	18,	0,	0,	0,	0,	0,	212,	0,	0),
(292743,	37,	20,	NULL,	12,	30,	0,	15,	0,	0,	0,	0,	0,	191,	0,	0),
(292744,	38,	20,	NULL,	12,	36,	0,	13,	0,	0,	0,	0,	0,	206,	0,	0),
(292745,	39,	20,	NULL,	12,	35,	0,	10,	0,	0,	0,	0,	0,	194,	0,	0),
(292746,	40,	20,	NULL,	12,	30,	0,	18,	0,	0,	0,	0,	0,	204,	0,	0),
(292747,	41,	20,	NULL,	12,	31,	0,	16,	0,	0,	0,	0,	0,	207,	0,	0),
(292748,	42,	20,	NULL,	12,	31,	0,	12,	0,	0,	0,	0,	0,	181,	0,	0),
(292749,	43,	20,	NULL,	12,	24,	0,	15,	0,	0,	0,	0,	0,	170,	0,	0),
(292750,	44,	20,	NULL,	12,	34,	0,	16,	0,	0,	0,	0,	0,	218,	0,	0),
(292751,	45,	20,	NULL,	12,	38,	0,	15,	0,	0,	0,	0,	0,	225,	0,	0),
(292752,	46,	20,	NULL,	12,	32,	0,	14,	0,	0,	0,	0,	0,	202,	0,	0),
(292753,	47,	20,	NULL,	12,	43,	0,	14,	0,	0,	0,	0,	0,	249,	0,	0),
(292754,	48,	20,	NULL,	12,	24,	0,	13,	0,	0,	0,	0,	0,	160,	0,	0),
(292755,	49,	20,	NULL,	12,	35,	0,	15,	0,	0,	0,	0,	0,	214,	0,	0),
(292756,	50,	20,	NULL,	12,	29,	0,	18,	0,	0,	0,	0,	0,	207,	0,	0),
(292757,	51,	20,	NULL,	12,	33,	0,	15,	0,	0,	0,	0,	0,	209,	0,	0),
(292758,	52,	20,	NULL,	12,	37,	0,	10,	0,	0,	0,	0,	0,	207,	0,	0),
(292759,	53,	20,	NULL,	12,	29,	0,	17,	0,	0,	0,	0,	0,	195,	0,	0),
(292760,	54,	20,	NULL,	12,	32,	0,	13,	0,	0,	0,	0,	0,	191,	0,	0),
(292761,	55,	20,	NULL,	12,	30,	0,	16,	0,	0,	0,	0,	0,	195,	0,	0),
(292762,	56,	20,	NULL,	12,	25,	0,	16,	0,	0,	0,	0,	0,	179,	0,	0),
(292763,	57,	20,	NULL,	12,	25,	0,	17,	0,	0,	0,	0,	0,	183,	0,	0),
(292764,	58,	20,	NULL,	12,	36,	0,	16,	0,	0,	0,	0,	0,	225,	0,	0),
(292765,	59,	20,	NULL,	12,	29,	0,	14,	0,	0,	0,	0,	0,	184,	0,	0),
(292766,	60,	20,	NULL,	12,	27,	0,	17,	0,	0,	0,	0,	0,	192,	0,	0),
(292767,	61,	20,	NULL,	12,	33,	0,	16,	0,	0,	0,	0,	0,	208,	0,	0),
(292768,	62,	20,	NULL,	12,	20,	0,	15,	0,	0,	0,	0,	0,	154,	0,	0),
(292769,	63,	20,	NULL,	12,	36,	0,	17,	0,	0,	0,	0,	0,	227,	0,	0),
(292770,	64,	20,	NULL,	12,	22,	0,	16,	0,	0,	0,	0,	0,	161,	0,	0),
(292771,	65,	20,	NULL,	12,	28,	0,	18,	0,	0,	0,	0,	0,	195,	0,	0),
(292772,	66,	20,	NULL,	12,	35,	0,	13,	0,	0,	0,	0,	0,	207,	0,	0),
(292773,	67,	20,	NULL,	12,	38,	0,	17,	0,	0,	0,	0,	0,	235,	0,	0),
(292774,	68,	20,	NULL,	12,	33,	0,	15,	0,	0,	0,	0,	0,	211,	0,	0),
(292775,	69,	20,	NULL,	12,	27,	0,	16,	0,	0,	0,	0,	0,	189,	0,	0),
(292776,	70,	20,	NULL,	12,	25,	0,	18,	0,	0,	0,	0,	0,	189,	0,	0),
(292777,	71,	20,	NULL,	12,	25,	0,	16,	0,	0,	0,	0,	0,	179,	0,	0),
(292778,	72,	20,	NULL,	12,	25,	0,	15,	0,	0,	0,	0,	0,	173,	0,	0),
(292779,	73,	20,	NULL,	12,	32,	0,	16,	0,	0,	0,	0,	0,	207,	0,	0),
(292780,	74,	20,	NULL,	12,	34,	0,	13,	0,	0,	0,	0,	0,	203,	0,	0),
(292781,	75,	20,	NULL,	12,	35,	0,	15,	0,	0,	0,	0,	0,	214,	0,	0),
(292782,	76,	20,	NULL,	12,	37,	0,	12,	0,	0,	0,	0,	0,	208,	0,	0),
(292783,	77,	20,	NULL,	12,	25,	0,	14,	0,	0,	0,	0,	0,	168,	0,	0),
(292784,	78,	20,	NULL,	12,	32,	0,	18,	0,	0,	0,	0,	0,	210,	0,	0),
(292785,	79,	20,	NULL,	12,	28,	0,	14,	0,	0,	0,	0,	0,	185,	0,	0),
(292786,	80,	20,	NULL,	12,	34,	0,	19,	0,	0,	0,	0,	0,	229,	0,	0),
(292787,	81,	20,	NULL,	12,	29,	0,	17,	0,	0,	0,	0,	0,	201,	0,	0),
(292788,	82,	20,	NULL,	12,	37,	0,	15,	0,	0,	0,	0,	0,	220,	0,	0),
(292789,	83,	20,	NULL,	12,	38,	0,	13,	0,	0,	0,	0,	0,	222,	0,	0),
(292790,	84,	20,	NULL,	12,	35,	0,	18,	0,	0,	0,	0,	0,	229,	0,	0),
(292791,	85,	20,	NULL,	12,	26,	0,	17,	0,	0,	0,	0,	0,	189,	0,	0),
(292792,	86,	20,	NULL,	12,	32,	0,	14,	0,	0,	0,	0,	0,	195,	0,	0),
(292793,	87,	20,	NULL,	12,	29,	0,	15,	0,	0,	0,	0,	0,	187,	0,	0),
(292794,	88,	20,	NULL,	12,	33,	0,	12,	0,	0,	0,	0,	0,	198,	0,	0),
(292795,	89,	20,	NULL,	12,	29,	0,	15,	0,	0,	0,	0,	0,	192,	0,	0),
(292796,	90,	20,	NULL,	12,	36,	0,	13,	0,	0,	0,	0,	0,	210,	0,	0),
(292797,	91,	20,	NULL,	12,	33,	0,	15,	0,	0,	0,	0,	0,	211,	0,	0),
(292798,	92,	20,	NULL,	12,	26,	0,	17,	0,	0,	0,	0,	0,	181,	0,	0),
(292799,	93,	20,	NULL,	12,	35,	0,	15,	0,	0,	0,	0,	0,	216,	0,	0),
(292800,	94,	20,	NULL,	12,	27,	0,	18,	0,	0,	0,	0,	0,	193,	0,	0),
(292801,	95,	20,	NULL,	12,	32,	0,	14,	0,	0,	0,	0,	0,	193,	0,	0),
(292802,	96,	20,	NULL,	12,	30,	0,	17,	0,	0,	0,	0,	0,	203,	0,	0),
(292803,	97,	20,	NULL,	12,	26,	0,	16,	0,	0,	0,	0,	0,	181,	0,	0),
(292804,	98,	20,	NULL,	12,	25,	0,	15,	0,	0,	0,	0,	0,	174,	0,	0),
(292805,	99,	20,	NULL,	12,	35,	0,	14,	0,	0,	0,	0,	0,	210,	0,	0),
(292806,	100,	20,	NULL,	12,	31,	0,	13,	0,	0,	0,	0,	0,	187,	0,	0),
(292807,	101,	20,	NULL,	12,	34,	0,	14,	0,	0,	0,	0,	0,	207,	0,	0),
(292808,	102,	20,	NULL,	12,	36,	0,	15,	0,	0,	0,	0,	0,	214,	0,	0),
(292809,	103,	20,	NULL,	12,	34,	0,	13,	0,	0,	0,	0,	0,	205,	0,	0),
(292810,	104,	20,	NULL,	12,	29,	0,	16,	0,	0,	0,	0,	0,	193,	0,	0),
(292811,	105,	20,	NULL,	12,	24,	0,	14,	0,	0,	0,	0,	0,	167,	0,	0),
(292812,	106,	20,	NULL,	12,	25,	0,	17,	0,	0,	0,	0,	0,	183,	0,	0),
(292813,	107,	20,	NULL,	12,	30,	0,	15,	0,	0,	0,	0,	0,	194,	0,	0),
(292814,	108,	20,	NULL,	12,	29,	0,	17,	0,	0,	0,	0,	0,	202,	0,	0),
(292815,	109,	20,	NULL,	12,	25,	0,	17,	0,	0,	0,	0,	0,	176,	0,	0),
(292816,	110,	20,	NULL,	12,	36,	0,	17,	0,	0,	0,	0,	0,	225,	0,	0),
(292817,	111,	20,	NULL,	12,	31,	0,	13,	0,	0,	0,	0,	0,	188,	0,	0),
(292818,	112,	20,	NULL,	12,	27,	0,	14,	0,	0,	0,	0,	0,	172,	0,	0),
(292819,	113,	20,	NULL,	12,	27,	0,	13,	0,	0,	0,	0,	0,	168,	0,	0),
(292820,	114,	20,	NULL,	12,	28,	0,	13,	0,	0,	0,	0,	0,	177,	0,	0),
(292821,	115,	20,	NULL,	12,	34,	0,	17,	0,	0,	0,	0,	0,	214,	0,	0),
(292822,	116,	20,	NULL,	12,	28,	0,	15,	0,	0,	0,	0,	0,	181,	0,	0),
(292823,	117,	20,	NULL,	12,	31,	0,	14,	0,	0,	0,	0,	0,	196,	0,	0),
(292824,	118,	20,	NULL,	12,	38,	0,	14,	0,	0,	0,	0,	0,	229,	0,	0),
(292825,	119,	20,	NULL,	12,	32,	0,	17,	0,	0,	0,	0,	0,	214,	0,	0),
(292826,	120,	20,	NULL,	12,	33,	0,	17,	0,	0,	0,	0,	0,	214,	0,	0),
(292827,	121,	20,	NULL,	12,	33,	0,	14,	0,	0,	0,	0,	0,	207,	0,	0),
(292828,	122,	20,	NULL,	12,	28,	0,	14,	0,	0,	0,	0,	0,	183,	0,	0),
(292829,	123,	20,	NULL,	12,	26,	0,	14,	0,	0,	0,	0,	0,	170,	0,	0),
(292830,	124,	20,	NULL,	12,	20,	0,	16,	0,	0,	0,	0,	0,	153,	0,	0),
(292831,	125,	20,	NULL,	12,	31,	0,	15,	0,	0,	0,	0,	0,	202,	0,	0),
(292832,	126,	20,	NULL,	12,	25,	0,	18,	0,	0,	0,	0,	0,	184,	0,	0),
(292833,	127,	20,	NULL,	12,	33,	0,	15,	0,	0,	0,	0,	0,	202,	0,	0),
(292834,	128,	20,	NULL,	12,	24,	0,	14,	0,	0,	0,	0,	0,	160,	0,	0),
(292835,	129,	20,	NULL,	12,	39,	0,	16,	0,	0,	0,	0,	0,	240,	0,	0),
(292836,	130,	20,	NULL,	12,	28,	0,	15,	0,	0,	0,	0,	0,	189,	0,	0),
(292837,	131,	20,	NULL,	12,	33,	0,	17,	0,	0,	0,	0,	0,	216,	0,	0),
(292838,	132,	20,	NULL,	12,	25,	0,	13,	0,	0,	0,	0,	0,	163,	0,	0),
(292839,	133,	20,	NULL,	12,	29,	0,	16,	0,	0,	0,	0,	0,	196,	0,	0),
(292840,	134,	20,	NULL,	12,	30,	0,	19,	0,	0,	0,	0,	0,	212,	0,	0),
(292841,	135,	20,	NULL,	12,	36,	0,	14,	0,	0,	0,	0,	0,	210,	0,	0),
(292842,	136,	20,	NULL,	12,	34,	0,	13,	0,	0,	0,	0,	0,	199,	0,	0),
(292843,	137,	20,	NULL,	12,	25,	0,	16,	0,	0,	0,	0,	0,	172,	0,	0),
(292844,	138,	20,	NULL,	12,	27,	0,	18,	0,	0,	0,	0,	0,	196,	0,	0),
(292845,	139,	20,	NULL,	12,	33,	0,	19,	0,	0,	0,	0,	0,	229,	0,	0),
(292846,	140,	20,	NULL,	12,	35,	0,	15,	0,	0,	0,	0,	0,	212,	0,	0),
(292847,	141,	20,	NULL,	12,	36,	0,	17,	0,	0,	0,	0,	0,	223,	0,	0),
(292848,	142,	20,	NULL,	12,	28,	0,	16,	0,	0,	0,	0,	0,	190,	0,	0),
(292849,	143,	20,	NULL,	12,	25,	0,	12,	0,	0,	0,	0,	0,	163,	0,	0),
(292850,	144,	20,	NULL,	12,	32,	0,	14,	0,	0,	0,	0,	0,	193,	0,	0),
(292851,	145,	20,	NULL,	12,	23,	0,	11,	0,	0,	0,	0,	0,	150,	0,	0),
(292852,	146,	20,	NULL,	12,	31,	0,	18,	0,	0,	0,	0,	0,	214,	0,	0),
(292853,	147,	20,	NULL,	12,	27,	0,	15,	0,	0,	0,	0,	0,	176,	0,	0),
(292854,	148,	20,	NULL,	12,	26,	0,	14,	0,	0,	0,	0,	0,	174,	0,	0),
(292855,	149,	20,	NULL,	12,	27,	0,	18,	0,	0,	0,	0,	0,	198,	0,	0),
(292856,	150,	20,	NULL,	12,	37,	0,	15,	0,	0,	0,	0,	0,	220,	0,	0),
(293007,	1,	7,	NULL,	12,	26,	0,	12,	0,	0,	0,	0,	0,	164,	0,	0),
(293008,	2,	7,	NULL,	12,	28,	0,	8,	0,	0,	0,	0,	0,	153,	0,	0),
(293009,	3,	7,	NULL,	12,	17,	0,	10,	0,	0,	0,	0,	0,	113,	0,	0),
(293010,	4,	7,	NULL,	12,	26,	0,	15,	0,	0,	0,	0,	0,	177,	0,	0),
(293011,	5,	7,	NULL,	12,	25,	0,	10,	0,	0,	0,	0,	0,	147,	0,	0),
(293012,	6,	7,	NULL,	12,	23,	0,	11,	0,	0,	0,	0,	0,	144,	0,	0),
(293013,	7,	7,	NULL,	12,	19,	0,	10,	0,	0,	0,	0,	0,	123,	0,	0),
(293014,	8,	7,	NULL,	12,	28,	0,	11,	0,	0,	0,	0,	0,	168,	0,	0),
(293015,	9,	7,	NULL,	12,	24,	0,	14,	0,	0,	0,	0,	0,	166,	0,	0),
(293016,	10,	7,	NULL,	12,	21,	0,	9,	0,	0,	0,	0,	0,	130,	0,	0),
(293017,	11,	7,	NULL,	12,	26,	0,	13,	0,	0,	0,	0,	0,	167,	0,	0),
(293018,	12,	7,	NULL,	12,	30,	0,	9,	0,	0,	0,	0,	0,	170,	0,	0),
(293019,	13,	7,	NULL,	12,	21,	0,	9,	0,	0,	0,	0,	0,	132,	0,	0),
(293020,	14,	7,	NULL,	12,	26,	0,	8,	0,	0,	0,	0,	0,	146,	0,	0),
(293021,	15,	7,	NULL,	12,	30,	0,	10,	0,	0,	0,	0,	0,	170,	0,	0),
(293022,	16,	7,	NULL,	12,	20,	0,	12,	0,	0,	0,	0,	0,	136,	0,	0),
(293023,	17,	7,	NULL,	12,	23,	0,	10,	0,	0,	0,	0,	0,	143,	0,	0),
(293024,	18,	7,	NULL,	12,	18,	0,	13,	0,	0,	0,	0,	0,	136,	0,	0),
(293025,	19,	7,	NULL,	12,	23,	0,	13,	0,	0,	0,	0,	0,	157,	0,	0),
(293026,	20,	7,	NULL,	12,	33,	0,	14,	0,	0,	0,	0,	0,	207,	0,	0),
(293027,	21,	7,	NULL,	12,	26,	0,	13,	0,	0,	0,	0,	0,	165,	0,	0),
(293028,	22,	7,	NULL,	12,	18,	0,	11,	0,	0,	0,	0,	0,	124,	0,	0),
(293029,	23,	7,	NULL,	12,	25,	0,	11,	0,	0,	0,	0,	0,	157,	0,	0),
(293030,	24,	7,	NULL,	12,	22,	0,	12,	0,	0,	0,	0,	0,	143,	0,	0),
(293031,	25,	7,	NULL,	12,	30,	0,	10,	0,	0,	0,	0,	0,	173,	0,	0),
(293032,	26,	7,	NULL,	12,	22,	0,	11,	0,	0,	0,	0,	0,	140,	0,	0),
(293033,	27,	7,	NULL,	12,	24,	0,	8,	0,	0,	0,	0,	0,	137,	0,	0),
(293034,	28,	7,	NULL,	12,	24,	0,	10,	0,	0,	0,	0,	0,	147,	0,	0),
(293035,	29,	7,	NULL,	12,	21,	0,	12,	0,	0,	0,	0,	0,	145,	0,	0),
(293036,	30,	7,	NULL,	12,	17,	0,	10,	0,	0,	0,	0,	0,	117,	0,	0),
(293037,	31,	7,	NULL,	12,	21,	0,	8,	0,	0,	0,	0,	0,	128,	0,	0),
(293038,	32,	7,	NULL,	12,	19,	0,	11,	0,	0,	0,	0,	0,	130,	0,	0),
(293039,	33,	7,	NULL,	12,	21,	0,	11,	0,	0,	0,	0,	0,	141,	0,	0),
(293040,	34,	7,	NULL,	12,	28,	0,	10,	0,	0,	0,	0,	0,	163,	0,	0),
(293041,	35,	7,	NULL,	12,	27,	0,	12,	0,	0,	0,	0,	0,	167,	0,	0),
(293042,	36,	7,	NULL,	12,	26,	0,	10,	0,	0,	0,	0,	0,	153,	0,	0),
(293043,	37,	7,	NULL,	12,	27,	0,	13,	0,	0,	0,	0,	0,	170,	0,	0),
(293044,	38,	7,	NULL,	12,	34,	0,	12,	0,	0,	0,	0,	0,	197,	0,	0),
(293045,	39,	7,	NULL,	12,	24,	0,	13,	0,	0,	0,	0,	0,	161,	0,	0),
(293046,	40,	7,	NULL,	12,	17,	0,	12,	0,	0,	0,	0,	0,	125,	0,	0),
(293047,	41,	7,	NULL,	12,	19,	0,	13,	0,	0,	0,	0,	0,	136,	0,	0),
(293048,	42,	7,	NULL,	12,	22,	0,	12,	0,	0,	0,	0,	0,	143,	0,	0),
(293049,	43,	7,	NULL,	12,	22,	0,	10,	0,	0,	0,	0,	0,	136,	0,	0),
(293050,	44,	7,	NULL,	12,	15,	0,	11,	0,	0,	0,	0,	0,	110,	0,	0),
(293051,	45,	7,	NULL,	12,	20,	0,	12,	0,	0,	0,	0,	0,	138,	0,	0),
(293052,	46,	7,	NULL,	12,	21,	0,	11,	0,	0,	0,	0,	0,	138,	0,	0),
(293053,	47,	7,	NULL,	12,	20,	0,	10,	0,	0,	0,	0,	0,	126,	0,	0),
(293054,	48,	7,	NULL,	12,	24,	0,	13,	0,	0,	0,	0,	0,	161,	0,	0),
(293055,	49,	7,	NULL,	12,	24,	0,	11,	0,	0,	0,	0,	0,	150,	0,	0),
(293056,	50,	7,	NULL,	12,	30,	0,	10,	0,	0,	0,	0,	0,	171,	0,	0),
(293057,	51,	7,	NULL,	12,	26,	0,	9,	0,	0,	0,	0,	0,	154,	0,	0),
(293058,	52,	7,	NULL,	12,	30,	0,	9,	0,	0,	0,	0,	0,	170,	0,	0),
(293059,	53,	7,	NULL,	12,	22,	0,	12,	0,	0,	0,	0,	0,	148,	0,	0),
(293060,	54,	7,	NULL,	12,	21,	0,	10,	0,	0,	0,	0,	0,	136,	0,	0),
(293061,	55,	7,	NULL,	12,	22,	0,	14,	0,	0,	0,	0,	0,	153,	0,	0),
(293062,	56,	7,	NULL,	12,	21,	0,	11,	0,	0,	0,	0,	0,	141,	0,	0),
(293063,	57,	7,	NULL,	12,	23,	0,	11,	0,	0,	0,	0,	0,	143,	0,	0),
(293064,	58,	7,	NULL,	12,	31,	0,	10,	0,	0,	0,	0,	0,	174,	0,	0),
(293065,	59,	7,	NULL,	12,	27,	0,	12,	0,	0,	0,	0,	0,	165,	0,	0),
(293066,	60,	7,	NULL,	12,	24,	0,	13,	0,	0,	0,	0,	0,	158,	0,	0),
(293067,	61,	7,	NULL,	12,	23,	0,	14,	0,	0,	0,	0,	0,	155,	0,	0),
(293068,	62,	7,	NULL,	12,	22,	0,	12,	0,	0,	0,	0,	0,	147,	0,	0),
(293069,	63,	7,	NULL,	12,	21,	0,	11,	0,	0,	0,	0,	0,	140,	0,	0),
(293070,	64,	7,	NULL,	12,	25,	0,	13,	0,	0,	0,	0,	0,	163,	0,	0),
(293071,	65,	7,	NULL,	12,	22,	0,	10,	0,	0,	0,	0,	0,	137,	0,	0),
(293072,	66,	7,	NULL,	12,	28,	0,	10,	0,	0,	0,	0,	0,	167,	0,	0),
(293073,	67,	7,	NULL,	12,	16,	0,	9,	0,	0,	0,	0,	0,	106,	0,	0),
(293074,	68,	7,	NULL,	12,	22,	0,	12,	0,	0,	0,	0,	0,	147,	0,	0),
(293075,	69,	7,	NULL,	12,	22,	0,	11,	0,	0,	0,	0,	0,	143,	0,	0),
(293076,	70,	7,	NULL,	12,	26,	0,	9,	0,	0,	0,	0,	0,	153,	0,	0),
(293077,	71,	7,	NULL,	12,	29,	0,	12,	0,	0,	0,	0,	0,	177,	0,	0),
(293078,	72,	7,	NULL,	12,	22,	0,	12,	0,	0,	0,	0,	0,	146,	0,	0),
(293079,	73,	7,	NULL,	12,	23,	0,	11,	0,	0,	0,	0,	0,	148,	0,	0),
(293080,	74,	7,	NULL,	12,	24,	0,	10,	0,	0,	0,	0,	0,	144,	0,	0),
(293081,	75,	7,	NULL,	12,	24,	0,	7,	0,	0,	0,	0,	0,	130,	0,	0),
(293082,	76,	7,	NULL,	12,	19,	0,	11,	0,	0,	0,	0,	0,	132,	0,	0),
(293083,	77,	7,	NULL,	12,	27,	0,	10,	0,	0,	0,	0,	0,	161,	0,	0),
(293084,	78,	7,	NULL,	12,	18,	0,	13,	0,	0,	0,	0,	0,	131,	0,	0),
(293085,	79,	7,	NULL,	12,	26,	0,	12,	0,	0,	0,	0,	0,	161,	0,	0),
(293086,	80,	7,	NULL,	12,	22,	0,	11,	0,	0,	0,	0,	0,	145,	0,	0),
(293087,	81,	7,	NULL,	12,	20,	0,	9,	0,	0,	0,	0,	0,	126,	0,	0),
(293088,	82,	7,	NULL,	12,	25,	0,	11,	0,	0,	0,	0,	0,	154,	0,	0),
(293089,	83,	7,	NULL,	12,	20,	0,	11,	0,	0,	0,	0,	0,	131,	0,	0),
(293090,	84,	7,	NULL,	12,	22,	0,	9,	0,	0,	0,	0,	0,	136,	0,	0),
(293091,	85,	7,	NULL,	12,	29,	0,	11,	0,	0,	0,	0,	0,	171,	0,	0),
(293092,	86,	7,	NULL,	12,	31,	0,	10,	0,	0,	0,	0,	0,	179,	0,	0),
(293093,	87,	7,	NULL,	12,	28,	0,	10,	0,	0,	0,	0,	0,	160,	0,	0),
(293094,	88,	7,	NULL,	12,	22,	0,	13,	0,	0,	0,	0,	0,	147,	0,	0),
(293095,	89,	7,	NULL,	12,	22,	0,	11,	0,	0,	0,	0,	0,	141,	0,	0),
(293096,	90,	7,	NULL,	12,	22,	0,	10,	0,	0,	0,	0,	0,	134,	0,	0),
(293097,	91,	7,	NULL,	12,	18,	0,	9,	0,	0,	0,	0,	0,	118,	0,	0),
(293098,	92,	7,	NULL,	12,	27,	0,	12,	0,	0,	0,	0,	0,	168,	0,	0),
(293099,	93,	7,	NULL,	12,	22,	0,	12,	0,	0,	0,	0,	0,	150,	0,	0),
(293100,	94,	7,	NULL,	12,	24,	0,	11,	0,	0,	0,	0,	0,	150,	0,	0),
(293101,	95,	7,	NULL,	12,	25,	0,	10,	0,	0,	0,	0,	0,	147,	0,	0),
(293102,	96,	7,	NULL,	12,	22,	0,	14,	0,	0,	0,	0,	0,	157,	0,	0),
(293103,	97,	7,	NULL,	12,	25,	0,	11,	0,	0,	0,	0,	0,	158,	0,	0),
(293104,	98,	7,	NULL,	12,	19,	0,	9,	0,	0,	0,	0,	0,	119,	0,	0),
(293105,	99,	7,	NULL,	12,	23,	0,	13,	0,	0,	0,	0,	0,	158,	0,	0),
(293106,	100,	7,	NULL,	12,	28,	0,	12,	0,	0,	0,	0,	0,	170,	0,	0),
(293107,	101,	7,	NULL,	12,	25,	0,	9,	0,	0,	0,	0,	0,	147,	0,	0),
(293108,	102,	7,	NULL,	12,	31,	0,	15,	0,	0,	0,	0,	0,	195,	0,	0),
(293109,	103,	7,	NULL,	12,	20,	0,	11,	0,	0,	0,	0,	0,	130,	0,	0),
(293110,	104,	7,	NULL,	12,	25,	0,	11,	0,	0,	0,	0,	0,	156,	0,	0),
(293111,	105,	7,	NULL,	12,	25,	0,	8,	0,	0,	0,	0,	0,	144,	0,	0),
(293112,	106,	7,	NULL,	12,	23,	0,	9,	0,	0,	0,	0,	0,	136,	0,	0),
(293113,	107,	7,	NULL,	12,	22,	0,	11,	0,	0,	0,	0,	0,	145,	0,	0),
(293114,	108,	7,	NULL,	12,	25,	0,	11,	0,	0,	0,	0,	0,	153,	0,	0),
(293115,	109,	7,	NULL,	12,	21,	0,	12,	0,	0,	0,	0,	0,	143,	0,	0),
(293116,	110,	7,	NULL,	14,	27,	0,	10,	0,	0,	0,	0,	0,	161,	0,	0),
(293117,	111,	7,	NULL,	14,	25,	0,	10,	0,	0,	0,	0,	0,	148,	0,	0),
(293118,	112,	7,	NULL,	14,	21,	0,	10,	0,	0,	0,	0,	0,	136,	0,	0),
(293119,	113,	7,	NULL,	12,	22,	0,	10,	0,	0,	0,	0,	0,	138,	0,	0),
(293120,	114,	7,	NULL,	12,	20,	0,	10,	0,	0,	0,	0,	0,	126,	0,	0),
(293121,	115,	7,	NULL,	12,	26,	0,	9,	0,	0,	0,	0,	0,	154,	0,	0),
(293122,	116,	7,	NULL,	12,	27,	0,	12,	0,	0,	0,	0,	0,	167,	0,	0),
(293123,	117,	7,	NULL,	12,	33,	0,	12,	0,	0,	0,	0,	0,	198,	0,	0),
(293124,	118,	7,	NULL,	12,	27,	0,	12,	0,	0,	0,	0,	0,	167,	0,	0),
(293125,	119,	7,	NULL,	12,	22,	0,	12,	0,	0,	0,	0,	0,	150,	0,	0),
(293126,	120,	7,	NULL,	12,	31,	0,	10,	0,	0,	0,	0,	0,	177,	0,	0),
(293127,	121,	7,	NULL,	12,	22,	0,	9,	0,	0,	0,	0,	0,	133,	0,	0),
(293128,	122,	7,	NULL,	12,	19,	0,	12,	0,	0,	0,	0,	0,	131,	0,	0),
(293129,	123,	7,	NULL,	12,	21,	0,	11,	0,	0,	0,	0,	0,	138,	0,	0),
(293130,	124,	7,	NULL,	12,	25,	0,	11,	0,	0,	0,	0,	0,	151,	0,	0),
(293131,	125,	7,	NULL,	12,	21,	0,	12,	0,	0,	0,	0,	0,	139,	0,	0),
(293132,	126,	7,	NULL,	12,	23,	0,	9,	0,	0,	0,	0,	0,	136,	0,	0),
(293133,	127,	7,	NULL,	12,	21,	0,	12,	0,	0,	0,	0,	0,	144,	0,	0),
(293134,	128,	7,	NULL,	12,	24,	0,	13,	0,	0,	0,	0,	0,	160,	0,	0),
(293135,	129,	7,	NULL,	12,	23,	0,	11,	0,	0,	0,	0,	0,	148,	0,	0),
(293136,	130,	7,	NULL,	12,	25,	0,	11,	0,	0,	0,	0,	0,	158,	0,	0),
(293137,	131,	7,	NULL,	12,	25,	0,	13,	0,	0,	0,	0,	0,	161,	0,	0),
(293138,	132,	7,	NULL,	12,	27,	0,	12,	0,	0,	0,	0,	0,	168,	0,	0),
(293139,	133,	7,	NULL,	12,	19,	0,	11,	0,	0,	0,	0,	0,	131,	0,	0),
(293140,	134,	7,	NULL,	12,	28,	0,	15,	0,	0,	0,	0,	0,	186,	0,	0),
(293141,	135,	7,	NULL,	12,	25,	0,	12,	0,	0,	0,	0,	0,	160,	0,	0),
(293142,	136,	7,	NULL,	12,	23,	0,	11,	0,	0,	0,	0,	0,	148,	0,	0),
(293143,	137,	7,	NULL,	12,	22,	0,	10,	0,	0,	0,	0,	0,	137,	0,	0),
(293144,	138,	7,	NULL,	12,	24,	0,	12,	0,	0,	0,	0,	0,	153,	0,	0),
(293145,	139,	7,	NULL,	12,	31,	0,	10,	0,	0,	0,	0,	0,	179,	0,	0),
(293146,	140,	7,	NULL,	12,	27,	0,	8,	0,	0,	0,	0,	0,	153,	0,	0),
(293147,	141,	7,	NULL,	12,	28,	0,	9,	0,	0,	0,	0,	0,	158,	0,	0),
(293148,	142,	7,	NULL,	12,	22,	0,	13,	0,	0,	0,	0,	0,	147,	0,	0),
(293149,	143,	7,	NULL,	12,	23,	0,	11,	0,	0,	0,	0,	0,	150,	0,	0),
(293150,	144,	7,	NULL,	14,	23,	0,	8,	0,	0,	0,	0,	0,	130,	0,	0),
(293151,	145,	7,	NULL,	14,	24,	0,	9,	0,	0,	0,	0,	0,	145,	0,	0),
(293152,	146,	7,	NULL,	14,	27,	0,	10,	0,	0,	0,	0,	0,	161,	0,	0),
(293153,	147,	7,	NULL,	12,	26,	0,	12,	0,	0,	0,	0,	0,	166,	0,	0),
(293154,	148,	7,	NULL,	12,	32,	0,	10,	0,	0,	0,	0,	0,	185,	0,	0),
(293155,	149,	7,	NULL,	12,	21,	0,	11,	0,	0,	0,	0,	0,	138,	0,	0),
(293156,	150,	7,	NULL,	12,	26,	0,	11,	0,	0,	0,	0,	0,	160,	0,	0),
(293157,	1,	17,	NULL,	12,	23,	0,	11,	0,	0,	0,	0,	0,	146,	0,	0),
(293158,	2,	17,	NULL,	12,	26,	0,	12,	0,	0,	0,	0,	0,	160,	0,	0),
(293159,	3,	17,	NULL,	12,	28,	0,	9,	0,	0,	0,	0,	0,	163,	0,	0),
(293160,	4,	17,	NULL,	12,	24,	0,	10,	0,	0,	0,	0,	0,	147,	0,	0),
(293161,	5,	17,	NULL,	12,	18,	0,	10,	0,	0,	0,	0,	0,	121,	0,	0),
(293162,	6,	17,	NULL,	12,	28,	0,	11,	0,	0,	0,	0,	0,	172,	0,	0),
(293163,	7,	17,	NULL,	12,	25,	0,	12,	0,	0,	0,	0,	0,	155,	0,	0),
(293164,	8,	17,	NULL,	12,	26,	0,	10,	0,	0,	0,	0,	0,	151,	0,	0),
(293165,	9,	17,	NULL,	12,	30,	0,	14,	0,	0,	0,	0,	0,	187,	0,	0),
(293166,	10,	17,	NULL,	12,	20,	0,	14,	0,	0,	0,	0,	0,	143,	0,	0),
(293167,	11,	17,	NULL,	12,	24,	0,	12,	0,	0,	0,	0,	0,	156,	0,	0),
(293168,	12,	17,	NULL,	12,	29,	0,	9,	0,	0,	0,	0,	0,	161,	0,	0),
(293169,	13,	17,	NULL,	12,	20,	0,	12,	0,	0,	0,	0,	0,	136,	0,	0),
(293170,	14,	17,	NULL,	12,	24,	0,	11,	0,	0,	0,	0,	0,	147,	0,	0),
(293171,	15,	17,	NULL,	12,	34,	0,	11,	0,	0,	0,	0,	0,	189,	0,	0),
(293172,	16,	17,	NULL,	12,	25,	0,	11,	0,	0,	0,	0,	0,	158,	0,	0),
(293173,	17,	17,	NULL,	12,	24,	0,	10,	0,	0,	0,	0,	0,	143,	0,	0),
(293174,	18,	17,	NULL,	12,	19,	0,	13,	0,	0,	0,	0,	0,	140,	0,	0),
(293175,	19,	17,	NULL,	12,	29,	0,	9,	0,	0,	0,	0,	0,	164,	0,	0),
(293176,	20,	17,	NULL,	12,	27,	0,	13,	0,	0,	0,	0,	0,	171,	0,	0),
(293177,	21,	17,	NULL,	12,	21,	0,	9,	0,	0,	0,	0,	0,	126,	0,	0),
(293178,	22,	17,	NULL,	12,	26,	0,	11,	0,	0,	0,	0,	0,	155,	0,	0),
(293179,	23,	17,	NULL,	12,	20,	0,	11,	0,	0,	0,	0,	0,	134,	0,	0),
(293180,	24,	17,	NULL,	12,	25,	0,	12,	0,	0,	0,	0,	0,	163,	0,	0),
(293181,	25,	17,	NULL,	12,	24,	0,	10,	0,	0,	0,	0,	0,	144,	0,	0),
(293182,	26,	17,	NULL,	12,	27,	0,	12,	0,	0,	0,	0,	0,	168,	0,	0),
(293183,	27,	17,	NULL,	12,	26,	0,	10,	0,	0,	0,	0,	0,	158,	0,	0),
(293184,	28,	17,	NULL,	12,	25,	0,	10,	0,	0,	0,	0,	0,	154,	0,	0),
(293185,	29,	17,	NULL,	12,	20,	0,	11,	0,	0,	0,	0,	0,	135,	0,	0),
(293186,	30,	17,	NULL,	12,	26,	0,	9,	0,	0,	0,	0,	0,	154,	0,	0),
(293187,	31,	17,	NULL,	12,	25,	0,	10,	0,	0,	0,	0,	0,	150,	0,	0),
(293188,	32,	17,	NULL,	12,	21,	0,	11,	0,	0,	0,	0,	0,	134,	0,	0),
(293189,	33,	17,	NULL,	12,	26,	0,	13,	0,	0,	0,	0,	0,	165,	0,	0),
(293190,	34,	17,	NULL,	12,	26,	0,	9,	0,	0,	0,	0,	0,	153,	0,	0),
(293191,	35,	17,	NULL,	12,	26,	0,	11,	0,	0,	0,	0,	0,	160,	0,	0),
(293192,	36,	17,	NULL,	12,	28,	0,	11,	0,	0,	0,	0,	0,	172,	0,	0),
(293193,	37,	17,	NULL,	12,	22,	0,	11,	0,	0,	0,	0,	0,	140,	0,	0),
(293194,	38,	17,	NULL,	12,	28,	0,	14,	0,	0,	0,	0,	0,	185,	0,	0),
(293195,	39,	17,	NULL,	12,	30,	0,	12,	0,	0,	0,	0,	0,	181,	0,	0),
(293196,	40,	17,	NULL,	12,	29,	0,	10,	0,	0,	0,	0,	0,	172,	0,	0),
(293197,	41,	17,	NULL,	12,	22,	0,	10,	0,	0,	0,	0,	0,	141,	0,	0),
(293198,	42,	17,	NULL,	12,	27,	0,	13,	0,	0,	0,	0,	0,	174,	0,	0),
(293199,	43,	17,	NULL,	12,	21,	0,	15,	0,	0,	0,	0,	0,	157,	0,	0),
(293200,	44,	17,	NULL,	12,	21,	0,	12,	0,	0,	0,	0,	0,	144,	0,	0),
(293201,	45,	17,	NULL,	12,	24,	0,	11,	0,	0,	0,	0,	0,	151,	0,	0),
(293202,	46,	17,	NULL,	12,	17,	0,	12,	0,	0,	0,	0,	0,	125,	0,	0),
(293203,	47,	17,	NULL,	12,	29,	0,	10,	0,	0,	0,	0,	0,	168,	0,	0),
(293204,	48,	17,	NULL,	12,	25,	0,	13,	0,	0,	0,	0,	0,	161,	0,	0),
(293205,	49,	17,	NULL,	12,	23,	0,	13,	0,	0,	0,	0,	0,	158,	0,	0),
(293206,	50,	17,	NULL,	12,	23,	0,	12,	0,	0,	0,	0,	0,	148,	0,	0),
(293207,	51,	17,	NULL,	12,	30,	0,	12,	0,	0,	0,	0,	0,	185,	0,	0),
(293208,	52,	17,	NULL,	12,	24,	0,	13,	0,	0,	0,	0,	0,	157,	0,	0),
(293209,	53,	17,	NULL,	12,	27,	0,	13,	0,	0,	0,	0,	0,	176,	0,	0),
(293210,	54,	17,	NULL,	12,	23,	0,	7,	0,	0,	0,	0,	0,	127,	0,	0),
(293211,	55,	17,	NULL,	12,	18,	0,	11,	0,	0,	0,	0,	0,	126,	0,	0),
(293212,	56,	17,	NULL,	12,	28,	0,	12,	0,	0,	0,	0,	0,	174,	0,	0),
(293213,	57,	17,	NULL,	12,	25,	0,	13,	0,	0,	0,	0,	0,	167,	0,	0),
(293214,	58,	17,	NULL,	12,	27,	0,	11,	0,	0,	0,	0,	0,	161,	0,	0),
(293215,	59,	17,	NULL,	12,	24,	0,	9,	0,	0,	0,	0,	0,	143,	0,	0),
(293216,	60,	17,	NULL,	12,	24,	0,	14,	0,	0,	0,	0,	0,	163,	0,	0),
(293217,	61,	17,	NULL,	12,	29,	0,	10,	0,	0,	0,	0,	0,	170,	0,	0),
(293218,	62,	17,	NULL,	12,	18,	0,	11,	0,	0,	0,	0,	0,	123,	0,	0),
(293219,	63,	17,	NULL,	12,	27,	0,	13,	0,	0,	0,	0,	0,	168,	0,	0),
(293220,	64,	17,	NULL,	12,	26,	0,	11,	0,	0,	0,	0,	0,	163,	0,	0),
(293221,	65,	17,	NULL,	12,	24,	0,	8,	0,	0,	0,	0,	0,	137,	0,	0),
(293222,	66,	17,	NULL,	12,	24,	0,	10,	0,	0,	0,	0,	0,	150,	0,	0),
(293223,	67,	17,	NULL,	12,	20,	0,	10,	0,	0,	0,	0,	0,	127,	0,	0),
(293224,	68,	17,	NULL,	12,	21,	0,	9,	0,	0,	0,	0,	0,	126,	0,	0),
(293225,	69,	17,	NULL,	12,	25,	0,	12,	0,	0,	0,	0,	0,	160,	0,	0),
(293226,	70,	17,	NULL,	12,	22,	0,	12,	0,	0,	0,	0,	0,	143,	0,	0),
(293227,	71,	17,	NULL,	12,	24,	0,	14,	0,	0,	0,	0,	0,	164,	0,	0),
(293228,	72,	17,	NULL,	12,	26,	0,	14,	0,	0,	0,	0,	0,	174,	0,	0),
(293229,	73,	17,	NULL,	12,	24,	0,	11,	0,	0,	0,	0,	0,	151,	0,	0),
(293230,	74,	17,	NULL,	12,	21,	0,	12,	0,	0,	0,	0,	0,	140,	0,	0),
(293231,	75,	17,	NULL,	12,	32,	0,	13,	0,	0,	0,	0,	0,	198,	0,	0),
(293232,	76,	17,	NULL,	12,	31,	0,	15,	0,	0,	0,	0,	0,	197,	0,	0),
(293233,	77,	17,	NULL,	12,	28,	0,	13,	0,	0,	0,	0,	0,	174,	0,	0),
(293234,	78,	17,	NULL,	12,	28,	0,	13,	0,	0,	0,	0,	0,	174,	0,	0),
(293235,	79,	17,	NULL,	12,	26,	0,	10,	0,	0,	0,	0,	0,	151,	0,	0),
(293236,	80,	17,	NULL,	12,	25,	0,	12,	0,	0,	0,	0,	0,	155,	0,	0),
(293237,	81,	17,	NULL,	12,	28,	0,	11,	0,	0,	0,	0,	0,	168,	0,	0),
(293238,	82,	17,	NULL,	12,	31,	0,	10,	0,	0,	0,	0,	0,	172,	0,	0),
(293239,	83,	17,	NULL,	12,	23,	0,	11,	0,	0,	0,	0,	0,	146,	0,	0),
(293240,	84,	17,	NULL,	12,	19,	0,	9,	0,	0,	0,	0,	0,	118,	0,	0),
(293241,	85,	17,	NULL,	12,	23,	0,	9,	0,	0,	0,	0,	0,	138,	0,	0),
(293242,	86,	17,	NULL,	12,	25,	0,	11,	0,	0,	0,	0,	0,	151,	0,	0),
(293243,	87,	17,	NULL,	12,	16,	0,	13,	0,	0,	0,	0,	0,	128,	0,	0),
(293244,	88,	17,	NULL,	12,	22,	0,	13,	0,	0,	0,	0,	0,	151,	0,	0),
(293245,	89,	17,	NULL,	12,	22,	0,	11,	0,	0,	0,	0,	0,	140,	0,	0),
(293246,	90,	17,	NULL,	12,	26,	0,	9,	0,	0,	0,	0,	0,	148,	0,	0),
(293247,	91,	17,	NULL,	12,	26,	0,	9,	0,	0,	0,	0,	0,	147,	0,	0),
(293248,	92,	17,	NULL,	12,	27,	0,	9,	0,	0,	0,	0,	0,	153,	0,	0),
(293249,	93,	17,	NULL,	12,	22,	0,	8,	0,	0,	0,	0,	0,	128,	0,	0),
(293250,	94,	17,	NULL,	12,	23,	0,	12,	0,	0,	0,	0,	0,	151,	0,	0),
(293251,	95,	17,	NULL,	12,	18,	0,	12,	0,	0,	0,	0,	0,	126,	0,	0),
(293252,	96,	17,	NULL,	12,	24,	0,	11,	0,	0,	0,	0,	0,	150,	0,	0),
(293253,	97,	17,	NULL,	12,	32,	0,	10,	0,	0,	0,	0,	0,	181,	0,	0),
(293254,	98,	17,	NULL,	12,	24,	0,	12,	0,	0,	0,	0,	0,	153,	0,	0),
(293255,	99,	17,	NULL,	12,	21,	0,	9,	0,	0,	0,	0,	0,	128,	0,	0),
(293256,	100,	17,	NULL,	12,	25,	0,	14,	0,	0,	0,	0,	0,	164,	0,	0),
(293257,	101,	17,	NULL,	12,	28,	0,	11,	0,	0,	0,	0,	0,	164,	0,	0),
(293258,	102,	17,	NULL,	12,	26,	0,	10,	0,	0,	0,	0,	0,	156,	0,	0),
(293259,	103,	17,	NULL,	12,	25,	0,	11,	0,	0,	0,	0,	0,	158,	0,	0),
(293260,	104,	17,	NULL,	12,	24,	0,	12,	0,	0,	0,	0,	0,	154,	0,	0),
(293261,	105,	17,	NULL,	12,	26,	0,	11,	0,	0,	0,	0,	0,	161,	0,	0),
(293262,	106,	17,	NULL,	12,	26,	0,	13,	0,	0,	0,	0,	0,	170,	0,	0),
(293263,	107,	17,	NULL,	12,	21,	0,	11,	0,	0,	0,	0,	0,	140,	0,	0),
(293264,	108,	17,	NULL,	12,	19,	0,	10,	0,	0,	0,	0,	0,	122,	0,	0),
(293265,	109,	17,	NULL,	12,	29,	0,	12,	0,	0,	0,	0,	0,	172,	0,	0),
(293266,	110,	17,	NULL,	12,	23,	0,	12,	0,	0,	0,	0,	0,	150,	0,	0),
(293267,	111,	17,	NULL,	12,	24,	0,	15,	0,	0,	0,	0,	0,	168,	0,	0),
(293268,	112,	17,	NULL,	12,	25,	0,	12,	0,	0,	0,	0,	0,	161,	0,	0),
(293269,	113,	17,	NULL,	12,	20,	0,	11,	0,	0,	0,	0,	0,	134,	0,	0),
(293270,	114,	17,	NULL,	12,	18,	0,	11,	0,	0,	0,	0,	0,	123,	0,	0),
(293271,	115,	17,	NULL,	12,	24,	0,	11,	0,	0,	0,	0,	0,	153,	0,	0),
(293272,	116,	17,	NULL,	12,	25,	0,	13,	0,	0,	0,	0,	0,	166,	0,	0),
(293273,	117,	17,	NULL,	12,	23,	0,	10,	0,	0,	0,	0,	0,	141,	0,	0),
(293274,	118,	17,	NULL,	12,	21,	0,	12,	0,	0,	0,	0,	0,	139,	0,	0),
(293275,	119,	17,	NULL,	12,	25,	0,	12,	0,	0,	0,	0,	0,	158,	0,	0),
(293276,	120,	17,	NULL,	12,	28,	0,	9,	0,	0,	0,	0,	0,	163,	0,	0),
(293277,	121,	17,	NULL,	12,	24,	0,	12,	0,	0,	0,	0,	0,	156,	0,	0),
(293278,	122,	17,	NULL,	12,	20,	0,	8,	0,	0,	0,	0,	0,	119,	0,	0),
(293279,	123,	17,	NULL,	12,	22,	0,	11,	0,	0,	0,	0,	0,	143,	0,	0),
(293280,	124,	17,	NULL,	12,	25,	0,	13,	0,	0,	0,	0,	0,	166,	0,	0),
(293281,	125,	17,	NULL,	12,	30,	0,	8,	0,	0,	0,	0,	0,	167,	0,	0),
(293282,	126,	17,	NULL,	12,	22,	0,	10,	0,	0,	0,	0,	0,	141,	0,	0),
(293283,	127,	17,	NULL,	12,	27,	0,	10,	0,	0,	0,	0,	0,	158,	0,	0),
(293284,	128,	17,	NULL,	12,	21,	0,	15,	0,	0,	0,	0,	0,	154,	0,	0),
(293285,	129,	17,	NULL,	12,	23,	0,	9,	0,	0,	0,	0,	0,	141,	0,	0),
(293286,	130,	17,	NULL,	12,	23,	0,	12,	0,	0,	0,	0,	0,	150,	0,	0),
(293287,	131,	17,	NULL,	12,	21,	0,	11,	0,	0,	0,	0,	0,	137,	0,	0),
(293288,	132,	17,	NULL,	12,	18,	0,	10,	0,	0,	0,	0,	0,	120,	0,	0),
(293289,	133,	17,	NULL,	12,	26,	0,	13,	0,	0,	0,	0,	0,	168,	0,	0),
(293290,	134,	17,	NULL,	12,	32,	0,	13,	0,	0,	0,	0,	0,	189,	0,	0),
(293291,	135,	17,	NULL,	12,	31,	0,	13,	0,	0,	0,	0,	0,	194,	0,	0),
(293292,	136,	17,	NULL,	12,	21,	0,	9,	0,	0,	0,	0,	0,	132,	0,	0),
(293293,	137,	17,	NULL,	12,	23,	0,	12,	0,	0,	0,	0,	0,	148,	0,	0),
(293294,	138,	17,	NULL,	12,	26,	0,	7,	0,	0,	0,	0,	0,	144,	0,	0),
(293295,	139,	17,	NULL,	12,	26,	0,	13,	0,	0,	0,	0,	0,	164,	0,	0),
(293296,	140,	17,	NULL,	12,	22,	0,	11,	0,	0,	0,	0,	0,	144,	0,	0),
(293297,	141,	17,	NULL,	12,	25,	0,	11,	0,	0,	0,	0,	0,	156,	0,	0),
(293298,	142,	17,	NULL,	12,	21,	0,	13,	0,	0,	0,	0,	0,	150,	0,	0),
(293299,	143,	17,	NULL,	12,	23,	0,	12,	0,	0,	0,	0,	0,	151,	0,	0),
(293300,	144,	17,	NULL,	12,	26,	0,	12,	0,	0,	0,	0,	0,	166,	0,	0),
(293301,	145,	17,	NULL,	12,	25,	0,	12,	0,	0,	0,	0,	0,	157,	0,	0),
(293302,	146,	17,	NULL,	12,	23,	0,	8,	0,	0,	0,	0,	0,	136,	0,	0),
(293303,	147,	17,	NULL,	12,	19,	0,	11,	0,	0,	0,	0,	0,	128,	0,	0),
(293304,	148,	17,	NULL,	12,	24,	0,	15,	0,	0,	0,	0,	0,	168,	0,	0),
(293305,	149,	17,	NULL,	12,	19,	0,	9,	0,	0,	0,	0,	0,	122,	0,	0),
(293306,	150,	17,	NULL,	12,	28,	0,	12,	0,	0,	0,	0,	0,	174,	0,	0),
(293307,	1,	16,	NULL,	12,	23,	0,	10,	0,	0,	0,	0,	0,	141,	0,	0),
(293308,	2,	16,	NULL,	12,	18,	0,	11,	0,	0,	0,	0,	0,	125,	0,	0),
(293309,	3,	16,	NULL,	12,	23,	0,	8,	0,	0,	0,	0,	0,	136,	0,	0),
(293310,	4,	16,	NULL,	12,	20,	0,	9,	0,	0,	0,	0,	0,	124,	0,	0),
(293311,	5,	16,	NULL,	12,	22,	0,	9,	0,	0,	0,	0,	0,	136,	0,	0),
(293312,	6,	16,	NULL,	12,	22,	0,	8,	0,	0,	0,	0,	0,	130,	0,	0),
(293313,	7,	16,	NULL,	12,	27,	0,	9,	0,	0,	0,	0,	0,	151,	0,	0),
(293314,	8,	16,	NULL,	12,	23,	0,	8,	0,	0,	0,	0,	0,	130,	0,	0),
(293315,	9,	16,	NULL,	12,	18,	0,	7,	0,	0,	0,	0,	0,	106,	0,	0),
(293316,	10,	16,	NULL,	12,	15,	0,	10,	0,	0,	0,	0,	0,	107,	0,	0),
(293317,	11,	16,	NULL,	12,	24,	0,	8,	0,	0,	0,	0,	0,	136,	0,	0),
(293318,	12,	16,	NULL,	12,	20,	0,	6,	0,	0,	0,	0,	0,	112,	0,	0),
(293319,	13,	16,	NULL,	12,	19,	0,	7,	0,	0,	0,	0,	0,	109,	0,	0),
(293320,	14,	16,	NULL,	12,	23,	0,	10,	0,	0,	0,	0,	0,	143,	0,	0),
(293321,	15,	16,	NULL,	12,	27,	0,	10,	0,	0,	0,	0,	0,	163,	0,	0),
(293322,	16,	16,	NULL,	12,	22,	0,	7,	0,	0,	0,	0,	0,	123,	0,	0),
(293323,	17,	16,	NULL,	12,	20,	0,	11,	0,	0,	0,	0,	0,	134,	0,	0),
(293324,	18,	16,	NULL,	12,	21,	0,	11,	0,	0,	0,	0,	0,	140,	0,	0),
(293325,	19,	16,	NULL,	12,	15,	0,	9,	0,	0,	0,	0,	0,	106,	0,	0),
(293326,	20,	16,	NULL,	12,	21,	0,	9,	0,	0,	0,	0,	0,	132,	0,	0),
(293327,	21,	16,	NULL,	12,	23,	0,	10,	0,	0,	0,	0,	0,	141,	0,	0),
(293328,	22,	16,	NULL,	12,	23,	0,	9,	0,	0,	0,	0,	0,	137,	0,	0),
(293329,	23,	16,	NULL,	12,	18,	0,	8,	0,	0,	0,	0,	0,	110,	0,	0),
(293330,	24,	16,	NULL,	12,	22,	0,	9,	0,	0,	0,	0,	0,	130,	0,	0),
(293331,	25,	16,	NULL,	12,	23,	0,	11,	0,	0,	0,	0,	0,	146,	0,	0),
(293332,	26,	16,	NULL,	12,	16,	0,	7,	0,	0,	0,	0,	0,	100,	0,	0),
(293333,	27,	16,	NULL,	12,	20,	0,	11,	0,	0,	0,	0,	0,	133,	0,	0),
(293334,	28,	16,	NULL,	12,	22,	0,	10,	0,	0,	0,	0,	0,	137,	0,	0),
(293335,	29,	16,	NULL,	12,	18,	0,	7,	0,	0,	0,	0,	0,	107,	0,	0),
(293336,	30,	16,	NULL,	12,	24,	0,	7,	0,	0,	0,	0,	0,	136,	0,	0),
(293337,	31,	16,	NULL,	12,	24,	0,	10,	0,	0,	0,	0,	0,	144,	0,	0),
(293338,	32,	16,	NULL,	12,	18,	0,	9,	0,	0,	0,	0,	0,	119,	0,	0),
(293339,	33,	16,	NULL,	12,	20,	0,	12,	0,	0,	0,	0,	0,	134,	0,	0),
(293340,	34,	16,	NULL,	12,	24,	0,	10,	0,	0,	0,	0,	0,	150,	0,	0),
(293341,	35,	16,	NULL,	12,	19,	0,	11,	0,	0,	0,	0,	0,	131,	0,	0),
(293342,	36,	16,	NULL,	12,	22,	0,	9,	0,	0,	0,	0,	0,	131,	0,	0),
(293343,	37,	16,	NULL,	12,	22,	0,	8,	0,	0,	0,	0,	0,	131,	0,	0),
(293344,	38,	16,	NULL,	12,	23,	0,	10,	0,	0,	0,	0,	0,	140,	0,	0),
(293345,	39,	16,	NULL,	12,	25,	0,	9,	0,	0,	0,	0,	0,	144,	0,	0),
(293346,	40,	16,	NULL,	12,	25,	0,	11,	0,	0,	0,	0,	0,	156,	0,	0),
(293347,	41,	16,	NULL,	12,	23,	0,	11,	0,	0,	0,	0,	0,	146,	0,	0),
(293348,	42,	16,	NULL,	12,	21,	0,	11,	0,	0,	0,	0,	0,	138,	0,	0),
(293349,	43,	16,	NULL,	12,	21,	0,	10,	0,	0,	0,	0,	0,	134,	0,	0),
(293350,	44,	16,	NULL,	12,	19,	0,	7,	0,	0,	0,	0,	0,	111,	0,	0),
(293351,	45,	16,	NULL,	12,	16,	0,	9,	0,	0,	0,	0,	0,	106,	0,	0),
(293352,	46,	16,	NULL,	12,	21,	0,	9,	0,	0,	0,	0,	0,	127,	0,	0),
(293353,	47,	16,	NULL,	12,	20,	0,	9,	0,	0,	0,	0,	0,	123,	0,	0),
(293354,	48,	16,	NULL,	12,	17,	0,	8,	0,	0,	0,	0,	0,	105,	0,	0),
(293355,	49,	16,	NULL,	12,	22,	0,	6,	0,	0,	0,	0,	0,	121,	0,	0),
(293356,	50,	16,	NULL,	12,	17,	0,	11,	0,	0,	0,	0,	0,	123,	0,	0),
(293357,	51,	16,	NULL,	12,	14,	0,	6,	0,	0,	0,	0,	0,	87,	0,	0),
(293358,	52,	16,	NULL,	12,	22,	0,	10,	0,	0,	0,	0,	0,	136,	0,	0),
(293359,	53,	16,	NULL,	12,	22,	0,	10,	0,	0,	0,	0,	0,	140,	0,	0),
(293360,	54,	16,	NULL,	12,	26,	0,	8,	0,	0,	0,	0,	0,	147,	0,	0),
(293361,	55,	16,	NULL,	12,	24,	0,	9,	0,	0,	0,	0,	0,	139,	0,	0),
(293362,	56,	16,	NULL,	12,	21,	0,	9,	0,	0,	0,	0,	0,	126,	0,	0),
(293363,	57,	16,	NULL,	12,	19,	0,	9,	0,	0,	0,	0,	0,	118,	0,	0),
(293364,	58,	16,	NULL,	12,	19,	0,	10,	0,	0,	0,	0,	0,	122,	0,	0),
(293365,	59,	16,	NULL,	12,	23,	0,	9,	0,	0,	0,	0,	0,	138,	0,	0),
(293366,	60,	16,	NULL,	12,	22,	0,	10,	0,	0,	0,	0,	0,	134,	0,	0),
(293367,	61,	16,	NULL,	12,	19,	0,	9,	0,	0,	0,	0,	0,	121,	0,	0),
(293368,	62,	16,	NULL,	12,	25,	0,	10,	0,	0,	0,	0,	0,	153,	0,	0),
(293369,	63,	16,	NULL,	12,	18,	0,	9,	0,	0,	0,	0,	0,	119,	0,	0),
(293370,	64,	16,	NULL,	12,	15,	0,	10,	0,	0,	0,	0,	0,	107,	0,	0),
(293371,	65,	16,	NULL,	12,	20,	0,	8,	0,	0,	0,	0,	0,	120,	0,	0),
(293372,	66,	16,	NULL,	12,	21,	0,	6,	0,	0,	0,	0,	0,	114,	0,	0),
(293373,	67,	16,	NULL,	12,	16,	0,	10,	0,	0,	0,	0,	0,	110,	0,	0),
(293374,	68,	16,	NULL,	12,	20,	0,	10,	0,	0,	0,	0,	0,	126,	0,	0),
(293375,	69,	16,	NULL,	12,	24,	0,	10,	0,	0,	0,	0,	0,	150,	0,	0),
(293376,	70,	16,	NULL,	12,	18,	0,	10,	0,	0,	0,	0,	0,	121,	0,	0),
(293377,	71,	16,	NULL,	12,	24,	0,	9,	0,	0,	0,	0,	0,	140,	0,	0),
(293378,	72,	16,	NULL,	12,	18,	0,	10,	0,	0,	0,	0,	0,	122,	0,	0),
(293379,	73,	16,	NULL,	12,	22,	0,	8,	0,	0,	0,	0,	0,	130,	0,	0),
(293380,	74,	16,	NULL,	12,	21,	0,	11,	0,	0,	0,	0,	0,	138,	0,	0),
(293381,	75,	16,	NULL,	12,	19,	0,	9,	0,	0,	0,	0,	0,	123,	0,	0),
(293382,	76,	16,	NULL,	12,	20,	0,	10,	0,	0,	0,	0,	0,	132,	0,	0),
(293383,	77,	16,	NULL,	12,	23,	0,	7,	0,	0,	0,	0,	0,	128,	0,	0),
(293384,	78,	16,	NULL,	12,	21,	0,	9,	0,	0,	0,	0,	0,	128,	0,	0),
(293385,	79,	16,	NULL,	12,	21,	0,	10,	0,	0,	0,	0,	0,	136,	0,	0),
(293386,	80,	16,	NULL,	12,	25,	0,	9,	0,	0,	0,	0,	0,	150,	0,	0),
(293387,	81,	16,	NULL,	12,	21,	0,	9,	0,	0,	0,	0,	0,	127,	0,	0),
(293388,	82,	16,	NULL,	12,	18,	0,	9,	0,	0,	0,	0,	0,	118,	0,	0),
(293389,	83,	16,	NULL,	12,	25,	0,	11,	0,	0,	0,	0,	0,	154,	0,	0),
(293390,	84,	16,	NULL,	12,	24,	0,	11,	0,	0,	0,	0,	0,	151,	0,	0),
(293391,	85,	16,	NULL,	12,	17,	0,	10,	0,	0,	0,	0,	0,	113,	0,	0),
(293392,	86,	16,	NULL,	12,	18,	0,	9,	0,	0,	0,	0,	0,	116,	0,	0),
(293393,	87,	16,	NULL,	12,	18,	0,	10,	0,	0,	0,	0,	0,	120,	0,	0),
(293394,	88,	16,	NULL,	12,	22,	0,	8,	0,	0,	0,	0,	0,	131,	0,	0),
(293395,	89,	16,	NULL,	12,	18,	0,	9,	0,	0,	0,	0,	0,	116,	0,	0),
(293396,	90,	16,	NULL,	12,	19,	0,	9,	0,	0,	0,	0,	0,	123,	0,	0),
(293397,	91,	16,	NULL,	12,	21,	0,	11,	0,	0,	0,	0,	0,	141,	0,	0),
(293398,	92,	16,	NULL,	12,	18,	0,	9,	0,	0,	0,	0,	0,	117,	0,	0),
(293399,	93,	16,	NULL,	12,	22,	0,	9,	0,	0,	0,	0,	0,	134,	0,	0),
(293400,	94,	16,	NULL,	12,	17,	0,	12,	0,	0,	0,	0,	0,	128,	0,	0),
(293401,	95,	16,	NULL,	12,	18,	0,	9,	0,	0,	0,	0,	0,	117,	0,	0),
(293402,	96,	16,	NULL,	12,	25,	0,	9,	0,	0,	0,	0,	0,	147,	0,	0),
(293403,	97,	16,	NULL,	12,	24,	0,	9,	0,	0,	0,	0,	0,	143,	0,	0),
(293404,	98,	16,	NULL,	12,	23,	0,	8,	0,	0,	0,	0,	0,	130,	0,	0),
(293405,	99,	16,	NULL,	12,	22,	0,	7,	0,	0,	0,	0,	0,	126,	0,	0),
(293406,	100,	16,	NULL,	12,	24,	0,	10,	0,	0,	0,	0,	0,	146,	0,	0),
(293407,	101,	16,	NULL,	12,	19,	0,	8,	0,	0,	0,	0,	0,	117,	0,	0),
(293408,	102,	16,	NULL,	12,	15,	0,	8,	0,	0,	0,	0,	0,	98,	0,	0),
(293409,	103,	16,	NULL,	12,	19,	0,	7,	0,	0,	0,	0,	0,	109,	0,	0),
(293410,	104,	16,	NULL,	12,	18,	0,	8,	0,	0,	0,	0,	0,	112,	0,	0),
(293411,	105,	16,	NULL,	12,	17,	0,	8,	0,	0,	0,	0,	0,	105,	0,	0),
(293412,	106,	16,	NULL,	12,	13,	0,	8,	0,	0,	0,	0,	0,	91,	0,	0),
(293413,	107,	16,	NULL,	12,	21,	0,	9,	0,	0,	0,	0,	0,	128,	0,	0),
(293414,	108,	16,	NULL,	12,	21,	0,	9,	0,	0,	0,	0,	0,	127,	0,	0),
(293415,	109,	16,	NULL,	12,	21,	0,	10,	0,	0,	0,	0,	0,	136,	0,	0),
(293416,	110,	16,	NULL,	12,	19,	0,	12,	0,	0,	0,	0,	0,	133,	0,	0),
(293417,	111,	16,	NULL,	12,	24,	0,	10,	0,	0,	0,	0,	0,	144,	0,	0),
(293418,	112,	16,	NULL,	12,	21,	0,	7,	0,	0,	0,	0,	0,	119,	0,	0),
(293419,	113,	16,	NULL,	12,	23,	0,	9,	0,	0,	0,	0,	0,	134,	0,	0),
(293420,	114,	16,	NULL,	12,	22,	0,	9,	0,	0,	0,	0,	0,	135,	0,	0),
(293421,	115,	16,	NULL,	12,	20,	0,	8,	0,	0,	0,	0,	0,	120,	0,	0),
(293422,	116,	16,	NULL,	12,	24,	0,	9,	0,	0,	0,	0,	0,	145,	0,	0),
(293423,	117,	16,	NULL,	12,	20,	0,	7,	0,	0,	0,	0,	0,	116,	0,	0),
(293424,	118,	16,	NULL,	12,	23,	0,	10,	0,	0,	0,	0,	0,	139,	0,	0),
(293425,	119,	16,	NULL,	12,	22,	0,	7,	0,	0,	0,	0,	0,	128,	0,	0),
(293426,	120,	16,	NULL,	12,	22,	0,	9,	0,	0,	0,	0,	0,	136,	0,	0),
(293427,	121,	16,	NULL,	12,	17,	0,	10,	0,	0,	0,	0,	0,	119,	0,	0),
(293428,	122,	16,	NULL,	12,	24,	0,	8,	0,	0,	0,	0,	0,	141,	0,	0),
(293429,	123,	16,	NULL,	12,	17,	0,	8,	0,	0,	0,	0,	0,	106,	0,	0),
(293430,	124,	16,	NULL,	12,	22,	0,	11,	0,	0,	0,	0,	0,	141,	0,	0),
(293431,	125,	16,	NULL,	12,	15,	0,	9,	0,	0,	0,	0,	0,	105,	0,	0),
(293432,	126,	16,	NULL,	12,	22,	0,	8,	0,	0,	0,	0,	0,	127,	0,	0),
(293433,	127,	16,	NULL,	12,	20,	0,	12,	0,	0,	0,	0,	0,	138,	0,	0),
(293434,	128,	16,	NULL,	12,	21,	0,	8,	0,	0,	0,	0,	0,	122,	0,	0),
(293435,	129,	16,	NULL,	12,	22,	0,	9,	0,	0,	0,	0,	0,	135,	0,	0),
(293436,	130,	16,	NULL,	12,	14,	0,	10,	0,	0,	0,	0,	0,	103,	0,	0),
(293437,	131,	16,	NULL,	12,	21,	0,	10,	0,	0,	0,	0,	0,	135,	0,	0),
(293438,	132,	16,	NULL,	12,	21,	0,	8,	0,	0,	0,	0,	0,	123,	0,	0),
(293439,	133,	16,	NULL,	12,	20,	0,	9,	0,	0,	0,	0,	0,	124,	0,	0),
(293440,	134,	16,	NULL,	12,	22,	0,	8,	0,	0,	0,	0,	0,	128,	0,	0),
(293441,	135,	16,	NULL,	12,	20,	0,	11,	0,	0,	0,	0,	0,	134,	0,	0),
(293442,	136,	16,	NULL,	12,	20,	0,	9,	0,	0,	0,	0,	0,	123,	0,	0),
(293443,	137,	16,	NULL,	12,	16,	0,	12,	0,	0,	0,	0,	0,	120,	0,	0),
(293444,	138,	16,	NULL,	12,	21,	0,	7,	0,	0,	0,	0,	0,	119,	0,	0),
(293445,	139,	16,	NULL,	12,	25,	0,	7,	0,	0,	0,	0,	0,	140,	0,	0),
(293446,	140,	16,	NULL,	12,	20,	0,	11,	0,	0,	0,	0,	0,	133,	0,	0),
(293447,	141,	16,	NULL,	12,	21,	0,	6,	0,	0,	0,	0,	0,	114,	0,	0),
(293448,	142,	16,	NULL,	12,	18,	0,	9,	0,	0,	0,	0,	0,	119,	0,	0),
(293449,	143,	16,	NULL,	12,	19,	0,	9,	0,	0,	0,	0,	0,	120,	0,	0),
(293450,	144,	16,	NULL,	12,	20,	0,	10,	0,	0,	0,	0,	0,	127,	0,	0),
(293451,	145,	16,	NULL,	12,	22,	0,	7,	0,	0,	0,	0,	0,	124,	0,	0),
(293452,	146,	16,	NULL,	12,	19,	0,	7,	0,	0,	0,	0,	0,	111,	0,	0),
(293453,	147,	16,	NULL,	12,	27,	0,	9,	0,	0,	0,	0,	0,	153,	0,	0),
(293454,	148,	16,	NULL,	12,	24,	0,	11,	0,	0,	0,	0,	0,	150,	0,	0),
(293455,	149,	16,	NULL,	12,	25,	0,	9,	0,	0,	0,	0,	0,	143,	0,	0),
(293456,	150,	16,	NULL,	12,	25,	0,	9,	0,	0,	0,	0,	0,	144,	0,	0),
(293457,	1,	6,	NULL,	12,	21,	0,	9,	0,	0,	0,	0,	0,	128,	0,	0),
(293458,	2,	6,	NULL,	12,	14,	0,	7,	0,	0,	0,	0,	0,	88,	0,	0),
(293459,	3,	6,	NULL,	12,	18,	0,	8,	0,	0,	0,	0,	0,	112,	0,	0),
(293460,	4,	6,	NULL,	12,	22,	0,	7,	0,	0,	0,	0,	0,	126,	0,	0),
(293461,	5,	6,	NULL,	12,	22,	0,	10,	0,	0,	0,	0,	0,	137,	0,	0),
(293462,	6,	6,	NULL,	12,	17,	0,	12,	0,	0,	0,	0,	0,	124,	0,	0),
(293463,	7,	6,	NULL,	12,	27,	0,	8,	0,	0,	0,	0,	0,	153,	0,	0),
(293464,	8,	6,	NULL,	12,	23,	0,	7,	0,	0,	0,	0,	0,	128,	0,	0),
(293465,	9,	6,	NULL,	12,	23,	0,	12,	0,	0,	0,	0,	0,	153,	0,	0),
(293466,	10,	6,	NULL,	13,	22,	0,	8,	0,	0,	0,	0,	0,	126,	0,	0),
(293467,	11,	6,	NULL,	12,	23,	0,	10,	0,	0,	0,	0,	0,	139,	0,	0),
(293468,	12,	6,	NULL,	12,	21,	0,	10,	0,	0,	0,	0,	0,	131,	0,	0),
(293469,	13,	6,	NULL,	12,	25,	0,	8,	0,	0,	0,	0,	0,	144,	0,	0),
(293470,	14,	6,	NULL,	12,	15,	0,	9,	0,	0,	0,	0,	0,	103,	0,	0),
(293471,	15,	6,	NULL,	12,	16,	0,	10,	0,	0,	0,	0,	0,	110,	0,	0),
(293472,	16,	6,	NULL,	12,	15,	0,	8,	0,	0,	0,	0,	0,	101,	0,	0),
(293473,	17,	6,	NULL,	12,	20,	0,	11,	0,	0,	0,	0,	0,	136,	0,	0),
(293474,	18,	6,	NULL,	12,	24,	0,	8,	0,	0,	0,	0,	0,	137,	0,	0),
(293475,	19,	6,	NULL,	12,	22,	0,	9,	0,	0,	0,	0,	0,	136,	0,	0),
(293476,	20,	6,	NULL,	12,	26,	0,	8,	0,	0,	0,	0,	0,	147,	0,	0),
(293477,	21,	6,	NULL,	12,	24,	0,	9,	0,	0,	0,	0,	0,	140,	0,	0),
(293478,	22,	6,	NULL,	13,	16,	0,	8,	0,	0,	0,	0,	0,	105,	0,	0),
(293479,	23,	6,	NULL,	12,	22,	0,	12,	0,	0,	0,	0,	0,	150,	0,	0),
(293480,	24,	6,	NULL,	12,	21,	0,	8,	0,	0,	0,	0,	0,	123,	0,	0),
(293481,	25,	6,	NULL,	12,	20,	0,	11,	0,	0,	0,	0,	0,	135,	0,	0),
(293482,	26,	6,	NULL,	12,	18,	0,	7,	0,	0,	0,	0,	0,	109,	0,	0),
(293483,	27,	6,	NULL,	12,	25,	0,	7,	0,	0,	0,	0,	0,	137,	0,	0),
(293484,	28,	6,	NULL,	12,	22,	0,	10,	0,	0,	0,	0,	0,	141,	0,	0),
(293485,	29,	6,	NULL,	12,	18,	0,	9,	0,	0,	0,	0,	0,	119,	0,	0),
(293486,	30,	6,	NULL,	12,	20,	0,	10,	0,	0,	0,	0,	0,	127,	0,	0),
(293487,	31,	6,	NULL,	12,	16,	0,	8,	0,	0,	0,	0,	0,	103,	0,	0),
(293488,	32,	6,	NULL,	12,	14,	0,	11,	0,	0,	0,	0,	0,	110,	0,	0),
(293489,	33,	6,	NULL,	12,	22,	0,	8,	0,	0,	0,	0,	0,	127,	0,	0),
(293490,	34,	6,	NULL,	12,	20,	0,	11,	0,	0,	0,	0,	0,	134,	0,	0),
(293491,	35,	6,	NULL,	12,	21,	0,	11,	0,	0,	0,	0,	0,	140,	0,	0),
(293492,	36,	6,	NULL,	12,	21,	0,	11,	0,	0,	0,	0,	0,	140,	0,	0),
(293493,	37,	6,	NULL,	12,	19,	0,	11,	0,	0,	0,	0,	0,	128,	0,	0),
(293494,	38,	6,	NULL,	12,	18,	0,	9,	0,	0,	0,	0,	0,	114,	0,	0),
(293495,	39,	6,	NULL,	12,	21,	0,	8,	0,	0,	0,	0,	0,	124,	0,	0),
(293496,	40,	6,	NULL,	12,	24,	0,	11,	0,	0,	0,	0,	0,	153,	0,	0),
(293497,	41,	6,	NULL,	12,	18,	0,	8,	0,	0,	0,	0,	0,	109,	0,	0),
(293498,	42,	6,	NULL,	12,	22,	0,	10,	0,	0,	0,	0,	0,	136,	0,	0),
(293499,	43,	6,	NULL,	12,	16,	0,	8,	0,	0,	0,	0,	0,	102,	0,	0),
(293500,	44,	6,	NULL,	12,	21,	0,	11,	0,	0,	0,	0,	0,	134,	0,	0),
(293501,	45,	6,	NULL,	12,	18,	0,	10,	0,	0,	0,	0,	0,	122,	0,	0),
(293502,	46,	6,	NULL,	12,	16,	0,	9,	0,	0,	0,	0,	0,	105,	0,	0),
(293503,	47,	6,	NULL,	13,	20,	0,	7,	0,	0,	0,	0,	0,	114,	0,	0),
(293504,	48,	6,	NULL,	12,	21,	0,	11,	0,	0,	0,	0,	0,	136,	0,	0),
(293505,	49,	6,	NULL,	12,	24,	0,	9,	0,	0,	0,	0,	0,	140,	0,	0),
(293506,	50,	6,	NULL,	12,	22,	0,	6,	0,	0,	0,	0,	0,	120,	0,	0),
(293507,	51,	6,	NULL,	12,	20,	0,	7,	0,	0,	0,	0,	0,	116,	0,	0),
(293508,	52,	6,	NULL,	13,	19,	0,	9,	0,	0,	0,	0,	0,	119,	0,	0),
(293509,	53,	6,	NULL,	12,	14,	0,	8,	0,	0,	0,	0,	0,	97,	0,	0),
(293510,	54,	6,	NULL,	12,	24,	0,	8,	0,	0,	0,	0,	0,	134,	0,	0),
(293511,	55,	6,	NULL,	12,	24,	0,	10,	0,	0,	0,	0,	0,	148,	0,	0),
(293512,	56,	6,	NULL,	12,	26,	0,	10,	0,	0,	0,	0,	0,	153,	0,	0),
(293513,	57,	6,	NULL,	12,	17,	0,	8,	0,	0,	0,	0,	0,	106,	0,	0),
(293514,	58,	6,	NULL,	12,	21,	0,	7,	0,	0,	0,	0,	0,	121,	0,	0),
(293515,	59,	6,	NULL,	12,	24,	0,	8,	0,	0,	0,	0,	0,	140,	0,	0),
(293516,	60,	6,	NULL,	12,	21,	0,	9,	0,	0,	0,	0,	0,	128,	0,	0),
(293517,	61,	6,	NULL,	13,	21,	0,	6,	0,	0,	0,	0,	0,	119,	0,	0),
(293518,	62,	6,	NULL,	12,	16,	0,	10,	0,	0,	0,	0,	0,	114,	0,	0),
(293519,	63,	6,	NULL,	12,	17,	0,	8,	0,	0,	0,	0,	0,	106,	0,	0),
(293520,	64,	6,	NULL,	12,	20,	0,	7,	0,	0,	0,	0,	0,	116,	0,	0),
(293521,	65,	6,	NULL,	12,	24,	0,	8,	0,	0,	0,	0,	0,	136,	0,	0),
(293522,	66,	6,	NULL,	12,	14,	0,	10,	0,	0,	0,	0,	0,	106,	0,	0),
(293523,	67,	6,	NULL,	12,	18,	0,	10,	0,	0,	0,	0,	0,	121,	0,	0),
(293524,	68,	6,	NULL,	12,	14,	0,	9,	0,	0,	0,	0,	0,	97,	0,	0),
(293525,	69,	6,	NULL,	12,	22,	0,	10,	0,	0,	0,	0,	0,	140,	0,	0),
(293526,	70,	6,	NULL,	12,	17,	0,	7,	0,	0,	0,	0,	0,	101,	0,	0),
(293527,	71,	6,	NULL,	12,	19,	0,	8,	0,	0,	0,	0,	0,	117,	0,	0),
(293528,	72,	6,	NULL,	12,	16,	0,	12,	0,	0,	0,	0,	0,	120,	0,	0),
(293529,	73,	6,	NULL,	12,	20,	0,	9,	0,	0,	0,	0,	0,	125,	0,	0),
(293530,	74,	6,	NULL,	12,	21,	0,	8,	0,	0,	0,	0,	0,	125,	0,	0),
(293531,	75,	6,	NULL,	12,	20,	0,	10,	0,	0,	0,	0,	0,	130,	0,	0),
(293532,	76,	6,	NULL,	12,	23,	0,	11,	0,	0,	0,	0,	0,	148,	0,	0),
(293533,	77,	6,	NULL,	12,	21,	0,	7,	0,	0,	0,	0,	0,	119,	0,	0),
(293534,	78,	6,	NULL,	12,	17,	0,	7,	0,	0,	0,	0,	0,	104,	0,	0),
(293535,	79,	6,	NULL,	12,	19,	0,	8,	0,	0,	0,	0,	0,	119,	0,	0),
(293536,	80,	6,	NULL,	12,	22,	0,	9,	0,	0,	0,	0,	0,	134,	0,	0),
(293537,	81,	6,	NULL,	12,	24,	0,	9,	0,	0,	0,	0,	0,	141,	0,	0),
(293538,	82,	6,	NULL,	12,	16,	0,	11,	0,	0,	0,	0,	0,	117,	0,	0),
(293539,	83,	6,	NULL,	12,	18,	0,	11,	0,	0,	0,	0,	0,	122,	0,	0),
(293540,	84,	6,	NULL,	12,	15,	0,	7,	0,	0,	0,	0,	0,	96,	0,	0),
(293541,	85,	6,	NULL,	12,	26,	0,	10,	0,	0,	0,	0,	0,	153,	0,	0),
(293542,	86,	6,	NULL,	12,	20,	0,	6,	0,	0,	0,	0,	0,	112,	0,	0),
(293543,	87,	6,	NULL,	12,	21,	0,	9,	0,	0,	0,	0,	0,	126,	0,	0),
(293544,	88,	6,	NULL,	12,	18,	0,	10,	0,	0,	0,	0,	0,	118,	0,	0),
(293545,	89,	6,	NULL,	12,	20,	0,	9,	0,	0,	0,	0,	0,	125,	0,	0),
(293546,	90,	6,	NULL,	12,	18,	0,	6,	0,	0,	0,	0,	0,	104,	0,	0),
(293547,	91,	6,	NULL,	12,	13,	0,	10,	0,	0,	0,	0,	0,	99,	0,	0),
(293548,	92,	6,	NULL,	12,	17,	0,	7,	0,	0,	0,	0,	0,	102,	0,	0),
(293549,	93,	6,	NULL,	12,	21,	0,	10,	0,	0,	0,	0,	0,	133,	0,	0),
(293550,	94,	6,	NULL,	12,	23,	0,	8,	0,	0,	0,	0,	0,	135,	0,	0),
(293551,	95,	6,	NULL,	12,	24,	0,	8,	0,	0,	0,	0,	0,	136,	0,	0),
(293552,	96,	6,	NULL,	12,	19,	0,	11,	0,	0,	0,	0,	0,	132,	0,	0),
(293553,	97,	6,	NULL,	12,	13,	0,	9,	0,	0,	0,	0,	0,	95,	0,	0),
(293554,	98,	6,	NULL,	12,	18,	0,	9,	0,	0,	0,	0,	0,	113,	0,	0),
(293555,	99,	6,	NULL,	12,	26,	0,	9,	0,	0,	0,	0,	0,	150,	0,	0),
(293556,	100,	6,	NULL,	12,	20,	0,	11,	0,	0,	0,	0,	0,	134,	0,	0),
(293557,	101,	6,	NULL,	12,	18,	0,	9,	0,	0,	0,	0,	0,	116,	0,	0),
(293558,	102,	6,	NULL,	12,	20,	0,	7,	0,	0,	0,	0,	0,	117,	0,	0),
(293559,	103,	6,	NULL,	12,	20,	0,	10,	0,	0,	0,	0,	0,	126,	0,	0),
(293560,	104,	6,	NULL,	12,	22,	0,	8,	0,	0,	0,	0,	0,	132,	0,	0),
(293561,	105,	6,	NULL,	12,	16,	0,	10,	0,	0,	0,	0,	0,	111,	0,	0),
(293562,	106,	6,	NULL,	12,	19,	0,	8,	0,	0,	0,	0,	0,	119,	0,	0),
(293563,	107,	6,	NULL,	12,	24,	0,	9,	0,	0,	0,	0,	0,	141,	0,	0),
(293564,	108,	6,	NULL,	12,	18,	0,	9,	0,	0,	0,	0,	0,	113,	0,	0),
(293565,	109,	6,	NULL,	12,	16,	0,	8,	0,	0,	0,	0,	0,	101,	0,	0),
(293566,	110,	6,	NULL,	12,	23,	0,	9,	0,	0,	0,	0,	0,	134,	0,	0),
(293567,	111,	6,	NULL,	13,	21,	0,	8,	0,	0,	0,	0,	0,	123,	0,	0),
(293568,	112,	6,	NULL,	12,	20,	0,	9,	0,	0,	0,	0,	0,	126,	0,	0),
(293569,	113,	6,	NULL,	12,	17,	0,	10,	0,	0,	0,	0,	0,	117,	0,	0),
(293570,	114,	6,	NULL,	12,	20,	0,	7,	0,	0,	0,	0,	0,	113,	0,	0),
(293571,	115,	6,	NULL,	12,	26,	0,	7,	0,	0,	0,	0,	0,	144,	0,	0),
(293572,	116,	6,	NULL,	12,	19,	0,	8,	0,	0,	0,	0,	0,	116,	0,	0),
(293573,	117,	6,	NULL,	13,	24,	0,	8,	0,	0,	0,	0,	0,	134,	0,	0),
(293574,	118,	6,	NULL,	12,	20,	0,	9,	0,	0,	0,	0,	0,	122,	0,	0),
(293575,	119,	6,	NULL,	12,	19,	0,	11,	0,	0,	0,	0,	0,	127,	0,	0),
(293576,	120,	6,	NULL,	12,	22,	0,	10,	0,	0,	0,	0,	0,	137,	0,	0),
(293577,	121,	6,	NULL,	12,	20,	0,	8,	0,	0,	0,	0,	0,	118,	0,	0),
(293578,	122,	6,	NULL,	12,	17,	0,	9,	0,	0,	0,	0,	0,	114,	0,	0),
(293579,	123,	6,	NULL,	12,	19,	0,	11,	0,	0,	0,	0,	0,	126,	0,	0),
(293580,	124,	6,	NULL,	12,	16,	0,	8,	0,	0,	0,	0,	0,	106,	0,	0),
(293581,	125,	6,	NULL,	12,	19,	0,	10,	0,	0,	0,	0,	0,	125,	0,	0),
(293582,	126,	6,	NULL,	12,	26,	0,	10,	0,	0,	0,	0,	0,	154,	0,	0),
(293583,	127,	6,	NULL,	12,	19,	0,	9,	0,	0,	0,	0,	0,	118,	0,	0),
(293584,	128,	6,	NULL,	13,	20,	0,	8,	0,	0,	0,	0,	0,	120,	0,	0),
(293585,	129,	6,	NULL,	12,	15,	0,	10,	0,	0,	0,	0,	0,	106,	0,	0),
(293586,	130,	6,	NULL,	12,	22,	0,	9,	0,	0,	0,	0,	0,	133,	0,	0),
(293587,	131,	6,	NULL,	12,	20,	0,	9,	0,	0,	0,	0,	0,	124,	0,	0),
(293588,	132,	6,	NULL,	12,	18,	0,	9,	0,	0,	0,	0,	0,	117,	0,	0),
(293589,	133,	6,	NULL,	12,	21,	0,	9,	0,	0,	0,	0,	0,	131,	0,	0),
(293590,	134,	6,	NULL,	12,	19,	0,	8,	0,	0,	0,	0,	0,	113,	0,	0),
(293591,	135,	6,	NULL,	12,	18,	0,	9,	0,	0,	0,	0,	0,	117,	0,	0),
(293592,	136,	6,	NULL,	12,	21,	0,	8,	0,	0,	0,	0,	0,	122,	0,	0),
(293593,	137,	6,	NULL,	12,	18,	0,	9,	0,	0,	0,	0,	0,	114,	0,	0),
(293594,	138,	6,	NULL,	12,	21,	0,	9,	0,	0,	0,	0,	0,	128,	0,	0),
(293595,	139,	6,	NULL,	12,	27,	0,	9,	0,	0,	0,	0,	0,	157,	0,	0),
(293596,	140,	6,	NULL,	12,	18,	0,	12,	0,	0,	0,	0,	0,	126,	0,	0),
(293597,	141,	6,	NULL,	12,	15,	0,	9,	0,	0,	0,	0,	0,	102,	0,	0),
(293598,	142,	6,	NULL,	12,	17,	0,	9,	0,	0,	0,	0,	0,	109,	0,	0),
(293599,	143,	6,	NULL,	12,	24,	0,	10,	0,	0,	0,	0,	0,	148,	0,	0),
(293600,	144,	6,	NULL,	12,	23,	0,	8,	0,	0,	0,	0,	0,	134,	0,	0),
(293601,	145,	6,	NULL,	12,	20,	0,	10,	0,	0,	0,	0,	0,	130,	0,	0),
(293602,	146,	6,	NULL,	12,	18,	0,	10,	0,	0,	0,	0,	0,	119,	0,	0),
(293603,	147,	6,	NULL,	12,	22,	0,	11,	0,	0,	0,	0,	0,	139,	0,	0),
(293604,	148,	6,	NULL,	12,	19,	0,	10,	0,	0,	0,	0,	0,	122,	0,	0),
(293605,	149,	6,	NULL,	12,	22,	0,	11,	0,	0,	0,	0,	0,	144,	0,	0),
(293606,	150,	6,	NULL,	12,	20,	0,	10,	0,	0,	0,	0,	0,	127,	0,	0),
(293607,	1,	8,	NULL,	12,	18,	0,	6,	0,	0,	0,	0,	0,	101,	0,	0),
(293608,	2,	8,	NULL,	12,	21,	0,	9,	0,	0,	0,	0,	0,	131,	0,	0),
(293609,	3,	8,	NULL,	12,	15,	0,	7,	0,	0,	0,	0,	0,	93,	0,	0),
(293610,	4,	8,	NULL,	12,	16,	0,	9,	0,	0,	0,	0,	0,	110,	0,	0),
(293611,	5,	8,	NULL,	12,	22,	0,	7,	0,	0,	0,	0,	0,	123,	0,	0),
(293612,	6,	8,	NULL,	12,	16,	0,	7,	0,	0,	0,	0,	0,	97,	0,	0),
(293613,	7,	8,	NULL,	12,	19,	0,	7,	0,	0,	0,	0,	0,	110,	0,	0),
(293614,	8,	8,	NULL,	12,	20,	0,	7,	0,	0,	0,	0,	0,	119,	0,	0),
(293615,	9,	8,	NULL,	12,	19,	0,	5,	0,	0,	0,	0,	0,	104,	0,	0),
(293616,	10,	8,	NULL,	12,	17,	0,	7,	0,	0,	0,	0,	0,	101,	0,	0),
(293617,	11,	8,	NULL,	12,	17,	0,	7,	0,	0,	0,	0,	0,	102,	0,	0),
(293618,	12,	8,	NULL,	12,	17,	0,	7,	0,	0,	0,	0,	0,	104,	0,	0),
(293619,	13,	8,	NULL,	12,	16,	0,	9,	0,	0,	0,	0,	0,	110,	0,	0),
(293620,	14,	8,	NULL,	12,	21,	0,	6,	0,	0,	0,	0,	0,	116,	0,	0),
(293621,	15,	8,	NULL,	12,	15,	0,	9,	0,	0,	0,	0,	0,	106,	0,	0),
(293622,	16,	8,	NULL,	12,	16,	0,	8,	0,	0,	0,	0,	0,	103,	0,	0),
(293623,	17,	8,	NULL,	12,	20,	0,	7,	0,	0,	0,	0,	0,	118,	0,	0),
(293624,	18,	8,	NULL,	12,	20,	0,	6,	0,	0,	0,	0,	0,	112,	0,	0),
(293625,	19,	8,	NULL,	12,	20,	0,	6,	0,	0,	0,	0,	0,	112,	0,	0),
(293626,	20,	8,	NULL,	12,	19,	0,	6,	0,	0,	0,	0,	0,	106,	0,	0),
(293627,	21,	8,	NULL,	12,	17,	0,	7,	0,	0,	0,	0,	0,	103,	0,	0),
(293628,	22,	8,	NULL,	12,	17,	0,	8,	0,	0,	0,	0,	0,	108,	0,	0),
(293629,	23,	8,	NULL,	12,	16,	0,	6,	0,	0,	0,	0,	0,	94,	0,	0),
(293630,	24,	8,	NULL,	12,	13,	0,	8,	0,	0,	0,	0,	0,	91,	0,	0),
(293631,	25,	8,	NULL,	12,	16,	0,	6,	0,	0,	0,	0,	0,	95,	0,	0),
(293632,	26,	8,	NULL,	12,	16,	0,	7,	0,	0,	0,	0,	0,	98,	0,	0),
(293633,	27,	8,	NULL,	12,	19,	0,	7,	0,	0,	0,	0,	0,	111,	0,	0),
(293634,	28,	8,	NULL,	12,	17,	0,	8,	0,	0,	0,	0,	0,	108,	0,	0),
(293635,	29,	8,	NULL,	12,	22,	0,	7,	0,	0,	0,	0,	0,	126,	0,	0),
(293636,	30,	8,	NULL,	12,	18,	0,	7,	0,	0,	0,	0,	0,	108,	0,	0),
(293637,	31,	8,	NULL,	12,	14,	0,	5,	0,	0,	0,	0,	0,	81,	0,	0),
(293638,	32,	8,	NULL,	12,	21,	0,	7,	0,	0,	0,	0,	0,	118,	0,	0),
(293639,	33,	8,	NULL,	12,	21,	0,	7,	0,	0,	0,	0,	0,	123,	0,	0),
(293640,	34,	8,	NULL,	12,	18,	0,	8,	0,	0,	0,	0,	0,	112,	0,	0),
(293641,	35,	8,	NULL,	12,	18,	0,	8,	0,	0,	0,	0,	0,	112,	0,	0),
(293642,	36,	8,	NULL,	12,	17,	0,	7,	0,	0,	0,	0,	0,	103,	0,	0),
(293643,	37,	8,	NULL,	12,	16,	0,	7,	0,	0,	0,	0,	0,	100,	0,	0),
(293644,	38,	8,	NULL,	12,	16,	0,	6,	0,	0,	0,	0,	0,	93,	0,	0),
(293645,	39,	8,	NULL,	12,	20,	0,	6,	0,	0,	0,	0,	0,	109,	0,	0),
(293646,	40,	8,	NULL,	12,	20,	0,	8,	0,	0,	0,	0,	0,	123,	0,	0),
(293647,	41,	8,	NULL,	12,	19,	0,	5,	0,	0,	0,	0,	0,	101,	0,	0),
(293648,	42,	8,	NULL,	12,	15,	0,	6,	0,	0,	0,	0,	0,	91,	0,	0),
(293649,	43,	8,	NULL,	12,	14,	0,	7,	0,	0,	0,	0,	0,	92,	0,	0),
(293650,	44,	8,	NULL,	12,	18,	0,	8,	0,	0,	0,	0,	0,	110,	0,	0),
(293651,	45,	8,	NULL,	12,	16,	0,	6,	0,	0,	0,	0,	0,	96,	0,	0),
(293652,	46,	8,	NULL,	12,	19,	0,	7,	0,	0,	0,	0,	0,	113,	0,	0),
(293653,	47,	8,	NULL,	12,	17,	0,	7,	0,	0,	0,	0,	0,	103,	0,	0),
(293654,	48,	8,	NULL,	12,	20,	0,	6,	0,	0,	0,	0,	0,	113,	0,	0),
(293655,	49,	8,	NULL,	12,	12,	0,	7,	0,	0,	0,	0,	0,	82,	0,	0),
(293656,	50,	8,	NULL,	12,	16,	0,	7,	0,	0,	0,	0,	0,	101,	0,	0),
(293657,	51,	8,	NULL,	12,	15,	0,	8,	0,	0,	0,	0,	0,	100,	0,	0),
(293658,	52,	8,	NULL,	12,	17,	0,	8,	0,	0,	0,	0,	0,	105,	0,	0),
(293659,	53,	8,	NULL,	12,	18,	0,	7,	0,	0,	0,	0,	0,	110,	0,	0),
(293660,	54,	8,	NULL,	12,	18,	0,	7,	0,	0,	0,	0,	0,	105,	0,	0),
(293661,	55,	8,	NULL,	12,	19,	0,	6,	0,	0,	0,	0,	0,	105,	0,	0),
(293662,	56,	8,	NULL,	12,	19,	0,	8,	0,	0,	0,	0,	0,	119,	0,	0),
(293663,	57,	8,	NULL,	12,	17,	0,	5,	0,	0,	0,	0,	0,	95,	0,	0),
(293664,	58,	8,	NULL,	12,	17,	0,	8,	0,	0,	0,	0,	0,	106,	0,	0),
(293665,	59,	8,	NULL,	12,	15,	0,	8,	0,	0,	0,	0,	0,	100,	0,	0),
(293666,	60,	8,	NULL,	12,	22,	0,	8,	0,	0,	0,	0,	0,	126,	0,	0),
(293667,	61,	8,	NULL,	12,	15,	0,	7,	0,	0,	0,	0,	0,	92,	0,	0),
(293668,	62,	8,	NULL,	12,	17,	0,	7,	0,	0,	0,	0,	0,	106,	0,	0),
(293669,	63,	8,	NULL,	12,	19,	0,	8,	0,	0,	0,	0,	0,	116,	0,	0),
(293670,	64,	8,	NULL,	12,	15,	0,	6,	0,	0,	0,	0,	0,	90,	0,	0),
(293671,	65,	8,	NULL,	12,	18,	0,	5,	0,	0,	0,	0,	0,	101,	0,	0),
(293672,	66,	8,	NULL,	12,	16,	0,	7,	0,	0,	0,	0,	0,	98,	0,	0),
(293673,	67,	8,	NULL,	12,	16,	0,	6,	0,	0,	0,	0,	0,	96,	0,	0),
(293674,	68,	8,	NULL,	12,	15,	0,	8,	0,	0,	0,	0,	0,	100,	0,	0),
(293675,	69,	8,	NULL,	12,	18,	0,	7,	0,	0,	0,	0,	0,	107,	0,	0),
(293676,	70,	8,	NULL,	12,	17,	0,	7,	0,	0,	0,	0,	0,	101,	0,	0),
(293677,	71,	8,	NULL,	12,	20,	0,	7,	0,	0,	0,	0,	0,	118,	0,	0),
(293678,	72,	8,	NULL,	12,	17,	0,	5,	0,	0,	0,	0,	0,	96,	0,	0),
(293679,	73,	8,	NULL,	12,	19,	0,	6,	0,	0,	0,	0,	0,	106,	0,	0),
(293680,	74,	8,	NULL,	12,	16,	0,	7,	0,	0,	0,	0,	0,	98,	0,	0),
(293681,	75,	8,	NULL,	12,	17,	0,	6,	0,	0,	0,	0,	0,	99,	0,	0),
(293682,	76,	8,	NULL,	12,	18,	0,	6,	0,	0,	0,	0,	0,	106,	0,	0),
(293683,	77,	8,	NULL,	12,	17,	0,	7,	0,	0,	0,	0,	0,	106,	0,	0),
(293684,	78,	8,	NULL,	12,	16,	0,	7,	0,	0,	0,	0,	0,	100,	0,	0),
(293685,	79,	8,	NULL,	12,	19,	0,	8,	0,	0,	0,	0,	0,	113,	0,	0),
(293686,	80,	8,	NULL,	12,	22,	0,	8,	0,	0,	0,	0,	0,	132,	0,	0),
(293687,	81,	8,	NULL,	12,	15,	0,	7,	0,	0,	0,	0,	0,	92,	0,	0),
(293688,	82,	8,	NULL,	12,	13,	0,	6,	0,	0,	0,	0,	0,	82,	0,	0),
(293689,	83,	8,	NULL,	12,	15,	0,	8,	0,	0,	0,	0,	0,	97,	0,	0),
(293690,	84,	8,	NULL,	12,	14,	0,	7,	0,	0,	0,	0,	0,	91,	0,	0),
(293691,	85,	8,	NULL,	12,	16,	0,	8,	0,	0,	0,	0,	0,	103,	0,	0),
(293692,	86,	8,	NULL,	12,	16,	0,	7,	0,	0,	0,	0,	0,	101,	0,	0),
(293693,	87,	8,	NULL,	12,	16,	0,	6,	0,	0,	0,	0,	0,	93,	0,	0),
(293694,	88,	8,	NULL,	12,	17,	0,	6,	0,	0,	0,	0,	0,	100,	0,	0),
(293695,	89,	8,	NULL,	12,	17,	0,	6,	0,	0,	0,	0,	0,	99,	0,	0),
(293696,	90,	8,	NULL,	12,	20,	0,	6,	0,	0,	0,	0,	0,	109,	0,	0),
(293697,	91,	8,	NULL,	12,	22,	0,	5,	0,	0,	0,	0,	0,	119,	0,	0),
(293698,	92,	8,	NULL,	12,	20,	0,	7,	0,	0,	0,	0,	0,	113,	0,	0),
(293699,	93,	8,	NULL,	12,	12,	0,	9,	0,	0,	0,	0,	0,	92,	0,	0),
(293700,	94,	8,	1,	6,	23,	0,	2,	0,	0,	0,	0,	0,	54,	0,	0),
(293701,	95,	8,	1,	25,	0,	0,	0,	0,	0,	0,	0,	0,	54,	0,	0),
(293702,	96,	8,	NULL,	12,	19,	0,	7,	0,	0,	0,	0,	0,	112,	0,	0),
(293703,	97,	8,	NULL,	12,	19,	0,	7,	0,	0,	0,	0,	0,	112,	0,	0),
(293704,	98,	8,	NULL,	12,	16,	0,	9,	0,	0,	0,	0,	0,	109,	0,	0),
(293705,	99,	8,	NULL,	12,	19,	0,	7,	0,	0,	0,	0,	0,	111,	0,	0),
(293706,	100,	8,	NULL,	12,	19,	0,	7,	0,	0,	0,	0,	0,	114,	0,	0),
(293707,	101,	8,	1,	25,	0,	0,	0,	0,	0,	0,	0,	0,	54,	0,	0),
(293708,	102,	8,	1,	6,	22,	0,	2,	0,	0,	0,	0,	0,	54,	0,	0),
(293709,	103,	8,	NULL,	12,	17,	0,	8,	0,	0,	0,	0,	0,	108,	0,	0),
(293710,	104,	8,	NULL,	12,	13,	0,	7,	0,	0,	0,	0,	0,	87,	0,	0),
(293711,	105,	8,	NULL,	12,	13,	0,	6,	0,	0,	0,	0,	0,	80,	0,	0),
(293712,	106,	8,	NULL,	12,	18,	0,	7,	0,	0,	0,	0,	0,	109,	0,	0),
(293713,	107,	8,	NULL,	12,	18,	0,	9,	0,	0,	0,	0,	0,	114,	0,	0),
(293714,	108,	8,	NULL,	12,	20,	0,	5,	0,	0,	0,	0,	0,	106,	0,	0),
(293715,	109,	8,	NULL,	12,	17,	0,	9,	0,	0,	0,	0,	0,	109,	0,	0),
(293716,	110,	8,	NULL,	12,	20,	0,	5,	0,	0,	0,	0,	0,	105,	0,	0),
(293717,	111,	8,	NULL,	12,	18,	0,	7,	0,	0,	0,	0,	0,	107,	0,	0),
(293718,	112,	8,	NULL,	12,	20,	0,	6,	0,	0,	0,	0,	0,	112,	0,	0),
(293719,	113,	8,	NULL,	12,	19,	0,	7,	0,	0,	0,	0,	0,	111,	0,	0),
(293720,	114,	8,	NULL,	12,	20,	0,	8,	0,	0,	0,	0,	0,	120,	0,	0),
(293721,	115,	8,	NULL,	12,	16,	0,	7,	0,	0,	0,	0,	0,	101,	0,	0),
(293722,	116,	8,	NULL,	12,	18,	0,	6,	0,	0,	0,	0,	0,	102,	0,	0),
(293723,	117,	8,	NULL,	12,	15,	0,	5,	0,	0,	0,	0,	0,	86,	0,	0),
(293724,	118,	8,	1,	25,	0,	0,	0,	0,	0,	0,	0,	0,	54,	0,	0),
(293725,	119,	8,	1,	6,	22,	0,	2,	0,	0,	0,	0,	0,	54,	0,	0),
(293726,	120,	8,	NULL,	12,	12,	0,	6,	0,	0,	0,	0,	0,	76,	0,	0),
(293727,	121,	8,	NULL,	12,	15,	0,	5,	0,	0,	0,	0,	0,	87,	0,	0),
(293728,	122,	8,	NULL,	12,	18,	0,	6,	0,	0,	0,	0,	0,	102,	0,	0),
(293729,	123,	8,	NULL,	12,	17,	0,	7,	0,	0,	0,	0,	0,	102,	0,	0),
(293730,	124,	8,	NULL,	12,	17,	0,	5,	0,	0,	0,	0,	0,	96,	0,	0),
(293731,	125,	8,	NULL,	12,	17,	0,	9,	0,	0,	0,	0,	0,	112,	0,	0),
(293732,	126,	8,	NULL,	12,	19,	0,	6,	0,	0,	0,	0,	0,	109,	0,	0),
(293733,	127,	8,	NULL,	12,	17,	0,	5,	0,	0,	0,	0,	0,	94,	0,	0),
(293734,	128,	8,	NULL,	12,	16,	0,	8,	0,	0,	0,	0,	0,	106,	0,	0),
(293735,	129,	8,	NULL,	12,	17,	0,	7,	0,	0,	0,	0,	0,	103,	0,	0),
(293736,	130,	8,	NULL,	12,	13,	0,	7,	0,	0,	0,	0,	0,	86,	0,	0),
(293737,	131,	8,	NULL,	12,	18,	0,	7,	0,	0,	0,	0,	0,	108,	0,	0),
(293738,	132,	8,	NULL,	12,	20,	0,	7,	0,	0,	0,	0,	0,	113,	0,	0),
(293739,	133,	8,	NULL,	12,	15,	0,	7,	0,	0,	0,	0,	0,	95,	0,	0),
(293740,	134,	8,	NULL,	12,	16,	0,	7,	0,	0,	0,	0,	0,	97,	0,	0),
(293741,	135,	8,	NULL,	12,	15,	0,	7,	0,	0,	0,	0,	0,	97,	0,	0),
(293742,	136,	8,	NULL,	12,	17,	0,	5,	0,	0,	0,	0,	0,	94,	0,	0),
(293743,	137,	8,	NULL,	12,	13,	0,	6,	0,	0,	0,	0,	0,	81,	0,	0),
(293744,	138,	8,	NULL,	12,	15,	0,	6,	0,	0,	0,	0,	0,	90,	0,	0),
(293745,	139,	8,	NULL,	12,	16,	0,	6,	0,	0,	0,	0,	0,	92,	0,	0),
(293746,	140,	8,	NULL,	12,	16,	0,	7,	0,	0,	0,	0,	0,	98,	0,	0),
(293747,	141,	8,	NULL,	12,	18,	0,	7,	0,	0,	0,	0,	0,	110,	0,	0),
(293748,	142,	8,	NULL,	12,	12,	0,	9,	0,	0,	0,	0,	0,	92,	0,	0),
(293749,	143,	8,	NULL,	12,	17,	0,	7,	0,	0,	0,	0,	0,	102,	0,	0),
(293750,	144,	8,	NULL,	12,	15,	0,	6,	0,	0,	0,	0,	0,	90,	0,	0),
(293751,	145,	8,	NULL,	12,	13,	0,	7,	0,	0,	0,	0,	0,	85,	0,	0),
(293752,	146,	8,	NULL,	12,	19,	0,	8,	0,	0,	0,	0,	0,	116,	0,	0),
(293753,	147,	8,	NULL,	12,	18,	0,	9,	0,	0,	0,	0,	0,	117,	0,	0),
(293754,	148,	8,	NULL,	12,	18,	0,	5,	0,	0,	0,	0,	0,	97,	0,	0),
(293755,	149,	8,	NULL,	12,	15,	0,	8,	0,	0,	0,	0,	0,	98,	0,	0),
(293756,	150,	8,	NULL,	12,	21,	0,	7,	0,	0,	0,	0,	0,	122,	0,	0),
(293757,	1,	3,	NULL,	12,	14,	0,	5,	0,	0,	0,	0,	0,	82,	0,	0),
(293758,	2,	3,	NULL,	12,	11,	0,	6,	0,	0,	0,	0,	0,	73,	0,	0),
(293759,	3,	3,	NULL,	12,	15,	0,	6,	0,	0,	0,	0,	0,	91,	0,	0),
(293760,	4,	3,	NULL,	12,	15,	0,	5,	0,	0,	0,	0,	0,	88,	0,	0),
(293761,	5,	3,	NULL,	12,	14,	0,	6,	0,	0,	0,	0,	0,	88,	0,	0),
(293762,	6,	3,	NULL,	12,	11,	0,	4,	0,	0,	0,	0,	0,	64,	0,	0),
(293763,	7,	3,	NULL,	12,	16,	0,	6,	0,	0,	0,	0,	0,	97,	0,	0),
(293764,	8,	3,	NULL,	12,	13,	0,	6,	0,	0,	0,	0,	0,	82,	0,	0),
(293765,	9,	3,	NULL,	12,	12,	0,	5,	0,	0,	0,	0,	0,	71,	0,	0),
(293766,	10,	3,	NULL,	12,	14,	0,	4,	0,	0,	0,	0,	0,	78,	0,	0),
(293767,	11,	3,	NULL,	12,	14,	0,	6,	0,	0,	0,	0,	0,	86,	0,	0),
(293768,	12,	3,	NULL,	12,	14,	0,	6,	0,	0,	0,	0,	0,	87,	0,	0),
(293769,	13,	3,	NULL,	12,	16,	0,	5,	0,	0,	0,	0,	0,	91,	0,	0),
(293770,	14,	3,	NULL,	12,	15,	0,	5,	0,	0,	0,	0,	0,	86,	0,	0),
(293771,	15,	3,	NULL,	12,	14,	0,	6,	0,	0,	0,	0,	0,	86,	0,	0),
(293772,	16,	3,	NULL,	12,	11,	0,	5,	0,	0,	0,	0,	0,	67,	0,	0),
(293773,	17,	3,	NULL,	12,	12,	0,	5,	0,	0,	0,	0,	0,	73,	0,	0),
(293774,	18,	3,	NULL,	12,	16,	0,	4,	0,	0,	0,	0,	0,	85,	0,	0),
(293775,	19,	3,	NULL,	12,	16,	0,	6,	0,	0,	0,	0,	0,	94,	0,	0),
(293776,	20,	3,	NULL,	12,	11,	0,	5,	0,	0,	0,	0,	0,	67,	0,	0),
(293777,	21,	3,	NULL,	12,	12,	0,	6,	0,	0,	0,	0,	0,	76,	0,	0),
(293778,	22,	3,	NULL,	12,	16,	0,	6,	0,	0,	0,	0,	0,	96,	0,	0),
(293779,	23,	3,	NULL,	12,	11,	0,	6,	0,	0,	0,	0,	0,	71,	0,	0),
(293780,	24,	3,	NULL,	12,	13,	0,	6,	0,	0,	0,	0,	0,	81,	0,	0),
(293781,	25,	3,	NULL,	12,	12,	0,	6,	0,	0,	0,	0,	0,	76,	0,	0),
(293782,	26,	3,	NULL,	12,	12,	0,	4,	0,	0,	0,	0,	0,	70,	0,	0),
(293783,	27,	3,	NULL,	12,	14,	0,	6,	0,	0,	0,	0,	0,	86,	0,	0),
(293784,	28,	3,	NULL,	12,	14,	0,	5,	0,	0,	0,	0,	0,	80,	0,	0),
(293785,	29,	3,	NULL,	12,	14,	0,	4,	0,	0,	0,	0,	0,	76,	0,	0),
(293786,	30,	3,	NULL,	12,	15,	0,	6,	0,	0,	0,	0,	0,	88,	0,	0),
(293787,	31,	3,	NULL,	12,	12,	0,	5,	0,	0,	0,	0,	0,	75,	0,	0),
(293788,	32,	3,	NULL,	12,	11,	0,	4,	0,	0,	0,	0,	0,	65,	0,	0),
(293789,	33,	3,	NULL,	12,	16,	0,	5,	0,	0,	0,	0,	0,	90,	0,	0),
(293790,	34,	3,	NULL,	12,	14,	0,	5,	0,	0,	0,	0,	0,	84,	0,	0),
(293791,	35,	3,	NULL,	12,	13,	0,	4,	0,	0,	0,	0,	0,	74,	0,	0),
(293792,	36,	3,	NULL,	12,	13,	0,	4,	0,	0,	0,	0,	0,	74,	0,	0),
(293793,	37,	3,	NULL,	12,	14,	0,	6,	0,	0,	0,	0,	0,	84,	0,	0),
(293794,	38,	3,	NULL,	12,	15,	0,	4,	0,	0,	0,	0,	0,	81,	0,	0),
(293795,	39,	3,	NULL,	12,	12,	0,	4,	0,	0,	0,	0,	0,	69,	0,	0),
(293796,	40,	3,	NULL,	12,	14,	0,	6,	0,	0,	0,	0,	0,	87,	0,	0),
(293797,	41,	3,	NULL,	12,	16,	0,	4,	0,	0,	0,	0,	0,	88,	0,	0),
(293798,	42,	3,	NULL,	12,	13,	0,	5,	0,	0,	0,	0,	0,	77,	0,	0),
(293799,	43,	3,	NULL,	12,	14,	0,	6,	0,	0,	0,	0,	0,	85,	0,	0),
(293800,	44,	3,	NULL,	12,	11,	0,	6,	0,	0,	0,	0,	0,	73,	0,	0),
(293801,	45,	3,	NULL,	12,	16,	0,	6,	0,	0,	0,	0,	0,	97,	0,	0),
(293802,	46,	3,	NULL,	12,	15,	0,	5,	0,	0,	0,	0,	0,	84,	0,	0),
(293803,	47,	3,	NULL,	12,	14,	0,	4,	0,	0,	0,	0,	0,	78,	0,	0),
(293804,	48,	3,	NULL,	12,	15,	0,	5,	0,	0,	0,	0,	0,	84,	0,	0),
(293805,	49,	3,	NULL,	12,	11,	0,	4,	0,	0,	0,	0,	0,	64,	0,	0),
(293806,	50,	3,	NULL,	12,	11,	0,	5,	0,	0,	0,	0,	0,	67,	0,	0),
(293807,	51,	3,	NULL,	12,	16,	0,	6,	0,	0,	0,	0,	0,	94,	0,	0),
(293808,	52,	3,	NULL,	12,	15,	0,	4,	0,	0,	0,	0,	0,	81,	0,	0),
(293809,	53,	3,	NULL,	12,	11,	0,	6,	0,	0,	0,	0,	0,	71,	0,	0),
(293810,	54,	3,	NULL,	12,	13,	0,	6,	0,	0,	0,	0,	0,	83,	0,	0),
(293811,	55,	3,	NULL,	12,	12,	0,	5,	0,	0,	0,	0,	0,	73,	0,	0),
(293812,	56,	3,	NULL,	12,	13,	0,	6,	0,	0,	0,	0,	0,	80,	0,	0),
(293813,	57,	3,	NULL,	12,	16,	0,	5,	0,	0,	0,	0,	0,	92,	0,	0),
(293814,	58,	3,	NULL,	12,	16,	0,	6,	0,	0,	0,	0,	0,	95,	0,	0),
(293815,	59,	3,	NULL,	12,	15,	0,	6,	0,	0,	0,	0,	0,	89,	0,	0),
(293816,	60,	3,	NULL,	12,	16,	0,	6,	0,	0,	0,	0,	0,	93,	0,	0),
(293817,	61,	3,	NULL,	12,	13,	0,	6,	0,	0,	0,	0,	0,	80,	0,	0),
(293818,	62,	3,	NULL,	12,	13,	0,	5,	0,	0,	0,	0,	0,	78,	0,	0),
(293819,	63,	3,	NULL,	12,	13,	0,	4,	0,	0,	0,	0,	0,	72,	0,	0),
(293820,	64,	3,	NULL,	12,	16,	0,	5,	0,	0,	0,	0,	0,	92,	0,	0),
(293821,	65,	3,	NULL,	12,	16,	0,	4,	0,	0,	0,	0,	0,	84,	0,	0),
(293822,	66,	3,	NULL,	12,	12,	0,	6,	0,	0,	0,	0,	0,	77,	0,	0),
(293823,	67,	3,	NULL,	12,	15,	0,	6,	0,	0,	0,	0,	0,	92,	0,	0),
(293824,	68,	3,	NULL,	12,	12,	0,	6,	0,	0,	0,	0,	0,	76,	0,	0),
(293825,	69,	3,	NULL,	12,	13,	0,	4,	0,	0,	0,	0,	0,	73,	0,	0),
(293826,	70,	3,	NULL,	12,	12,	0,	5,	0,	0,	0,	0,	0,	73,	0,	0),
(293827,	71,	3,	NULL,	12,	15,	0,	4,	0,	0,	0,	0,	0,	83,	0,	0),
(293828,	72,	3,	NULL,	12,	14,	0,	5,	0,	0,	0,	0,	0,	84,	0,	0),
(293829,	73,	3,	NULL,	12,	12,	0,	4,	0,	0,	0,	0,	0,	70,	0,	0),
(293830,	74,	3,	NULL,	12,	11,	0,	6,	0,	0,	0,	0,	0,	75,	0,	0),
(293831,	75,	3,	NULL,	12,	15,	0,	4,	0,	0,	0,	0,	0,	81,	0,	0),
(293832,	76,	3,	NULL,	12,	11,	0,	6,	0,	0,	0,	0,	0,	71,	0,	0),
(293833,	77,	3,	NULL,	12,	14,	0,	5,	0,	0,	0,	0,	0,	81,	0,	0),
(293834,	78,	3,	NULL,	12,	14,	0,	6,	0,	0,	0,	0,	0,	88,	0,	0),
(293835,	79,	3,	NULL,	12,	12,	0,	4,	0,	0,	0,	0,	0,	68,	0,	0),
(293836,	80,	3,	NULL,	12,	13,	0,	4,	0,	0,	0,	0,	0,	72,	0,	0),
(293837,	81,	3,	NULL,	12,	16,	0,	6,	0,	0,	0,	0,	0,	95,	0,	0),
(293838,	82,	3,	NULL,	12,	12,	0,	6,	0,	0,	0,	0,	0,	79,	0,	0),
(293839,	83,	3,	NULL,	12,	13,	0,	5,	0,	0,	0,	0,	0,	76,	0,	0),
(293840,	84,	3,	NULL,	12,	16,	0,	4,	0,	0,	0,	0,	0,	87,	0,	0),
(293841,	85,	3,	NULL,	12,	12,	0,	4,	0,	0,	0,	0,	0,	68,	0,	0),
(293842,	86,	3,	NULL,	12,	16,	0,	4,	0,	0,	0,	0,	0,	87,	0,	0),
(293843,	87,	3,	NULL,	12,	11,	0,	4,	0,	0,	0,	0,	0,	65,	0,	0),
(293844,	88,	3,	NULL,	12,	12,	0,	6,	0,	0,	0,	0,	0,	77,	0,	0),
(293845,	89,	3,	NULL,	12,	11,	0,	6,	0,	0,	0,	0,	0,	72,	0,	0),
(293846,	90,	3,	NULL,	12,	14,	0,	6,	0,	0,	0,	0,	0,	88,	0,	0),
(293847,	91,	3,	NULL,	12,	13,	0,	5,	0,	0,	0,	0,	0,	78,	0,	0),
(293848,	92,	3,	NULL,	12,	13,	0,	6,	0,	0,	0,	0,	0,	81,	0,	0),
(293849,	93,	3,	NULL,	12,	13,	0,	4,	0,	0,	0,	0,	0,	72,	0,	0),
(293850,	94,	3,	NULL,	12,	12,	0,	5,	0,	0,	0,	0,	0,	73,	0,	0),
(293851,	95,	3,	NULL,	12,	16,	0,	5,	0,	0,	0,	0,	0,	92,	0,	0),
(293852,	96,	3,	NULL,	12,	15,	0,	4,	0,	0,	0,	0,	0,	82,	0,	0),
(293853,	97,	3,	NULL,	12,	15,	0,	6,	0,	0,	0,	0,	0,	92,	0,	0),
(293854,	98,	3,	NULL,	12,	15,	0,	5,	0,	0,	0,	0,	0,	88,	0,	0),
(293855,	99,	3,	NULL,	12,	16,	0,	5,	0,	0,	0,	0,	0,	89,	0,	0),
(293856,	100,	3,	NULL,	12,	13,	0,	5,	0,	0,	0,	0,	0,	79,	0,	0),
(293857,	101,	3,	NULL,	12,	14,	0,	5,	0,	0,	0,	0,	0,	81,	0,	0),
(293858,	102,	3,	NULL,	12,	12,	0,	6,	0,	0,	0,	0,	0,	76,	0,	0),
(293859,	103,	3,	NULL,	12,	16,	0,	6,	0,	0,	0,	0,	0,	95,	0,	0),
(293860,	104,	3,	NULL,	12,	14,	0,	6,	0,	0,	0,	0,	0,	86,	0,	0),
(293861,	105,	3,	NULL,	12,	12,	0,	5,	0,	0,	0,	0,	0,	73,	0,	0),
(293862,	106,	3,	NULL,	12,	16,	0,	4,	0,	0,	0,	0,	0,	85,	0,	0),
(293863,	107,	3,	NULL,	12,	11,	0,	6,	0,	0,	0,	0,	0,	74,	0,	0),
(293864,	108,	3,	NULL,	12,	12,	0,	4,	0,	0,	0,	0,	0,	68,	0,	0),
(293865,	109,	3,	NULL,	12,	14,	0,	5,	0,	0,	0,	0,	0,	84,	0,	0),
(293866,	110,	3,	NULL,	12,	13,	0,	4,	0,	0,	0,	0,	0,	75,	0,	0),
(293867,	111,	3,	NULL,	12,	13,	0,	6,	0,	0,	0,	0,	0,	81,	0,	0),
(293868,	112,	3,	NULL,	12,	14,	0,	6,	0,	0,	0,	0,	0,	84,	0,	0),
(293869,	113,	3,	NULL,	12,	16,	0,	6,	0,	0,	0,	0,	0,	97,	0,	0),
(293870,	114,	3,	NULL,	12,	13,	0,	6,	0,	0,	0,	0,	0,	81,	0,	0),
(293871,	115,	3,	NULL,	12,	13,	0,	4,	0,	0,	0,	0,	0,	73,	0,	0),
(293872,	116,	3,	NULL,	12,	11,	0,	6,	0,	0,	0,	0,	0,	74,	0,	0),
(293873,	117,	3,	NULL,	12,	12,	0,	4,	0,	0,	0,	0,	0,	70,	0,	0),
(293874,	118,	3,	NULL,	12,	13,	0,	6,	0,	0,	0,	0,	0,	81,	0,	0),
(293875,	119,	3,	NULL,	12,	13,	0,	6,	0,	0,	0,	0,	0,	80,	0,	0),
(293876,	120,	3,	NULL,	12,	12,	0,	6,	0,	0,	0,	0,	0,	76,	0,	0),
(293877,	121,	3,	NULL,	12,	14,	0,	4,	0,	0,	0,	0,	0,	76,	0,	0),
(293878,	122,	3,	NULL,	12,	14,	0,	5,	0,	0,	0,	0,	0,	81,	0,	0),
(293879,	123,	3,	NULL,	12,	15,	0,	6,	0,	0,	0,	0,	0,	91,	0,	0),
(293880,	124,	3,	NULL,	12,	15,	0,	4,	0,	0,	0,	0,	0,	82,	0,	0),
(293881,	125,	3,	NULL,	12,	15,	0,	4,	0,	0,	0,	0,	0,	84,	0,	0),
(293882,	126,	3,	NULL,	12,	12,	0,	5,	0,	0,	0,	0,	0,	72,	0,	0),
(293883,	127,	3,	NULL,	12,	13,	0,	6,	0,	0,	0,	0,	0,	82,	0,	0),
(293884,	128,	3,	NULL,	12,	15,	0,	4,	0,	0,	0,	0,	0,	81,	0,	0),
(293885,	129,	3,	NULL,	12,	12,	0,	4,	0,	0,	0,	0,	0,	68,	0,	0),
(293886,	130,	3,	NULL,	12,	12,	0,	5,	0,	0,	0,	0,	0,	75,	0,	0),
(293887,	131,	3,	NULL,	12,	15,	0,	5,	0,	0,	0,	0,	0,	84,	0,	0),
(293888,	132,	3,	NULL,	12,	13,	0,	6,	0,	0,	0,	0,	0,	81,	0,	0),
(293889,	133,	3,	NULL,	12,	14,	0,	6,	0,	0,	0,	0,	0,	88,	0,	0),
(293890,	134,	3,	NULL,	12,	12,	0,	5,	0,	0,	0,	0,	0,	71,	0,	0),
(293891,	135,	3,	NULL,	12,	16,	0,	5,	0,	0,	0,	0,	0,	89,	0,	0),
(293892,	136,	3,	NULL,	12,	13,	0,	5,	0,	0,	0,	0,	0,	79,	0,	0),
(293893,	137,	3,	NULL,	12,	13,	0,	6,	0,	0,	0,	0,	0,	80,	0,	0),
(293894,	138,	3,	NULL,	12,	15,	0,	5,	0,	0,	0,	0,	0,	88,	0,	0),
(293895,	139,	3,	NULL,	12,	16,	0,	6,	0,	0,	0,	0,	0,	94,	0,	0),
(293896,	140,	3,	NULL,	12,	12,	0,	6,	0,	0,	0,	0,	0,	79,	0,	0),
(293897,	141,	3,	NULL,	12,	15,	0,	5,	0,	0,	0,	0,	0,	86,	0,	0),
(293898,	142,	3,	NULL,	12,	11,	0,	5,	0,	0,	0,	0,	0,	68,	0,	0),
(293899,	143,	3,	NULL,	12,	11,	0,	4,	0,	0,	0,	0,	0,	65,	0,	0),
(293900,	144,	3,	NULL,	12,	16,	0,	6,	0,	0,	0,	0,	0,	95,	0,	0),
(293901,	145,	3,	NULL,	12,	15,	0,	4,	0,	0,	0,	0,	0,	83,	0,	0),
(293902,	146,	3,	NULL,	12,	15,	0,	5,	0,	0,	0,	0,	0,	87,	0,	0),
(293903,	147,	3,	NULL,	12,	16,	0,	6,	0,	0,	0,	0,	0,	92,	0,	0),
(293904,	148,	3,	NULL,	12,	15,	0,	6,	0,	0,	0,	0,	0,	88,	0,	0),
(293905,	149,	3,	NULL,	12,	15,	0,	6,	0,	0,	0,	0,	0,	92,	0,	0),
(293906,	150,	3,	NULL,	12,	15,	0,	6,	0,	0,	0,	0,	0,	92,	0,	0);

DROP TABLE IF EXISTS `in_game_vlivy_letecke_akce`;
CREATE TABLE `in_game_vlivy_letecke_akce` (
  `id` int(11) NOT NULL AUTO_INCREMENT,
  `id_zeme` int(11) NOT NULL,
  `id_ligy` int(11) NOT NULL,
  `id_letecke_akce` int(11) NOT NULL,
  `sila` int(5) DEFAULT '0',
  PRIMARY KEY (`id`),
  KEY `FK__in_game_vlivy_letecke_akce_id_zeme_zeme_id` (`id_zeme`),
  KEY `FK__in_game_vlivy_letecke_akce_id_ligy_ligy_id` (`id_ligy`),
  KEY `FK__in_game_vlivy_letecke_akce_id_letecke_akce_letecke_akce_id` (`id_letecke_akce`),
  CONSTRAINT `FK__in_game_vlivy_letecke_akce_id_letecke_akce_letecke_akce_id` FOREIGN KEY (`id_letecke_akce`) REFERENCES `letecke_akce` (`id`) ON UPDATE CASCADE,
  CONSTRAINT `FK__in_game_vlivy_letecke_akce_id_ligy_ligy_id` FOREIGN KEY (`id_ligy`) REFERENCES `ligy` (`id`) ON UPDATE CASCADE,
  CONSTRAINT `FK__in_game_vlivy_letecke_akce_id_zeme_zeme_id` FOREIGN KEY (`id_zeme`) REFERENCES `zeme` (`id`) ON UPDATE CASCADE
) ENGINE=InnoDB DEFAULT CHARSET=utf8 COLLATE=utf8_czech_ci;


DROP TABLE IF EXISTS `in_game_vlivy_podpora`;
CREATE TABLE `in_game_vlivy_podpora` (
  `id` int(11) NOT NULL AUTO_INCREMENT,
  `id_zeme` int(11) NOT NULL,
  `id_ligy` int(11) NOT NULL,
  `id_podpora` int(11) NOT NULL,
  `param1` varchar(20) COLLATE utf8_czech_ci DEFAULT NULL,
  PRIMARY KEY (`id`),
  KEY `FK__in_game_vlivy_podpora_id_zeme_zeme_id` (`id_zeme`),
  KEY `FK__in_game_vlivy_podpora_id_ligy_ligy_id` (`id_ligy`),
  KEY `FK__in_game_vlivy_podpora_id_podpora_podpora_z_domova_id` (`id_podpora`),
  CONSTRAINT `FK__in_game_vlivy_podpora_id_ligy_ligy_id` FOREIGN KEY (`id_ligy`) REFERENCES `ligy` (`id`) ON UPDATE CASCADE,
  CONSTRAINT `FK__in_game_vlivy_podpora_id_podpora_podpora_z_domova_id` FOREIGN KEY (`id_podpora`) REFERENCES `podpora_z_domova` (`id`) ON UPDATE CASCADE,
  CONSTRAINT `FK__in_game_vlivy_podpora_id_zeme_zeme_id` FOREIGN KEY (`id_zeme`) REFERENCES `zeme` (`id`) ON UPDATE CASCADE
) ENGINE=InnoDB DEFAULT CHARSET=utf8 COLLATE=utf8_czech_ci;


DROP TABLE IF EXISTS `in_game_zeme`;
CREATE TABLE `in_game_zeme` (
  `id` int(11) NOT NULL AUTO_INCREMENT,
  `id_zeme` int(11) NOT NULL,
  `id_ligy` int(11) NOT NULL,
  `id_vlastnik` int(11) DEFAULT NULL,
  `infrastruktura_now` int(5) DEFAULT '0',
  `pechota` int(5) DEFAULT '0',
  `pechota_odeslano` int(5) DEFAULT '0',
  `tanky` int(5) DEFAULT '0',
  `tanky_odeslano` int(5) DEFAULT '0',
  `letadla` int(5) DEFAULT '0',
  `povolano` int(5) DEFAULT '0',
  `oprava_infrastruktury` int(5) DEFAULT '0',
  `vojenska_policie` int(5) DEFAULT '0',
  `sila_neutralka` int(5) DEFAULT '0',
  `pvo_stanice` int(5) DEFAULT '0',
  `lze_povolat` int(5) DEFAULT '0',
  PRIMARY KEY (`id`),
  KEY `FK__in_game_zeme_id_zeme_zeme_id` (`id_zeme`),
  KEY `FK__in_game_zeme_id_ligy_ligy_id` (`id_ligy`),
  CONSTRAINT `FK__in_game_zeme_id_ligy_ligy_id` FOREIGN KEY (`id_ligy`) REFERENCES `ligy` (`id`) ON UPDATE CASCADE,
  CONSTRAINT `FK__in_game_zeme_id_zeme_zeme_id` FOREIGN KEY (`id_zeme`) REFERENCES `zeme` (`id`) ON UPDATE CASCADE
) ENGINE=InnoDB DEFAULT CHARSET=utf8 COLLATE=utf8_czech_ci;

INSERT INTO `in_game_zeme` (`id`, `id_zeme`, `id_ligy`, `id_vlastnik`, `infrastruktura_now`, `pechota`, `pechota_odeslano`, `tanky`, `tanky_odeslano`, `letadla`, `povolano`, `oprava_infrastruktury`, `vojenska_policie`, `sila_neutralka`, `pvo_stanice`, `lze_povolat`) VALUES
(291207,	1,	15,	NULL,	12,	56,	0,	32,	0,	0,	0,	0,	0,	370,	0,	0),
(291208,	2,	15,	NULL,	12,	67,	0,	40,	0,	0,	0,	0,	0,	467,	0,	0),
(291209,	3,	15,	NULL,	12,	61,	0,	35,	0,	0,	0,	0,	0,	407,	0,	0),
(291210,	4,	15,	NULL,	25,	66,	0,	20,	0,	0,	0,	0,	0,	361,	0,	0),
(291211,	5,	15,	NULL,	12,	66,	0,	37,	0,	0,	0,	0,	0,	433,	0,	0),
(291212,	6,	15,	NULL,	25,	73,	0,	20,	0,	0,	0,	0,	0,	398,	0,	0),
(291213,	7,	15,	NULL,	12,	63,	0,	29,	0,	0,	0,	0,	0,	386,	0,	0),
(291214,	8,	15,	NULL,	25,	73,	0,	18,	0,	0,	0,	0,	0,	393,	0,	0),
(291215,	9,	15,	NULL,	25,	67,	0,	22,	0,	0,	0,	0,	0,	381,	0,	0),
(291216,	10,	15,	NULL,	25,	72,	0,	20,	0,	0,	0,	0,	0,	394,	0,	0),
(291217,	11,	15,	NULL,	25,	72,	0,	21,	0,	0,	0,	0,	0,	402,	0,	0),
(291218,	12,	15,	NULL,	25,	70,	0,	18,	0,	0,	0,	0,	0,	380,	0,	0),
(291219,	13,	15,	NULL,	25,	64,	0,	18,	0,	0,	0,	0,	0,	351,	0,	0),
(291220,	14,	15,	NULL,	25,	66,	0,	20,	0,	0,	0,	0,	0,	375,	0,	0),
(291221,	15,	15,	NULL,	25,	69,	0,	20,	0,	0,	0,	0,	0,	377,	0,	0),
(291222,	16,	15,	NULL,	25,	66,	0,	21,	0,	0,	0,	0,	0,	372,	0,	0),
(291223,	17,	15,	NULL,	25,	68,	0,	21,	0,	0,	0,	0,	0,	384,	0,	0),
(291224,	18,	15,	NULL,	12,	60,	0,	36,	0,	0,	0,	0,	0,	422,	0,	0),
(291225,	19,	15,	NULL,	25,	69,	0,	18,	0,	0,	0,	0,	0,	365,	0,	0),
(291226,	20,	15,	NULL,	12,	58,	0,	33,	0,	0,	0,	0,	0,	393,	0,	0),
(291227,	21,	15,	NULL,	25,	71,	0,	21,	0,	0,	0,	0,	0,	397,	0,	0),
(291228,	22,	15,	NULL,	25,	64,	0,	19,	0,	0,	0,	0,	0,	362,	0,	0),
(291229,	23,	15,	NULL,	25,	71,	0,	22,	0,	0,	0,	0,	0,	402,	0,	0),
(291230,	24,	15,	NULL,	25,	68,	0,	21,	0,	0,	0,	0,	0,	384,	0,	0),
(291231,	25,	15,	NULL,	25,	70,	0,	21,	0,	0,	0,	0,	0,	386,	0,	0),
(291232,	26,	15,	NULL,	25,	67,	0,	18,	0,	0,	0,	0,	0,	374,	0,	0),
(291233,	27,	15,	NULL,	25,	69,	0,	20,	0,	0,	0,	0,	0,	377,	0,	0),
(291234,	28,	15,	NULL,	12,	53,	0,	34,	0,	0,	0,	0,	0,	383,	0,	0),
(291235,	29,	15,	NULL,	25,	69,	0,	20,	0,	0,	0,	0,	0,	392,	0,	0),
(291236,	30,	15,	NULL,	21,	64,	0,	21,	0,	0,	0,	0,	0,	357,	0,	0),
(291237,	31,	15,	NULL,	25,	71,	0,	20,	0,	0,	0,	0,	0,	386,	0,	0),
(291238,	32,	15,	NULL,	25,	70,	0,	20,	0,	0,	0,	0,	0,	389,	0,	0),
(291239,	33,	15,	NULL,	25,	68,	0,	19,	0,	0,	0,	0,	0,	365,	0,	0),
(291240,	34,	15,	NULL,	12,	68,	0,	32,	0,	0,	0,	0,	0,	420,	0,	0),
(291241,	35,	15,	NULL,	25,	67,	0,	20,	0,	0,	0,	0,	0,	365,	0,	0),
(291242,	36,	15,	NULL,	25,	69,	0,	21,	0,	0,	0,	0,	0,	385,	0,	0),
(291243,	37,	15,	NULL,	25,	67,	0,	22,	0,	0,	0,	0,	0,	388,	0,	0),
(291244,	38,	15,	NULL,	25,	68,	0,	18,	0,	0,	0,	0,	0,	361,	0,	0),
(291245,	39,	15,	NULL,	25,	65,	0,	18,	0,	0,	0,	0,	0,	359,	0,	0),
(291246,	40,	15,	NULL,	25,	66,	0,	21,	0,	0,	0,	0,	0,	365,	0,	0),
(291247,	41,	15,	NULL,	25,	71,	0,	18,	0,	0,	0,	0,	0,	377,	0,	0),
(291248,	42,	15,	NULL,	25,	65,	0,	20,	0,	0,	0,	0,	0,	364,	0,	0),
(291249,	43,	15,	NULL,	25,	71,	0,	19,	0,	0,	0,	0,	0,	385,	0,	0),
(291250,	44,	15,	NULL,	21,	67,	0,	23,	0,	0,	0,	0,	0,	385,	0,	0),
(291251,	45,	15,	NULL,	12,	54,	0,	34,	0,	0,	0,	0,	0,	380,	0,	0),
(291252,	46,	15,	NULL,	21,	69,	0,	22,	0,	0,	0,	0,	0,	386,	0,	0),
(291253,	47,	15,	NULL,	21,	64,	0,	25,	0,	0,	0,	0,	0,	377,	0,	0),
(291254,	48,	15,	NULL,	25,	74,	0,	21,	0,	0,	0,	0,	0,	410,	0,	0),
(291255,	49,	15,	NULL,	12,	72,	0,	44,	0,	0,	0,	0,	0,	510,	0,	0),
(291256,	50,	15,	NULL,	25,	72,	0,	20,	0,	0,	0,	0,	0,	386,	0,	0),
(291257,	51,	15,	NULL,	25,	73,	0,	20,	0,	0,	0,	0,	0,	409,	0,	0),
(291258,	52,	15,	NULL,	25,	67,	0,	21,	0,	0,	0,	0,	0,	370,	0,	0),
(291259,	53,	15,	NULL,	25,	68,	0,	21,	0,	0,	0,	0,	0,	392,	0,	0),
(291260,	54,	15,	NULL,	12,	71,	0,	31,	0,	0,	0,	0,	0,	445,	0,	0),
(291261,	55,	15,	NULL,	25,	64,	0,	21,	0,	0,	0,	0,	0,	364,	0,	0),
(291262,	56,	15,	NULL,	25,	68,	0,	18,	0,	0,	0,	0,	0,	368,	0,	0),
(291263,	57,	15,	NULL,	25,	68,	0,	20,	0,	0,	0,	0,	0,	377,	0,	0),
(291264,	58,	15,	NULL,	12,	62,	0,	32,	0,	0,	0,	0,	0,	402,	0,	0),
(291265,	59,	15,	NULL,	12,	62,	0,	39,	0,	0,	0,	0,	0,	428,	0,	0),
(291266,	60,	15,	NULL,	12,	63,	0,	32,	0,	0,	0,	0,	0,	414,	0,	0),
(291267,	61,	15,	NULL,	12,	58,	0,	30,	0,	0,	0,	0,	0,	373,	0,	0),
(291268,	62,	15,	NULL,	12,	57,	0,	32,	0,	0,	0,	0,	0,	374,	0,	0),
(291269,	63,	15,	NULL,	21,	65,	0,	20,	0,	0,	0,	0,	0,	367,	0,	0),
(291270,	64,	15,	NULL,	12,	60,	0,	27,	0,	0,	0,	0,	0,	369,	0,	0),
(291271,	65,	15,	NULL,	12,	67,	0,	41,	0,	0,	0,	0,	0,	467,	0,	0),
(291272,	66,	15,	NULL,	12,	62,	0,	33,	0,	0,	0,	0,	0,	403,	0,	0),
(291273,	67,	15,	NULL,	12,	66,	0,	34,	0,	0,	0,	0,	0,	440,	0,	0),
(291274,	68,	15,	NULL,	12,	55,	0,	33,	0,	0,	0,	0,	0,	377,	0,	0),
(291275,	69,	15,	NULL,	25,	70,	0,	21,	0,	0,	0,	0,	0,	397,	0,	0),
(291276,	70,	15,	NULL,	12,	67,	0,	34,	0,	0,	0,	0,	0,	444,	0,	0),
(291277,	71,	15,	NULL,	12,	59,	0,	38,	0,	0,	0,	0,	0,	419,	0,	0),
(291278,	72,	15,	NULL,	12,	56,	0,	32,	0,	0,	0,	0,	0,	377,	0,	0),
(291279,	73,	15,	NULL,	25,	67,	0,	18,	0,	0,	0,	0,	0,	371,	0,	0),
(291280,	74,	15,	NULL,	12,	64,	0,	39,	0,	0,	0,	0,	0,	441,	0,	0),
(291281,	75,	15,	NULL,	25,	72,	0,	20,	0,	0,	0,	0,	0,	401,	0,	0),
(291282,	76,	15,	NULL,	25,	70,	0,	21,	0,	0,	0,	0,	0,	389,	0,	0),
(291283,	77,	15,	NULL,	25,	73,	0,	21,	0,	0,	0,	0,	0,	399,	0,	0),
(291284,	78,	15,	NULL,	25,	70,	0,	22,	0,	0,	0,	0,	0,	394,	0,	0),
(291285,	79,	15,	NULL,	12,	55,	0,	30,	0,	0,	0,	0,	0,	357,	0,	0),
(291286,	80,	15,	NULL,	25,	72,	0,	22,	0,	0,	0,	0,	0,	414,	0,	0),
(291287,	81,	15,	NULL,	12,	63,	0,	39,	0,	0,	0,	0,	0,	428,	0,	0),
(291288,	82,	15,	NULL,	12,	57,	0,	40,	0,	0,	0,	0,	0,	427,	0,	0),
(291289,	83,	15,	NULL,	25,	69,	0,	21,	0,	0,	0,	0,	0,	389,	0,	0),
(291290,	84,	15,	NULL,	12,	69,	0,	33,	0,	0,	0,	0,	0,	432,	0,	0),
(291291,	85,	15,	NULL,	12,	64,	0,	32,	0,	0,	0,	0,	0,	403,	0,	0),
(291292,	86,	15,	NULL,	12,	64,	0,	33,	0,	0,	0,	0,	0,	423,	0,	0),
(291293,	87,	15,	NULL,	12,	54,	0,	30,	0,	0,	0,	0,	0,	360,	0,	0),
(291294,	88,	15,	NULL,	12,	61,	0,	28,	0,	0,	0,	0,	0,	388,	0,	0),
(291295,	89,	15,	NULL,	12,	71,	0,	27,	0,	0,	0,	0,	0,	423,	0,	0),
(291296,	90,	15,	NULL,	12,	60,	0,	31,	0,	0,	0,	0,	0,	397,	0,	0),
(291297,	91,	15,	NULL,	12,	68,	0,	28,	0,	0,	0,	0,	0,	422,	0,	0),
(291298,	92,	15,	NULL,	12,	61,	0,	34,	0,	0,	0,	0,	0,	414,	0,	0),
(291299,	93,	15,	NULL,	12,	66,	0,	36,	0,	0,	0,	0,	0,	449,	0,	0),
(291300,	94,	15,	NULL,	12,	58,	0,	34,	0,	0,	0,	0,	0,	401,	0,	0),
(291301,	95,	15,	NULL,	12,	67,	0,	28,	0,	0,	0,	0,	0,	410,	0,	0),
(291302,	96,	15,	NULL,	12,	62,	0,	36,	0,	0,	0,	0,	0,	423,	0,	0),
(291303,	97,	15,	NULL,	12,	64,	0,	34,	0,	0,	0,	0,	0,	416,	0,	0),
(291304,	98,	15,	NULL,	12,	49,	0,	32,	0,	0,	0,	0,	0,	347,	0,	0),
(291305,	99,	15,	NULL,	25,	69,	0,	20,	0,	0,	0,	0,	0,	374,	0,	0),
(291306,	100,	15,	NULL,	12,	54,	0,	33,	0,	0,	0,	0,	0,	379,	0,	0),
(291307,	101,	15,	NULL,	12,	54,	0,	37,	0,	0,	0,	0,	0,	393,	0,	0),
(291308,	102,	15,	NULL,	25,	65,	0,	22,	0,	0,	0,	0,	0,	383,	0,	0),
(291309,	103,	15,	NULL,	25,	68,	0,	21,	0,	0,	0,	0,	0,	374,	0,	0),
(291310,	104,	15,	NULL,	25,	65,	0,	21,	0,	0,	0,	0,	0,	375,	0,	0),
(291311,	105,	15,	NULL,	25,	71,	0,	19,	0,	0,	0,	0,	0,	396,	0,	0),
(291312,	106,	15,	NULL,	25,	70,	0,	20,	0,	0,	0,	0,	0,	389,	0,	0),
(291313,	107,	15,	NULL,	12,	68,	0,	31,	0,	0,	0,	0,	0,	428,	0,	0),
(291314,	108,	15,	NULL,	25,	64,	0,	20,	0,	0,	0,	0,	0,	370,	0,	0),
(291315,	109,	15,	NULL,	25,	71,	0,	21,	0,	0,	0,	0,	0,	386,	0,	0),
(291316,	110,	15,	NULL,	25,	66,	0,	22,	0,	0,	0,	0,	0,	387,	0,	0),
(291317,	111,	15,	NULL,	25,	65,	0,	18,	0,	0,	0,	0,	0,	365,	0,	0),
(291318,	112,	15,	NULL,	25,	66,	0,	20,	0,	0,	0,	0,	0,	368,	0,	0),
(291319,	113,	15,	NULL,	12,	59,	0,	37,	0,	0,	0,	0,	0,	407,	0,	0),
(291320,	114,	15,	NULL,	25,	69,	0,	21,	0,	0,	0,	0,	0,	392,	0,	0),
(291321,	115,	15,	NULL,	25,	71,	0,	18,	0,	0,	0,	0,	0,	392,	0,	0),
(291322,	116,	15,	NULL,	25,	72,	0,	22,	0,	0,	0,	0,	0,	395,	0,	0),
(291323,	117,	15,	NULL,	12,	62,	0,	32,	0,	0,	0,	0,	0,	395,	0,	0),
(291324,	118,	15,	NULL,	12,	62,	0,	23,	0,	0,	0,	0,	0,	360,	0,	0),
(291325,	119,	15,	NULL,	12,	48,	0,	33,	0,	0,	0,	0,	0,	353,	0,	0),
(291326,	120,	15,	NULL,	25,	70,	0,	21,	0,	0,	0,	0,	0,	386,	0,	0),
(291327,	121,	15,	NULL,	25,	69,	0,	22,	0,	0,	0,	0,	0,	386,	0,	0),
(291328,	122,	15,	NULL,	25,	68,	0,	21,	0,	0,	0,	0,	0,	374,	0,	0),
(291329,	123,	15,	NULL,	25,	68,	0,	20,	0,	0,	0,	0,	0,	387,	0,	0),
(291330,	124,	15,	NULL,	12,	66,	0,	34,	0,	0,	0,	0,	0,	432,	0,	0),
(291331,	125,	15,	NULL,	12,	59,	0,	29,	0,	0,	0,	0,	0,	370,	0,	0),
(291332,	126,	15,	NULL,	12,	59,	0,	35,	0,	0,	0,	0,	0,	402,	0,	0),
(291333,	127,	15,	NULL,	12,	57,	0,	32,	0,	0,	0,	0,	0,	381,	0,	0),
(291334,	128,	15,	NULL,	25,	70,	0,	21,	0,	0,	0,	0,	0,	389,	0,	0),
(291335,	129,	15,	NULL,	12,	64,	0,	40,	0,	0,	0,	0,	0,	458,	0,	0),
(291336,	130,	15,	NULL,	12,	62,	0,	33,	0,	0,	0,	0,	0,	399,	0,	0),
(291337,	131,	15,	NULL,	25,	67,	0,	19,	0,	0,	0,	0,	0,	378,	0,	0),
(291338,	132,	15,	NULL,	25,	68,	0,	18,	0,	0,	0,	0,	0,	375,	0,	0),
(291339,	133,	15,	NULL,	12,	70,	0,	39,	0,	0,	0,	0,	0,	475,	0,	0),
(291340,	134,	15,	NULL,	25,	73,	0,	21,	0,	0,	0,	0,	0,	402,	0,	0),
(291341,	135,	15,	NULL,	12,	72,	0,	29,	0,	0,	0,	0,	0,	432,	0,	0),
(291342,	136,	15,	NULL,	25,	70,	0,	19,	0,	0,	0,	0,	0,	377,	0,	0),
(291343,	137,	15,	NULL,	25,	69,	0,	19,	0,	0,	0,	0,	0,	380,	0,	0),
(291344,	138,	15,	NULL,	12,	65,	0,	37,	0,	0,	0,	0,	0,	449,	0,	0),
(291345,	139,	15,	NULL,	12,	62,	0,	37,	0,	0,	0,	0,	0,	424,	0,	0),
(291346,	140,	15,	NULL,	25,	68,	0,	21,	0,	0,	0,	0,	0,	388,	0,	0),
(291347,	141,	15,	NULL,	12,	62,	0,	32,	0,	0,	0,	0,	0,	402,	0,	0),
(291348,	142,	15,	NULL,	25,	72,	0,	21,	0,	0,	0,	0,	0,	402,	0,	0),
(291349,	143,	15,	NULL,	25,	69,	0,	18,	0,	0,	0,	0,	0,	383,	0,	0),
(291350,	144,	15,	NULL,	12,	61,	0,	34,	0,	0,	0,	0,	0,	414,	0,	0),
(291351,	145,	15,	NULL,	25,	68,	0,	18,	0,	0,	0,	0,	0,	372,	0,	0),
(291352,	146,	15,	NULL,	25,	67,	0,	20,	0,	0,	0,	0,	0,	365,	0,	0),
(291353,	147,	15,	NULL,	25,	70,	0,	19,	0,	0,	0,	0,	0,	377,	0,	0),
(291354,	148,	15,	NULL,	12,	64,	0,	34,	0,	0,	0,	0,	0,	419,	0,	0),
(291355,	149,	15,	NULL,	12,	68,	0,	25,	0,	0,	0,	0,	0,	402,	0,	0),
(291356,	150,	15,	NULL,	25,	68,	0,	21,	0,	0,	0,	0,	0,	374,	0,	0),
(291507,	1,	11,	NULL,	12,	65,	0,	27,	0,	0,	0,	0,	0,	401,	0,	0),
(291508,	2,	11,	NULL,	12,	59,	0,	26,	0,	0,	0,	0,	0,	360,	0,	0),
(291509,	3,	11,	NULL,	12,	55,	0,	23,	0,	0,	0,	0,	0,	331,	0,	0),
(291510,	4,	11,	NULL,	12,	56,	0,	29,	0,	0,	0,	0,	0,	367,	0,	0),
(291511,	5,	11,	NULL,	12,	44,	0,	26,	0,	0,	0,	0,	0,	294,	0,	0),
(291512,	6,	11,	NULL,	12,	55,	0,	29,	0,	0,	0,	0,	0,	366,	0,	0),
(291513,	7,	11,	NULL,	12,	62,	0,	29,	0,	0,	0,	0,	0,	386,	0,	0),
(291514,	8,	11,	NULL,	12,	55,	0,	35,	0,	0,	0,	0,	0,	382,	0,	0),
(291515,	9,	11,	NULL,	12,	62,	0,	28,	0,	0,	0,	0,	0,	385,	0,	0),
(291516,	10,	11,	NULL,	12,	56,	0,	27,	0,	0,	0,	0,	0,	359,	0,	0),
(291517,	11,	11,	NULL,	12,	47,	0,	30,	0,	0,	0,	0,	0,	339,	0,	0),
(291518,	12,	11,	NULL,	12,	55,	0,	33,	0,	0,	0,	0,	0,	373,	0,	0),
(291519,	13,	11,	NULL,	12,	51,	0,	29,	0,	0,	0,	0,	0,	339,	0,	0),
(291520,	14,	11,	NULL,	12,	58,	0,	25,	0,	0,	0,	0,	0,	352,	0,	0),
(291521,	15,	11,	NULL,	12,	60,	0,	29,	0,	0,	0,	0,	0,	381,	0,	0),
(291522,	16,	11,	NULL,	12,	56,	0,	27,	0,	0,	0,	0,	0,	359,	0,	0),
(291523,	17,	11,	NULL,	12,	41,	0,	32,	0,	0,	0,	0,	0,	315,	0,	0),
(291524,	18,	11,	NULL,	12,	59,	0,	25,	0,	0,	0,	0,	0,	356,	0,	0),
(291525,	19,	11,	NULL,	12,	67,	0,	31,	0,	0,	0,	0,	0,	431,	0,	0),
(291526,	20,	11,	NULL,	12,	49,	0,	28,	0,	0,	0,	0,	0,	330,	0,	0),
(291527,	21,	11,	NULL,	12,	61,	0,	31,	0,	0,	0,	0,	0,	390,	0,	0),
(291528,	22,	11,	NULL,	12,	60,	0,	35,	0,	0,	0,	0,	0,	403,	0,	0),
(291529,	23,	11,	NULL,	12,	60,	0,	29,	0,	0,	0,	0,	0,	384,	0,	0),
(291530,	24,	11,	NULL,	12,	50,	0,	28,	0,	0,	0,	0,	0,	328,	0,	0),
(291531,	25,	11,	NULL,	12,	56,	0,	29,	0,	0,	0,	0,	0,	367,	0,	0),
(291532,	26,	11,	NULL,	12,	46,	0,	27,	0,	0,	0,	0,	0,	318,	0,	0),
(291533,	27,	11,	NULL,	12,	66,	0,	34,	0,	0,	0,	0,	0,	436,	0,	0),
(291534,	28,	11,	NULL,	12,	52,	0,	30,	0,	0,	0,	0,	0,	361,	0,	0),
(291535,	29,	11,	NULL,	12,	64,	0,	28,	0,	0,	0,	0,	0,	397,	0,	0),
(291536,	30,	11,	NULL,	12,	64,	0,	26,	0,	0,	0,	0,	0,	382,	0,	0),
(291537,	31,	11,	NULL,	12,	58,	0,	30,	0,	0,	0,	0,	0,	387,	0,	0),
(291538,	32,	11,	NULL,	12,	55,	0,	26,	0,	0,	0,	0,	0,	343,	0,	0),
(291539,	33,	11,	NULL,	12,	47,	0,	29,	0,	0,	0,	0,	0,	319,	0,	0),
(291540,	34,	11,	NULL,	12,	61,	0,	32,	0,	0,	0,	0,	0,	409,	0,	0),
(291541,	35,	11,	NULL,	12,	63,	0,	30,	0,	0,	0,	0,	0,	394,	0,	0),
(291542,	36,	11,	NULL,	12,	50,	0,	29,	0,	0,	0,	0,	0,	344,	0,	0),
(291543,	37,	11,	NULL,	12,	61,	0,	30,	0,	0,	0,	0,	0,	397,	0,	0),
(291544,	38,	11,	NULL,	12,	57,	0,	24,	0,	0,	0,	0,	0,	350,	0,	0),
(291545,	39,	11,	NULL,	12,	53,	0,	28,	0,	0,	0,	0,	0,	347,	0,	0),
(291546,	40,	11,	NULL,	12,	62,	0,	25,	0,	0,	0,	0,	0,	376,	0,	0),
(291547,	41,	11,	NULL,	12,	62,	0,	32,	0,	0,	0,	0,	0,	395,	0,	0),
(291548,	42,	11,	NULL,	12,	65,	0,	24,	0,	0,	0,	0,	0,	384,	0,	0),
(291549,	43,	11,	NULL,	12,	58,	0,	30,	0,	0,	0,	0,	0,	384,	0,	0),
(291550,	44,	11,	NULL,	12,	49,	0,	27,	0,	0,	0,	0,	0,	331,	0,	0),
(291551,	45,	11,	NULL,	12,	59,	0,	26,	0,	0,	0,	0,	0,	371,	0,	0),
(291552,	46,	11,	NULL,	12,	44,	0,	31,	0,	0,	0,	0,	0,	324,	0,	0),
(291553,	47,	11,	NULL,	12,	64,	0,	26,	0,	0,	0,	0,	0,	378,	0,	0),
(291554,	48,	11,	NULL,	12,	55,	0,	28,	0,	0,	0,	0,	0,	359,	0,	0),
(291555,	49,	11,	NULL,	12,	61,	0,	28,	0,	0,	0,	0,	0,	374,	0,	0),
(291556,	50,	11,	NULL,	12,	48,	0,	28,	0,	0,	0,	0,	0,	334,	0,	0),
(291557,	51,	11,	NULL,	12,	59,	0,	33,	0,	0,	0,	0,	0,	390,	0,	0),
(291558,	52,	11,	NULL,	15,	54,	0,	26,	0,	0,	0,	0,	0,	336,	0,	0),
(291559,	53,	11,	NULL,	15,	63,	0,	27,	0,	0,	0,	0,	0,	389,	0,	0),
(291560,	54,	11,	NULL,	15,	58,	0,	26,	0,	0,	0,	0,	0,	366,	0,	0),
(291561,	55,	11,	NULL,	12,	57,	0,	35,	0,	0,	0,	0,	0,	394,	0,	0),
(291562,	56,	11,	NULL,	12,	53,	0,	31,	0,	0,	0,	0,	0,	360,	0,	0),
(291563,	57,	11,	NULL,	12,	52,	0,	25,	0,	0,	0,	0,	0,	330,	0,	0),
(291564,	58,	11,	NULL,	12,	64,	0,	32,	0,	0,	0,	0,	0,	415,	0,	0),
(291565,	59,	11,	NULL,	12,	69,	0,	30,	0,	0,	0,	0,	0,	420,	0,	0),
(291566,	60,	11,	NULL,	12,	50,	0,	34,	0,	0,	0,	0,	0,	366,	0,	0),
(291567,	61,	11,	NULL,	12,	60,	0,	28,	0,	0,	0,	0,	0,	373,	0,	0),
(291568,	62,	11,	NULL,	12,	57,	0,	27,	0,	0,	0,	0,	0,	363,	0,	0),
(291569,	63,	11,	NULL,	12,	58,	0,	30,	0,	0,	0,	0,	0,	384,	0,	0),
(291570,	64,	11,	NULL,	12,	60,	0,	29,	0,	0,	0,	0,	0,	388,	0,	0),
(291571,	65,	11,	NULL,	12,	47,	0,	26,	0,	0,	0,	0,	0,	321,	0,	0),
(291572,	66,	11,	NULL,	12,	55,	0,	28,	0,	0,	0,	0,	0,	365,	0,	0),
(291573,	67,	11,	NULL,	12,	58,	0,	33,	0,	0,	0,	0,	0,	386,	0,	0),
(291574,	68,	11,	NULL,	12,	47,	0,	33,	0,	0,	0,	0,	0,	342,	0,	0),
(291575,	69,	11,	NULL,	12,	44,	0,	32,	0,	0,	0,	0,	0,	328,	0,	0),
(291576,	70,	11,	NULL,	12,	51,	0,	32,	0,	0,	0,	0,	0,	359,	0,	0),
(291577,	71,	11,	NULL,	12,	60,	0,	28,	0,	0,	0,	0,	0,	387,	0,	0),
(291578,	72,	11,	NULL,	12,	48,	0,	29,	0,	0,	0,	0,	0,	339,	0,	0),
(291579,	73,	11,	NULL,	12,	57,	0,	28,	0,	0,	0,	0,	0,	360,	0,	0),
(291580,	74,	11,	NULL,	12,	64,	0,	35,	0,	0,	0,	0,	0,	424,	0,	0),
(291581,	75,	11,	NULL,	12,	54,	0,	26,	0,	0,	0,	0,	0,	339,	0,	0),
(291582,	76,	11,	NULL,	20,	56,	0,	19,	0,	0,	0,	0,	0,	321,	0,	0),
(291583,	77,	11,	NULL,	20,	59,	0,	20,	0,	0,	0,	0,	0,	335,	0,	0),
(291584,	78,	11,	NULL,	15,	56,	0,	24,	0,	0,	0,	0,	0,	349,	0,	0),
(291585,	79,	11,	NULL,	15,	56,	0,	23,	0,	0,	0,	0,	0,	341,	0,	0),
(291586,	80,	11,	NULL,	12,	43,	0,	31,	0,	0,	0,	0,	0,	314,	0,	0),
(291587,	81,	11,	NULL,	15,	51,	0,	29,	0,	0,	0,	0,	0,	346,	0,	0),
(291588,	82,	11,	NULL,	15,	50,	0,	25,	0,	0,	0,	0,	0,	324,	0,	0),
(291589,	83,	11,	NULL,	12,	36,	0,	28,	0,	0,	0,	0,	0,	276,	0,	0),
(291590,	84,	11,	NULL,	12,	66,	0,	22,	0,	0,	0,	0,	0,	387,	0,	0),
(291591,	85,	11,	NULL,	12,	51,	0,	25,	0,	0,	0,	0,	0,	322,	0,	0),
(291592,	86,	11,	NULL,	15,	59,	0,	23,	0,	0,	0,	0,	0,	361,	0,	0),
(291593,	87,	11,	NULL,	12,	41,	0,	25,	0,	0,	0,	0,	0,	285,	0,	0),
(291594,	88,	11,	NULL,	12,	57,	0,	27,	0,	0,	0,	0,	0,	360,	0,	0),
(291595,	89,	11,	NULL,	12,	52,	0,	27,	0,	0,	0,	0,	0,	338,	0,	0),
(291596,	90,	11,	NULL,	12,	63,	0,	29,	0,	0,	0,	0,	0,	394,	0,	0),
(291597,	91,	11,	NULL,	12,	50,	0,	31,	0,	0,	0,	0,	0,	347,	0,	0),
(291598,	92,	11,	NULL,	12,	55,	0,	32,	0,	0,	0,	0,	0,	376,	0,	0),
(291599,	93,	11,	NULL,	12,	59,	0,	32,	0,	0,	0,	0,	0,	386,	0,	0),
(291600,	94,	11,	NULL,	12,	55,	0,	29,	0,	0,	0,	0,	0,	363,	0,	0),
(291601,	95,	11,	NULL,	12,	56,	0,	26,	0,	0,	0,	0,	0,	361,	0,	0),
(291602,	96,	11,	NULL,	12,	57,	0,	27,	0,	0,	0,	0,	0,	366,	0,	0),
(291603,	97,	11,	NULL,	12,	53,	0,	24,	0,	0,	0,	0,	0,	333,	0,	0),
(291604,	98,	11,	NULL,	12,	59,	0,	33,	0,	0,	0,	0,	0,	405,	0,	0),
(291605,	99,	11,	NULL,	12,	43,	0,	32,	0,	0,	0,	0,	0,	324,	0,	0),
(291606,	100,	11,	NULL,	12,	52,	0,	25,	0,	0,	0,	0,	0,	326,	0,	0),
(291607,	101,	11,	NULL,	12,	60,	0,	29,	0,	0,	0,	0,	0,	384,	0,	0),
(291608,	102,	11,	NULL,	20,	59,	0,	18,	0,	0,	0,	0,	0,	339,	0,	0),
(291609,	103,	11,	NULL,	20,	56,	0,	19,	0,	0,	0,	0,	0,	318,	0,	0),
(291610,	104,	11,	NULL,	20,	57,	0,	15,	0,	0,	0,	0,	0,	308,	0,	0),
(291611,	105,	11,	NULL,	20,	53,	0,	19,	0,	0,	0,	0,	0,	308,	0,	0),
(291612,	106,	11,	NULL,	20,	55,	0,	18,	0,	0,	0,	0,	0,	321,	0,	0),
(291613,	107,	11,	NULL,	12,	48,	0,	29,	0,	0,	0,	0,	0,	326,	0,	0),
(291614,	108,	11,	NULL,	12,	54,	0,	27,	0,	0,	0,	0,	0,	353,	0,	0),
(291615,	109,	11,	NULL,	12,	60,	0,	29,	0,	0,	0,	0,	0,	381,	0,	0),
(291616,	110,	11,	NULL,	12,	61,	0,	29,	0,	0,	0,	0,	0,	382,	0,	0),
(291617,	111,	11,	NULL,	12,	56,	0,	28,	0,	0,	0,	0,	0,	353,	0,	0),
(291618,	112,	11,	NULL,	12,	49,	0,	24,	0,	0,	0,	0,	0,	315,	0,	0),
(291619,	113,	11,	NULL,	12,	55,	0,	26,	0,	0,	0,	0,	0,	347,	0,	0),
(291620,	114,	11,	NULL,	12,	49,	0,	25,	0,	0,	0,	0,	0,	311,	0,	0),
(291621,	115,	11,	NULL,	12,	50,	0,	31,	0,	0,	0,	0,	0,	340,	0,	0),
(291622,	116,	11,	NULL,	12,	50,	0,	27,	0,	0,	0,	0,	0,	333,	0,	0),
(291623,	117,	11,	NULL,	12,	58,	0,	34,	0,	0,	0,	0,	0,	394,	0,	0),
(291624,	118,	11,	NULL,	12,	60,	0,	31,	0,	0,	0,	0,	0,	393,	0,	0),
(291625,	119,	11,	NULL,	12,	47,	0,	29,	0,	0,	0,	0,	0,	322,	0,	0),
(291626,	120,	11,	NULL,	12,	61,	0,	25,	0,	0,	0,	0,	0,	372,	0,	0),
(291627,	121,	11,	NULL,	12,	64,	0,	30,	0,	0,	0,	0,	0,	406,	0,	0),
(291628,	122,	11,	NULL,	12,	53,	0,	28,	0,	0,	0,	0,	0,	353,	0,	0),
(291629,	123,	11,	NULL,	20,	53,	0,	18,	0,	0,	0,	0,	0,	304,	0,	0),
(291630,	124,	11,	NULL,	20,	51,	0,	19,	0,	0,	0,	0,	0,	297,	0,	0),
(291631,	125,	11,	NULL,	20,	53,	0,	17,	0,	0,	0,	0,	0,	308,	0,	0),
(291632,	126,	11,	NULL,	12,	51,	0,	33,	0,	0,	0,	0,	0,	363,	0,	0),
(291633,	127,	11,	NULL,	12,	42,	0,	27,	0,	0,	0,	0,	0,	298,	0,	0),
(291634,	128,	11,	NULL,	12,	55,	0,	27,	0,	0,	0,	0,	0,	344,	0,	0),
(291635,	129,	11,	NULL,	12,	51,	0,	28,	0,	0,	0,	0,	0,	344,	0,	0),
(291636,	130,	11,	NULL,	12,	53,	0,	28,	0,	0,	0,	0,	0,	347,	0,	0),
(291637,	131,	11,	NULL,	20,	62,	0,	20,	0,	0,	0,	0,	0,	351,	0,	0),
(291638,	132,	11,	NULL,	12,	54,	0,	28,	0,	0,	0,	0,	0,	348,	0,	0),
(291639,	133,	11,	NULL,	20,	52,	0,	19,	0,	0,	0,	0,	0,	312,	0,	0),
(291640,	134,	11,	NULL,	20,	54,	0,	18,	0,	0,	0,	0,	0,	308,	0,	0),
(291641,	135,	11,	NULL,	12,	71,	0,	26,	0,	0,	0,	0,	0,	411,	0,	0),
(291642,	136,	11,	NULL,	20,	62,	0,	20,	0,	0,	0,	0,	0,	358,	0,	0),
(291643,	137,	11,	NULL,	12,	55,	0,	26,	0,	0,	0,	0,	0,	350,	0,	0),
(291644,	138,	11,	NULL,	20,	62,	0,	18,	0,	0,	0,	0,	0,	346,	0,	0),
(291645,	139,	11,	NULL,	15,	59,	0,	22,	0,	0,	0,	0,	0,	356,	0,	0),
(291646,	140,	11,	NULL,	20,	58,	0,	17,	0,	0,	0,	0,	0,	318,	0,	0),
(291647,	141,	11,	NULL,	12,	56,	0,	28,	0,	0,	0,	0,	0,	366,	0,	0),
(291648,	142,	11,	NULL,	12,	62,	0,	31,	0,	0,	0,	0,	0,	391,	0,	0),
(291649,	143,	11,	NULL,	12,	62,	0,	35,	0,	0,	0,	0,	0,	423,	0,	0),
(291650,	144,	11,	NULL,	12,	47,	0,	25,	0,	0,	0,	0,	0,	308,	0,	0),
(291651,	145,	11,	NULL,	12,	60,	0,	24,	0,	0,	0,	0,	0,	363,	0,	0),
(291652,	146,	11,	NULL,	12,	48,	0,	25,	0,	0,	0,	0,	0,	307,	0,	0),
(291653,	147,	11,	NULL,	12,	61,	0,	23,	0,	0,	0,	0,	0,	356,	0,	0),
(291654,	148,	11,	NULL,	12,	53,	0,	29,	0,	0,	0,	0,	0,	351,	0,	0),
(291655,	149,	11,	NULL,	12,	55,	0,	34,	0,	0,	0,	0,	0,	381,	0,	0),
(291656,	150,	11,	NULL,	12,	61,	0,	25,	0,	0,	0,	0,	0,	361,	0,	0),
(291957,	1,	9,	NULL,	12,	34,	0,	20,	0,	0,	0,	0,	0,	233,	0,	0),
(291958,	2,	9,	NULL,	12,	42,	0,	23,	0,	0,	0,	0,	0,	286,	0,	0),
(291959,	3,	9,	NULL,	12,	46,	0,	19,	0,	0,	0,	0,	0,	283,	0,	0),
(291960,	4,	9,	NULL,	12,	45,	0,	21,	0,	0,	0,	0,	0,	285,	0,	0),
(291961,	5,	9,	NULL,	12,	46,	0,	24,	0,	0,	0,	0,	0,	294,	0,	0),
(291962,	6,	9,	NULL,	12,	39,	0,	24,	0,	0,	0,	0,	0,	265,	0,	0),
(291963,	7,	9,	NULL,	12,	45,	0,	23,	0,	0,	0,	0,	0,	296,	0,	0),
(291964,	8,	9,	NULL,	12,	42,	0,	23,	0,	0,	0,	0,	0,	283,	0,	0),
(291965,	9,	9,	NULL,	12,	36,	0,	25,	0,	0,	0,	0,	0,	268,	0,	0),
(291966,	10,	9,	NULL,	12,	45,	0,	19,	0,	0,	0,	0,	0,	282,	0,	0),
(291967,	11,	9,	NULL,	12,	34,	0,	27,	0,	0,	0,	0,	0,	266,	0,	0),
(291968,	12,	9,	NULL,	12,	40,	0,	18,	0,	0,	0,	0,	0,	251,	0,	0),
(291969,	13,	9,	NULL,	12,	52,	0,	23,	0,	0,	0,	0,	0,	321,	0,	0),
(291970,	14,	9,	NULL,	12,	39,	0,	24,	0,	0,	0,	0,	0,	267,	0,	0),
(291971,	15,	9,	NULL,	12,	41,	0,	14,	0,	0,	0,	0,	0,	235,	0,	0),
(291972,	16,	9,	NULL,	12,	44,	0,	20,	0,	0,	0,	0,	0,	269,	0,	0),
(291973,	17,	9,	NULL,	12,	43,	0,	23,	0,	0,	0,	0,	0,	280,	0,	0),
(291974,	18,	9,	NULL,	12,	41,	0,	21,	0,	0,	0,	0,	0,	263,	0,	0),
(291975,	19,	9,	NULL,	12,	47,	0,	25,	0,	0,	0,	0,	0,	305,	0,	0),
(291976,	20,	9,	NULL,	12,	40,	0,	26,	0,	0,	0,	0,	0,	280,	0,	0),
(291977,	21,	9,	NULL,	12,	33,	0,	24,	0,	0,	0,	0,	0,	244,	0,	0),
(291978,	22,	9,	NULL,	12,	50,	0,	18,	0,	0,	0,	0,	0,	296,	0,	0),
(291979,	23,	9,	NULL,	12,	44,	0,	22,	0,	0,	0,	0,	0,	290,	0,	0),
(291980,	24,	9,	NULL,	12,	38,	0,	17,	0,	0,	0,	0,	0,	235,	0,	0),
(291981,	25,	9,	NULL,	12,	38,	0,	23,	0,	0,	0,	0,	0,	256,	0,	0),
(291982,	26,	9,	NULL,	12,	31,	0,	21,	0,	0,	0,	0,	0,	218,	0,	0),
(291983,	27,	9,	NULL,	12,	41,	0,	22,	0,	0,	0,	0,	0,	275,	0,	0),
(291984,	28,	9,	NULL,	12,	46,	0,	20,	0,	0,	0,	0,	0,	282,	0,	0),
(291985,	29,	9,	NULL,	12,	42,	0,	21,	0,	0,	0,	0,	0,	277,	0,	0),
(291986,	30,	9,	NULL,	12,	47,	0,	17,	0,	0,	0,	0,	0,	274,	0,	0),
(291987,	31,	9,	NULL,	12,	40,	0,	16,	0,	0,	0,	0,	0,	246,	0,	0),
(291988,	32,	9,	NULL,	12,	47,	0,	18,	0,	0,	0,	0,	0,	283,	0,	0),
(291989,	33,	9,	NULL,	12,	35,	0,	20,	0,	0,	0,	0,	0,	235,	0,	0),
(291990,	34,	9,	NULL,	12,	45,	0,	21,	0,	0,	0,	0,	0,	288,	0,	0),
(291991,	35,	9,	NULL,	12,	41,	0,	21,	0,	0,	0,	0,	0,	263,	0,	0),
(291992,	36,	9,	NULL,	12,	45,	0,	22,	0,	0,	0,	0,	0,	287,	0,	0),
(291993,	37,	9,	NULL,	12,	45,	0,	24,	0,	0,	0,	0,	0,	295,	0,	0),
(291994,	38,	9,	NULL,	12,	32,	0,	19,	0,	0,	0,	0,	0,	214,	0,	0),
(291995,	39,	9,	NULL,	12,	34,	0,	21,	0,	0,	0,	0,	0,	242,	0,	0),
(291996,	40,	9,	NULL,	12,	48,	0,	19,	0,	0,	0,	0,	0,	295,	0,	0),
(291997,	41,	9,	NULL,	12,	45,	0,	17,	0,	0,	0,	0,	0,	273,	0,	0),
(291998,	42,	9,	NULL,	12,	29,	0,	19,	0,	0,	0,	0,	0,	207,	0,	0),
(291999,	43,	9,	NULL,	12,	41,	0,	25,	0,	0,	0,	0,	0,	282,	0,	0),
(292000,	44,	9,	NULL,	12,	32,	0,	21,	0,	0,	0,	0,	0,	223,	0,	0),
(292001,	45,	9,	NULL,	12,	49,	0,	22,	0,	0,	0,	0,	0,	298,	0,	0),
(292002,	46,	9,	NULL,	12,	45,	0,	25,	0,	0,	0,	0,	0,	302,	0,	0),
(292003,	47,	9,	NULL,	12,	40,	0,	19,	0,	0,	0,	0,	0,	250,	0,	0),
(292004,	48,	9,	NULL,	12,	35,	0,	19,	0,	0,	0,	0,	0,	227,	0,	0),
(292005,	49,	9,	NULL,	12,	46,	0,	20,	0,	0,	0,	0,	0,	288,	0,	0),
(292006,	50,	9,	NULL,	12,	42,	0,	24,	0,	0,	0,	0,	0,	282,	0,	0),
(292007,	51,	9,	NULL,	12,	36,	0,	22,	0,	0,	0,	0,	0,	255,	0,	0),
(292008,	52,	9,	NULL,	12,	37,	0,	23,	0,	0,	0,	0,	0,	264,	0,	0),
(292009,	53,	9,	NULL,	12,	43,	0,	19,	0,	0,	0,	0,	0,	265,	0,	0),
(292010,	54,	9,	NULL,	12,	50,	0,	20,	0,	0,	0,	0,	0,	300,	0,	0),
(292011,	55,	9,	NULL,	12,	48,	0,	19,	0,	0,	0,	0,	0,	295,	0,	0),
(292012,	56,	9,	NULL,	12,	44,	0,	20,	0,	0,	0,	0,	0,	274,	0,	0),
(292013,	57,	9,	NULL,	12,	41,	0,	24,	0,	0,	0,	0,	0,	273,	0,	0),
(292014,	58,	9,	NULL,	12,	49,	0,	13,	0,	0,	0,	0,	0,	263,	0,	0),
(292015,	59,	9,	NULL,	12,	38,	0,	24,	0,	0,	0,	0,	0,	263,	0,	0),
(292016,	60,	9,	NULL,	12,	41,	0,	17,	0,	0,	0,	0,	0,	253,	0,	0),
(292017,	61,	9,	NULL,	12,	51,	0,	25,	0,	0,	0,	0,	0,	325,	0,	0),
(292018,	62,	9,	NULL,	12,	44,	0,	24,	0,	0,	0,	0,	0,	291,	0,	0),
(292019,	63,	9,	NULL,	12,	42,	0,	16,	0,	0,	0,	0,	0,	246,	0,	0),
(292020,	64,	9,	NULL,	12,	40,	0,	21,	0,	0,	0,	0,	0,	266,	0,	0),
(292021,	65,	9,	NULL,	12,	46,	0,	24,	0,	0,	0,	0,	0,	308,	0,	0),
(292022,	66,	9,	NULL,	12,	34,	0,	24,	0,	0,	0,	0,	0,	244,	0,	0),
(292023,	67,	9,	NULL,	12,	45,	0,	19,	0,	0,	0,	0,	0,	276,	0,	0),
(292024,	68,	9,	NULL,	12,	42,	0,	25,	0,	0,	0,	0,	0,	292,	0,	0),
(292025,	69,	9,	NULL,	12,	47,	0,	20,	0,	0,	0,	0,	0,	292,	0,	0),
(292026,	70,	9,	NULL,	12,	45,	0,	21,	0,	0,	0,	0,	0,	277,	0,	0),
(292027,	71,	9,	NULL,	12,	38,	0,	22,	0,	0,	0,	0,	0,	254,	0,	0),
(292028,	72,	9,	NULL,	16,	38,	0,	15,	0,	0,	0,	0,	0,	229,	0,	0),
(292029,	73,	9,	NULL,	16,	46,	0,	14,	0,	0,	0,	0,	0,	264,	0,	0),
(292030,	74,	9,	NULL,	16,	42,	0,	13,	0,	0,	0,	0,	0,	231,	0,	0),
(292031,	75,	9,	NULL,	12,	39,	0,	18,	0,	0,	0,	0,	0,	244,	0,	0),
(292032,	76,	9,	NULL,	12,	43,	0,	23,	0,	0,	0,	0,	0,	290,	0,	0),
(292033,	77,	9,	NULL,	12,	31,	0,	22,	0,	0,	0,	0,	0,	229,	0,	0),
(292034,	78,	9,	NULL,	12,	38,	0,	21,	0,	0,	0,	0,	0,	255,	0,	0),
(292035,	79,	9,	NULL,	12,	51,	0,	18,	0,	0,	0,	0,	0,	295,	0,	0),
(292036,	80,	9,	NULL,	12,	39,	0,	21,	0,	0,	0,	0,	0,	252,	0,	0),
(292037,	81,	9,	NULL,	12,	39,	0,	17,	0,	0,	0,	0,	0,	244,	0,	0),
(292038,	82,	9,	NULL,	12,	46,	0,	22,	0,	0,	0,	0,	0,	288,	0,	0),
(292039,	83,	9,	NULL,	12,	44,	0,	23,	0,	0,	0,	0,	0,	289,	0,	0),
(292040,	84,	9,	NULL,	12,	41,	0,	20,	0,	0,	0,	0,	0,	259,	0,	0),
(292041,	85,	9,	NULL,	12,	40,	0,	21,	0,	0,	0,	0,	0,	268,	0,	0),
(292042,	86,	9,	NULL,	12,	44,	0,	23,	0,	0,	0,	0,	0,	289,	0,	0),
(292043,	87,	9,	NULL,	12,	44,	0,	19,	0,	0,	0,	0,	0,	265,	0,	0),
(292044,	88,	9,	NULL,	12,	39,	0,	19,	0,	0,	0,	0,	0,	255,	0,	0),
(292045,	89,	9,	NULL,	12,	41,	0,	17,	0,	0,	0,	0,	0,	253,	0,	0),
(292046,	90,	9,	NULL,	12,	43,	0,	20,	0,	0,	0,	0,	0,	270,	0,	0),
(292047,	91,	9,	NULL,	12,	41,	0,	21,	0,	0,	0,	0,	0,	270,	0,	0),
(292048,	92,	9,	NULL,	12,	41,	0,	20,	0,	0,	0,	0,	0,	256,	0,	0),
(292049,	93,	9,	NULL,	12,	38,	0,	19,	0,	0,	0,	0,	0,	242,	0,	0),
(292050,	94,	9,	NULL,	12,	46,	0,	22,	0,	0,	0,	0,	0,	294,	0,	0),
(292051,	95,	9,	NULL,	12,	43,	0,	21,	0,	0,	0,	0,	0,	269,	0,	0),
(292052,	96,	9,	NULL,	12,	40,	0,	20,	0,	0,	0,	0,	0,	262,	0,	0),
(292053,	97,	9,	NULL,	12,	40,	0,	23,	0,	0,	0,	0,	0,	270,	0,	0),
(292054,	98,	9,	NULL,	12,	48,	0,	20,	0,	0,	0,	0,	0,	299,	0,	0),
(292055,	99,	9,	NULL,	12,	37,	0,	22,	0,	0,	0,	0,	0,	248,	0,	0),
(292056,	100,	9,	NULL,	12,	35,	0,	20,	0,	0,	0,	0,	0,	238,	0,	0),
(292057,	101,	9,	NULL,	12,	34,	0,	21,	0,	0,	0,	0,	0,	231,	0,	0),
(292058,	102,	9,	NULL,	12,	41,	0,	20,	0,	0,	0,	0,	0,	256,	0,	0),
(292059,	103,	9,	NULL,	12,	44,	0,	20,	0,	0,	0,	0,	0,	269,	0,	0),
(292060,	104,	9,	NULL,	12,	45,	0,	22,	0,	0,	0,	0,	0,	292,	0,	0),
(292061,	105,	9,	NULL,	12,	34,	0,	21,	0,	0,	0,	0,	0,	240,	0,	0),
(292062,	106,	9,	NULL,	12,	41,	0,	19,	0,	0,	0,	0,	0,	262,	0,	0),
(292063,	107,	9,	NULL,	12,	46,	0,	18,	0,	0,	0,	0,	0,	274,	0,	0),
(292064,	108,	9,	NULL,	12,	39,	0,	21,	0,	0,	0,	0,	0,	259,	0,	0),
(292065,	109,	9,	NULL,	12,	35,	0,	20,	0,	0,	0,	0,	0,	231,	0,	0),
(292066,	110,	9,	NULL,	12,	40,	0,	22,	0,	0,	0,	0,	0,	273,	0,	0),
(292067,	111,	9,	NULL,	12,	43,	0,	22,	0,	0,	0,	0,	0,	286,	0,	0),
(292068,	112,	9,	NULL,	12,	37,	0,	22,	0,	0,	0,	0,	0,	255,	0,	0),
(292069,	113,	9,	NULL,	12,	43,	0,	20,	0,	0,	0,	0,	0,	270,	0,	0),
(292070,	114,	9,	NULL,	12,	51,	0,	22,	0,	0,	0,	0,	0,	312,	0,	0),
(292071,	115,	9,	NULL,	12,	39,	0,	21,	0,	0,	0,	0,	0,	259,	0,	0),
(292072,	116,	9,	NULL,	12,	42,	0,	26,	0,	0,	0,	0,	0,	296,	0,	0),
(292073,	117,	9,	NULL,	12,	44,	0,	19,	0,	0,	0,	0,	0,	277,	0,	0),
(292074,	118,	9,	NULL,	12,	33,	0,	20,	0,	0,	0,	0,	0,	231,	0,	0),
(292075,	119,	9,	NULL,	12,	50,	0,	19,	0,	0,	0,	0,	0,	301,	0,	0),
(292076,	120,	9,	NULL,	12,	36,	0,	24,	0,	0,	0,	0,	0,	264,	0,	0),
(292077,	121,	9,	NULL,	12,	48,	0,	20,	0,	0,	0,	0,	0,	296,	0,	0),
(292078,	122,	9,	NULL,	12,	39,	0,	23,	0,	0,	0,	0,	0,	263,	0,	0),
(292079,	123,	9,	NULL,	12,	36,	0,	21,	0,	0,	0,	0,	0,	244,	0,	0),
(292080,	124,	9,	NULL,	12,	43,	0,	25,	0,	0,	0,	0,	0,	286,	0,	0),
(292081,	125,	9,	NULL,	12,	47,	0,	18,	0,	0,	0,	0,	0,	273,	0,	0),
(292082,	126,	9,	NULL,	12,	44,	0,	22,	0,	0,	0,	0,	0,	277,	0,	0),
(292083,	127,	9,	NULL,	12,	46,	0,	24,	0,	0,	0,	0,	0,	300,	0,	0),
(292084,	128,	9,	NULL,	12,	47,	0,	21,	0,	0,	0,	0,	0,	288,	0,	0),
(292085,	129,	9,	NULL,	12,	36,	0,	23,	0,	0,	0,	0,	0,	248,	0,	0),
(292086,	130,	9,	NULL,	12,	46,	0,	21,	0,	0,	0,	0,	0,	295,	0,	0),
(292087,	131,	9,	NULL,	12,	36,	0,	23,	0,	0,	0,	0,	0,	255,	0,	0),
(292088,	132,	9,	NULL,	12,	42,	0,	21,	0,	0,	0,	0,	0,	275,	0,	0),
(292089,	133,	9,	NULL,	12,	35,	0,	20,	0,	0,	0,	0,	0,	240,	0,	0),
(292090,	134,	9,	NULL,	12,	38,	0,	22,	0,	0,	0,	0,	0,	264,	0,	0),
(292091,	135,	9,	NULL,	12,	43,	0,	15,	0,	0,	0,	0,	0,	244,	0,	0),
(292092,	136,	9,	NULL,	12,	40,	0,	19,	0,	0,	0,	0,	0,	248,	0,	0),
(292093,	137,	9,	NULL,	12,	45,	0,	21,	0,	0,	0,	0,	0,	282,	0,	0),
(292094,	138,	9,	NULL,	16,	38,	0,	14,	0,	0,	0,	0,	0,	227,	0,	0),
(292095,	139,	9,	NULL,	16,	43,	0,	13,	0,	0,	0,	0,	0,	240,	0,	0),
(292096,	140,	9,	NULL,	16,	45,	0,	16,	0,	0,	0,	0,	0,	256,	0,	0),
(292097,	141,	9,	NULL,	12,	46,	0,	20,	0,	0,	0,	0,	0,	290,	0,	0),
(292098,	142,	9,	NULL,	12,	41,	0,	21,	0,	0,	0,	0,	0,	273,	0,	0),
(292099,	143,	9,	NULL,	12,	39,	0,	19,	0,	0,	0,	0,	0,	251,	0,	0),
(292100,	144,	9,	NULL,	12,	43,	0,	18,	0,	0,	0,	0,	0,	268,	0,	0),
(292101,	145,	9,	NULL,	12,	44,	0,	20,	0,	0,	0,	0,	0,	274,	0,	0),
(292102,	146,	9,	NULL,	12,	31,	0,	25,	0,	0,	0,	0,	0,	237,	0,	0),
(292103,	147,	9,	NULL,	12,	43,	0,	16,	0,	0,	0,	0,	0,	257,	0,	0),
(292104,	148,	9,	NULL,	12,	52,	0,	17,	0,	0,	0,	0,	0,	304,	0,	0),
(292105,	149,	9,	NULL,	12,	41,	0,	18,	0,	0,	0,	0,	0,	255,	0,	0),
(292106,	150,	9,	NULL,	12,	36,	0,	22,	0,	0,	0,	0,	0,	244,	0,	0),
(292107,	1,	18,	NULL,	12,	49,	0,	21,	0,	0,	0,	0,	0,	305,	0,	0),
(292108,	2,	18,	NULL,	12,	39,	0,	23,	0,	0,	0,	0,	0,	270,	0,	0),
(292109,	3,	18,	NULL,	12,	44,	0,	23,	0,	0,	0,	0,	0,	295,	0,	0),
(292110,	4,	18,	NULL,	12,	47,	0,	23,	0,	0,	0,	0,	0,	300,	0,	0),
(292111,	5,	18,	NULL,	12,	36,	0,	24,	0,	0,	0,	0,	0,	252,	0,	0),
(292112,	6,	18,	NULL,	12,	39,	0,	24,	0,	0,	0,	0,	0,	277,	0,	0),
(292113,	7,	18,	NULL,	12,	42,	0,	23,	0,	0,	0,	0,	0,	281,	0,	0),
(292114,	8,	18,	NULL,	12,	41,	0,	17,	0,	0,	0,	0,	0,	248,	0,	0),
(292115,	9,	18,	NULL,	12,	44,	0,	21,	0,	0,	0,	0,	0,	276,	0,	0),
(292116,	10,	18,	NULL,	12,	38,	0,	22,	0,	0,	0,	0,	0,	254,	0,	0),
(292117,	11,	18,	NULL,	12,	27,	0,	19,	0,	0,	0,	0,	0,	197,	0,	0),
(292118,	12,	18,	NULL,	12,	44,	0,	27,	0,	0,	0,	0,	0,	312,	0,	0),
(292119,	13,	18,	NULL,	12,	41,	0,	18,	0,	0,	0,	0,	0,	248,	0,	0),
(292120,	14,	18,	NULL,	12,	42,	0,	20,	0,	0,	0,	0,	0,	260,	0,	0),
(292121,	15,	18,	NULL,	12,	42,	0,	23,	0,	0,	0,	0,	0,	276,	0,	0),
(292122,	16,	18,	NULL,	12,	45,	0,	20,	0,	0,	0,	0,	0,	283,	0,	0),
(292123,	17,	18,	NULL,	12,	44,	0,	23,	0,	0,	0,	0,	0,	289,	0,	0),
(292124,	18,	18,	NULL,	12,	42,	0,	23,	0,	0,	0,	0,	0,	273,	0,	0),
(292125,	19,	18,	NULL,	12,	40,	0,	24,	0,	0,	0,	0,	0,	282,	0,	0),
(292126,	20,	18,	NULL,	12,	37,	0,	24,	0,	0,	0,	0,	0,	261,	0,	0),
(292127,	21,	18,	NULL,	12,	42,	0,	23,	0,	0,	0,	0,	0,	273,	0,	0),
(292128,	22,	18,	NULL,	12,	46,	0,	20,	0,	0,	0,	0,	0,	285,	0,	0),
(292129,	23,	18,	NULL,	12,	39,	0,	22,	0,	0,	0,	0,	0,	268,	0,	0),
(292130,	24,	18,	NULL,	12,	46,	0,	20,	0,	0,	0,	0,	0,	288,	0,	0),
(292131,	25,	18,	NULL,	12,	41,	0,	23,	0,	0,	0,	0,	0,	282,	0,	0),
(292132,	26,	18,	NULL,	12,	46,	0,	23,	0,	0,	0,	0,	0,	295,	0,	0),
(292133,	27,	18,	NULL,	12,	47,	0,	16,	0,	0,	0,	0,	0,	272,	0,	0),
(292134,	28,	18,	NULL,	12,	34,	0,	24,	0,	0,	0,	0,	0,	251,	0,	0),
(292135,	29,	18,	NULL,	12,	43,	0,	19,	0,	0,	0,	0,	0,	270,	0,	0),
(292136,	30,	18,	NULL,	12,	40,	0,	24,	0,	0,	0,	0,	0,	274,	0,	0),
(292137,	31,	18,	NULL,	12,	45,	0,	23,	0,	0,	0,	0,	0,	299,	0,	0),
(292138,	32,	18,	NULL,	12,	37,	0,	24,	0,	0,	0,	0,	0,	264,	0,	0),
(292139,	33,	18,	NULL,	12,	37,	0,	20,	0,	0,	0,	0,	0,	251,	0,	0),
(292140,	34,	18,	NULL,	12,	32,	0,	21,	0,	0,	0,	0,	0,	233,	0,	0),
(292141,	35,	18,	NULL,	12,	45,	0,	22,	0,	0,	0,	0,	0,	287,	0,	0),
(292142,	36,	18,	NULL,	12,	47,	0,	22,	0,	0,	0,	0,	0,	301,	0,	0),
(292143,	37,	18,	NULL,	12,	32,	0,	20,	0,	0,	0,	0,	0,	229,	0,	0),
(292144,	38,	18,	NULL,	12,	43,	0,	20,	0,	0,	0,	0,	0,	272,	0,	0),
(292145,	39,	18,	NULL,	12,	45,	0,	22,	0,	0,	0,	0,	0,	295,	0,	0),
(292146,	40,	18,	NULL,	12,	41,	0,	19,	0,	0,	0,	0,	0,	252,	0,	0),
(292147,	41,	18,	NULL,	12,	44,	0,	22,	0,	0,	0,	0,	0,	285,	0,	0),
(292148,	42,	18,	NULL,	12,	41,	0,	17,	0,	0,	0,	0,	0,	253,	0,	0),
(292149,	43,	18,	NULL,	12,	45,	0,	23,	0,	0,	0,	0,	0,	294,	0,	0),
(292150,	44,	18,	NULL,	12,	45,	0,	18,	0,	0,	0,	0,	0,	265,	0,	0),
(292151,	45,	18,	NULL,	12,	42,	0,	26,	0,	0,	0,	0,	0,	296,	0,	0),
(292152,	46,	18,	NULL,	12,	42,	0,	21,	0,	0,	0,	0,	0,	270,	0,	0),
(292153,	47,	18,	NULL,	16,	45,	0,	14,	0,	0,	0,	0,	0,	255,	0,	0),
(292154,	48,	18,	NULL,	12,	36,	0,	21,	0,	0,	0,	0,	0,	239,	0,	0),
(292155,	49,	18,	NULL,	12,	29,	0,	25,	0,	0,	0,	0,	0,	233,	0,	0),
(292156,	50,	18,	NULL,	12,	43,	0,	22,	0,	0,	0,	0,	0,	276,	0,	0),
(292157,	51,	18,	NULL,	12,	40,	0,	21,	0,	0,	0,	0,	0,	261,	0,	0),
(292158,	52,	18,	NULL,	12,	38,	0,	22,	0,	0,	0,	0,	0,	262,	0,	0),
(292159,	53,	18,	NULL,	12,	35,	0,	22,	0,	0,	0,	0,	0,	244,	0,	0),
(292160,	54,	18,	NULL,	12,	45,	0,	22,	0,	0,	0,	0,	0,	281,	0,	0),
(292161,	55,	18,	NULL,	12,	42,	0,	24,	0,	0,	0,	0,	0,	277,	0,	0),
(292162,	56,	18,	NULL,	12,	43,	0,	18,	0,	0,	0,	0,	0,	259,	0,	0),
(292163,	57,	18,	NULL,	12,	39,	0,	21,	0,	0,	0,	0,	0,	257,	0,	0),
(292164,	58,	18,	NULL,	12,	39,	0,	23,	0,	0,	0,	0,	0,	265,	0,	0),
(292165,	59,	18,	NULL,	12,	45,	0,	24,	0,	0,	0,	0,	0,	304,	0,	0),
(292166,	60,	18,	NULL,	12,	44,	0,	17,	0,	0,	0,	0,	0,	261,	0,	0),
(292167,	61,	18,	NULL,	16,	40,	0,	16,	0,	0,	0,	0,	0,	246,	0,	0),
(292168,	62,	18,	NULL,	12,	44,	0,	23,	0,	0,	0,	0,	0,	281,	0,	0),
(292169,	63,	18,	NULL,	16,	41,	0,	14,	0,	0,	0,	0,	0,	235,	0,	0),
(292170,	64,	18,	NULL,	12,	37,	0,	20,	0,	0,	0,	0,	0,	239,	0,	0),
(292171,	65,	18,	NULL,	12,	42,	0,	22,	0,	0,	0,	0,	0,	279,	0,	0),
(292172,	66,	18,	NULL,	12,	44,	0,	19,	0,	0,	0,	0,	0,	277,	0,	0),
(292173,	67,	18,	NULL,	12,	35,	0,	22,	0,	0,	0,	0,	0,	246,	0,	0),
(292174,	68,	18,	NULL,	12,	42,	0,	24,	0,	0,	0,	0,	0,	288,	0,	0),
(292175,	69,	18,	NULL,	12,	45,	0,	25,	0,	0,	0,	0,	0,	297,	0,	0),
(292176,	70,	18,	NULL,	12,	36,	0,	22,	0,	0,	0,	0,	0,	255,	0,	0),
(292177,	71,	18,	NULL,	12,	42,	0,	19,	0,	0,	0,	0,	0,	256,	0,	0),
(292178,	72,	18,	NULL,	12,	42,	0,	19,	0,	0,	0,	0,	0,	261,	0,	0),
(292179,	73,	18,	NULL,	12,	48,	0,	22,	0,	0,	0,	0,	0,	302,	0,	0),
(292180,	74,	18,	NULL,	12,	48,	0,	25,	0,	0,	0,	0,	0,	307,	0,	0),
(292181,	75,	18,	NULL,	12,	41,	0,	23,	0,	0,	0,	0,	0,	276,	0,	0),
(292182,	76,	18,	NULL,	12,	40,	0,	25,	0,	0,	0,	0,	0,	278,	0,	0),
(292183,	77,	18,	NULL,	12,	41,	0,	25,	0,	0,	0,	0,	0,	290,	0,	0),
(292184,	78,	18,	NULL,	12,	43,	0,	25,	0,	0,	0,	0,	0,	294,	0,	0),
(292185,	79,	18,	NULL,	12,	48,	0,	19,	0,	0,	0,	0,	0,	289,	0,	0),
(292186,	80,	18,	NULL,	12,	45,	0,	19,	0,	0,	0,	0,	0,	274,	0,	0),
(292187,	81,	18,	NULL,	12,	39,	0,	16,	0,	0,	0,	0,	0,	242,	0,	0),
(292188,	82,	18,	NULL,	12,	37,	0,	24,	0,	0,	0,	0,	0,	266,	0,	0),
(292189,	83,	18,	NULL,	12,	45,	0,	20,	0,	0,	0,	0,	0,	283,	0,	0),
(292190,	84,	18,	NULL,	12,	49,	0,	20,	0,	0,	0,	0,	0,	293,	0,	0),
(292191,	85,	18,	NULL,	12,	43,	0,	21,	0,	0,	0,	0,	0,	271,	0,	0),
(292192,	86,	18,	NULL,	12,	40,	0,	20,	0,	0,	0,	0,	0,	257,	0,	0),
(292193,	87,	18,	NULL,	12,	44,	0,	21,	0,	0,	0,	0,	0,	278,	0,	0),
(292194,	88,	18,	NULL,	12,	43,	0,	22,	0,	0,	0,	0,	0,	273,	0,	0),
(292195,	89,	18,	NULL,	12,	41,	0,	17,	0,	0,	0,	0,	0,	251,	0,	0),
(292196,	90,	18,	NULL,	12,	43,	0,	27,	0,	0,	0,	0,	0,	297,	0,	0),
(292197,	91,	18,	NULL,	12,	40,	0,	21,	0,	0,	0,	0,	0,	266,	0,	0),
(292198,	92,	18,	NULL,	12,	37,	0,	23,	0,	0,	0,	0,	0,	257,	0,	0),
(292199,	93,	18,	NULL,	12,	37,	0,	23,	0,	0,	0,	0,	0,	257,	0,	0),
(292200,	94,	18,	NULL,	12,	36,	0,	20,	0,	0,	0,	0,	0,	240,	0,	0),
(292201,	95,	18,	NULL,	12,	38,	0,	20,	0,	0,	0,	0,	0,	251,	0,	0),
(292202,	96,	18,	NULL,	12,	40,	0,	23,	0,	0,	0,	0,	0,	267,	0,	0),
(292203,	97,	18,	NULL,	12,	38,	0,	22,	0,	0,	0,	0,	0,	264,	0,	0),
(292204,	98,	18,	NULL,	12,	32,	0,	23,	0,	0,	0,	0,	0,	238,	0,	0),
(292205,	99,	18,	NULL,	12,	37,	0,	21,	0,	0,	0,	0,	0,	251,	0,	0),
(292206,	100,	18,	NULL,	12,	45,	0,	19,	0,	0,	0,	0,	0,	279,	0,	0),
(292207,	101,	18,	NULL,	12,	47,	0,	23,	0,	0,	0,	0,	0,	308,	0,	0),
(292208,	102,	18,	NULL,	12,	47,	0,	24,	0,	0,	0,	0,	0,	310,	0,	0),
(292209,	103,	18,	NULL,	12,	44,	0,	22,	0,	0,	0,	0,	0,	290,	0,	0),
(292210,	104,	18,	NULL,	12,	48,	0,	18,	0,	0,	0,	0,	0,	285,	0,	0),
(292211,	105,	18,	NULL,	12,	38,	0,	19,	0,	0,	0,	0,	0,	242,	0,	0),
(292212,	106,	18,	NULL,	12,	38,	0,	22,	0,	0,	0,	0,	0,	262,	0,	0),
(292213,	107,	18,	NULL,	12,	41,	0,	21,	0,	0,	0,	0,	0,	265,	0,	0),
(292214,	108,	18,	NULL,	12,	40,	0,	17,	0,	0,	0,	0,	0,	251,	0,	0),
(292215,	109,	18,	NULL,	12,	47,	0,	18,	0,	0,	0,	0,	0,	278,	0,	0),
(292216,	110,	18,	NULL,	12,	46,	0,	19,	0,	0,	0,	0,	0,	281,	0,	0),
(292217,	111,	18,	NULL,	12,	35,	0,	19,	0,	0,	0,	0,	0,	233,	0,	0),
(292218,	112,	18,	NULL,	12,	45,	0,	22,	0,	0,	0,	0,	0,	287,	0,	0),
(292219,	113,	18,	NULL,	12,	40,	0,	19,	0,	0,	0,	0,	0,	248,	0,	0),
(292220,	114,	18,	NULL,	12,	44,	0,	16,	0,	0,	0,	0,	0,	259,	0,	0),
(292221,	115,	18,	NULL,	12,	43,	0,	23,	0,	0,	0,	0,	0,	285,	0,	0),
(292222,	116,	18,	NULL,	12,	44,	0,	18,	0,	0,	0,	0,	0,	273,	0,	0),
(292223,	117,	18,	NULL,	12,	32,	0,	24,	0,	0,	0,	0,	0,	244,	0,	0),
(292224,	118,	18,	NULL,	12,	44,	0,	23,	0,	0,	0,	0,	0,	287,	0,	0),
(292225,	119,	18,	NULL,	12,	43,	0,	22,	0,	0,	0,	0,	0,	283,	0,	0),
(292226,	120,	18,	NULL,	12,	32,	0,	19,	0,	0,	0,	0,	0,	216,	0,	0),
(292227,	121,	18,	NULL,	12,	40,	0,	22,	0,	0,	0,	0,	0,	268,	0,	0),
(292228,	122,	18,	NULL,	12,	45,	0,	26,	0,	0,	0,	0,	0,	304,	0,	0),
(292229,	123,	18,	NULL,	12,	53,	0,	17,	0,	0,	0,	0,	0,	302,	0,	0),
(292230,	124,	18,	NULL,	12,	36,	0,	21,	0,	0,	0,	0,	0,	251,	0,	0),
(292231,	125,	18,	NULL,	12,	37,	0,	21,	0,	0,	0,	0,	0,	246,	0,	0),
(292232,	126,	18,	NULL,	12,	47,	0,	21,	0,	0,	0,	0,	0,	296,	0,	0),
(292233,	127,	18,	NULL,	12,	34,	0,	19,	0,	0,	0,	0,	0,	233,	0,	0),
(292234,	128,	18,	NULL,	12,	41,	0,	25,	0,	0,	0,	0,	0,	290,	0,	0),
(292235,	129,	18,	NULL,	12,	43,	0,	21,	0,	0,	0,	0,	0,	282,	0,	0),
(292236,	130,	18,	NULL,	12,	38,	0,	21,	0,	0,	0,	0,	0,	253,	0,	0),
(292237,	131,	18,	NULL,	12,	38,	0,	20,	0,	0,	0,	0,	0,	251,	0,	0),
(292238,	132,	18,	NULL,	12,	50,	0,	29,	0,	0,	0,	0,	0,	332,	0,	0),
(292239,	133,	18,	NULL,	12,	44,	0,	24,	0,	0,	0,	0,	0,	288,	0,	0),
(292240,	134,	18,	NULL,	12,	40,	0,	20,	0,	0,	0,	0,	0,	262,	0,	0),
(292241,	135,	18,	NULL,	12,	39,	0,	22,	0,	0,	0,	0,	0,	256,	0,	0),
(292242,	136,	18,	NULL,	12,	48,	0,	24,	0,	0,	0,	0,	0,	311,	0,	0),
(292243,	137,	18,	NULL,	12,	31,	0,	23,	0,	0,	0,	0,	0,	235,	0,	0),
(292244,	138,	18,	NULL,	12,	40,	0,	24,	0,	0,	0,	0,	0,	279,	0,	0),
(292245,	139,	18,	NULL,	12,	40,	0,	27,	0,	0,	0,	0,	0,	287,	0,	0),
(292246,	140,	18,	NULL,	12,	34,	0,	21,	0,	0,	0,	0,	0,	242,	0,	0),
(292247,	141,	18,	NULL,	12,	44,	0,	24,	0,	0,	0,	0,	0,	294,	0,	0),
(292248,	142,	18,	NULL,	12,	50,	0,	26,	0,	0,	0,	0,	0,	334,	0,	0),
(292249,	143,	18,	NULL,	12,	41,	0,	20,	0,	0,	0,	0,	0,	261,	0,	0),
(292250,	144,	18,	NULL,	16,	40,	0,	14,	0,	0,	0,	0,	0,	235,	0,	0),
(292251,	145,	18,	NULL,	16,	36,	0,	13,	0,	0,	0,	0,	0,	216,	0,	0),
(292252,	146,	18,	NULL,	16,	42,	0,	12,	0,	0,	0,	0,	0,	231,	0,	0),
(292253,	147,	18,	NULL,	12,	41,	0,	25,	0,	0,	0,	0,	0,	288,	0,	0),
(292254,	148,	18,	NULL,	12,	35,	0,	22,	0,	0,	0,	0,	0,	242,	0,	0),
(292255,	149,	18,	NULL,	12,	42,	0,	16,	0,	0,	0,	0,	0,	255,	0,	0),
(292256,	150,	18,	NULL,	12,	42,	0,	19,	0,	0,	0,	0,	0,	264,	0,	0),
(292257,	1,	4,	NULL,	12,	34,	0,	11,	0,	0,	0,	0,	0,	189,	0,	0),
(292258,	2,	4,	NULL,	12,	30,	0,	22,	0,	0,	0,	0,	0,	229,	0,	0),
(292259,	3,	4,	NULL,	12,	34,	0,	18,	0,	0,	0,	0,	0,	223,	0,	0),
(292260,	4,	4,	NULL,	12,	28,	0,	16,	0,	0,	0,	0,	0,	190,	0,	0),
(292261,	5,	4,	NULL,	12,	32,	0,	19,	0,	0,	0,	0,	0,	222,	0,	0),
(292262,	6,	4,	NULL,	12,	40,	0,	15,	0,	0,	0,	0,	0,	240,	0,	0),
(292263,	7,	4,	NULL,	12,	28,	0,	18,	0,	0,	0,	0,	0,	202,	0,	0),
(292264,	8,	4,	NULL,	12,	25,	0,	20,	0,	0,	0,	0,	0,	194,	0,	0),
(292265,	9,	4,	NULL,	12,	47,	0,	16,	0,	0,	0,	0,	0,	275,	0,	0),
(292266,	10,	4,	NULL,	12,	25,	0,	15,	0,	0,	0,	0,	0,	171,	0,	0),
(292267,	11,	4,	NULL,	12,	41,	0,	15,	0,	0,	0,	0,	0,	235,	0,	0),
(292268,	12,	4,	NULL,	12,	32,	0,	17,	0,	0,	0,	0,	0,	216,	0,	0),
(292269,	13,	4,	NULL,	12,	29,	0,	20,	0,	0,	0,	0,	0,	212,	0,	0),
(292270,	14,	4,	NULL,	12,	29,	0,	15,	0,	0,	0,	0,	0,	188,	0,	0),
(292271,	15,	4,	NULL,	12,	45,	0,	14,	0,	0,	0,	0,	0,	260,	0,	0),
(292272,	16,	4,	NULL,	12,	38,	0,	19,	0,	0,	0,	0,	0,	244,	0,	0),
(292273,	17,	4,	NULL,	12,	32,	0,	19,	0,	0,	0,	0,	0,	220,	0,	0),
(292274,	18,	4,	NULL,	12,	34,	0,	18,	0,	0,	0,	0,	0,	229,	0,	0),
(292275,	19,	4,	NULL,	12,	34,	0,	16,	0,	0,	0,	0,	0,	220,	0,	0),
(292276,	20,	4,	NULL,	12,	36,	0,	14,	0,	0,	0,	0,	0,	220,	0,	0),
(292277,	21,	4,	NULL,	12,	31,	0,	17,	0,	0,	0,	0,	0,	211,	0,	0),
(292278,	22,	4,	NULL,	12,	32,	0,	14,	0,	0,	0,	0,	0,	197,	0,	0),
(292279,	23,	4,	NULL,	12,	40,	0,	15,	0,	0,	0,	0,	0,	238,	0,	0),
(292280,	24,	4,	NULL,	12,	41,	0,	20,	0,	0,	0,	0,	0,	261,	0,	0),
(292281,	25,	4,	NULL,	12,	37,	0,	18,	0,	0,	0,	0,	0,	235,	0,	0),
(292282,	26,	4,	NULL,	12,	33,	0,	16,	0,	0,	0,	0,	0,	212,	0,	0),
(292283,	27,	4,	NULL,	12,	42,	0,	15,	0,	0,	0,	0,	0,	251,	0,	0),
(292284,	28,	4,	NULL,	12,	34,	0,	18,	0,	0,	0,	0,	0,	227,	0,	0),
(292285,	29,	4,	NULL,	12,	33,	0,	13,	0,	0,	0,	0,	0,	202,	0,	0),
(292286,	30,	4,	NULL,	12,	38,	0,	16,	0,	0,	0,	0,	0,	229,	0,	0),
(292287,	31,	4,	NULL,	12,	30,	0,	13,	0,	0,	0,	0,	0,	181,	0,	0),
(292288,	32,	4,	NULL,	12,	32,	0,	17,	0,	0,	0,	0,	0,	216,	0,	0),
(292289,	33,	4,	NULL,	12,	37,	0,	18,	0,	0,	0,	0,	0,	242,	0,	0),
(292290,	34,	4,	NULL,	12,	37,	0,	14,	0,	0,	0,	0,	0,	220,	0,	0),
(292291,	35,	4,	NULL,	12,	24,	0,	16,	0,	0,	0,	0,	0,	176,	0,	0),
(292292,	36,	4,	NULL,	12,	30,	0,	18,	0,	0,	0,	0,	0,	202,	0,	0),
(292293,	37,	4,	NULL,	12,	32,	0,	17,	0,	0,	0,	0,	0,	216,	0,	0),
(292294,	38,	4,	NULL,	12,	34,	0,	18,	0,	0,	0,	0,	0,	225,	0,	0),
(292295,	39,	4,	NULL,	12,	36,	0,	16,	0,	0,	0,	0,	0,	229,	0,	0),
(292296,	40,	4,	NULL,	12,	33,	0,	14,	0,	0,	0,	0,	0,	205,	0,	0),
(292297,	41,	4,	NULL,	12,	36,	0,	19,	0,	0,	0,	0,	0,	240,	0,	0),
(292298,	42,	4,	NULL,	12,	39,	0,	17,	0,	0,	0,	0,	0,	237,	0,	0),
(292299,	43,	4,	NULL,	12,	42,	0,	17,	0,	0,	0,	0,	0,	253,	0,	0),
(292300,	44,	4,	NULL,	12,	40,	0,	16,	0,	0,	0,	0,	0,	237,	0,	0),
(292301,	45,	4,	NULL,	12,	30,	0,	17,	0,	0,	0,	0,	0,	207,	0,	0),
(292302,	46,	4,	NULL,	12,	40,	0,	18,	0,	0,	0,	0,	0,	246,	0,	0),
(292303,	47,	4,	NULL,	12,	39,	0,	16,	0,	0,	0,	0,	0,	242,	0,	0),
(292304,	48,	4,	NULL,	12,	34,	0,	16,	0,	0,	0,	0,	0,	210,	0,	0),
(292305,	49,	4,	NULL,	12,	38,	0,	16,	0,	0,	0,	0,	0,	227,	0,	0),
(292306,	50,	4,	NULL,	12,	38,	0,	20,	0,	0,	0,	0,	0,	253,	0,	0),
(292307,	51,	4,	NULL,	12,	41,	0,	18,	0,	0,	0,	0,	0,	260,	0,	0),
(292308,	52,	4,	NULL,	12,	33,	0,	18,	0,	0,	0,	0,	0,	218,	0,	0),
(292309,	53,	4,	NULL,	12,	37,	0,	18,	0,	0,	0,	0,	0,	231,	0,	0),
(292310,	54,	4,	NULL,	12,	40,	0,	16,	0,	0,	0,	0,	0,	242,	0,	0),
(292311,	55,	4,	NULL,	12,	26,	0,	18,	0,	0,	0,	0,	0,	185,	0,	0),
(292312,	56,	4,	NULL,	12,	33,	0,	20,	0,	0,	0,	0,	0,	223,	0,	0),
(292313,	57,	4,	NULL,	12,	42,	0,	14,	0,	0,	0,	0,	0,	242,	0,	0),
(292314,	58,	4,	NULL,	12,	34,	0,	16,	0,	0,	0,	0,	0,	210,	0,	0),
(292315,	59,	4,	NULL,	12,	31,	0,	21,	0,	0,	0,	0,	0,	229,	0,	0),
(292316,	60,	4,	NULL,	12,	36,	0,	20,	0,	0,	0,	0,	0,	235,	0,	0),
(292317,	61,	4,	NULL,	12,	32,	0,	15,	0,	0,	0,	0,	0,	199,	0,	0),
(292318,	62,	4,	NULL,	12,	40,	0,	20,	0,	0,	0,	0,	0,	262,	0,	0),
(292319,	63,	4,	NULL,	12,	33,	0,	22,	0,	0,	0,	0,	0,	240,	0,	0),
(292320,	64,	4,	NULL,	12,	36,	0,	20,	0,	0,	0,	0,	0,	240,	0,	0),
(292321,	65,	4,	NULL,	12,	33,	0,	14,	0,	0,	0,	0,	0,	197,	0,	0),
(292322,	66,	4,	NULL,	12,	42,	0,	15,	0,	0,	0,	0,	0,	251,	0,	0),
(292323,	67,	4,	NULL,	12,	39,	0,	15,	0,	0,	0,	0,	0,	231,	0,	0),
(292324,	68,	4,	NULL,	12,	28,	0,	16,	0,	0,	0,	0,	0,	185,	0,	0),
(292325,	69,	4,	NULL,	12,	32,	0,	17,	0,	0,	0,	0,	0,	208,	0,	0),
(292326,	70,	4,	NULL,	12,	36,	0,	20,	0,	0,	0,	0,	0,	237,	0,	0),
(292327,	71,	4,	NULL,	12,	36,	0,	16,	0,	0,	0,	0,	0,	225,	0,	0),
(292328,	72,	4,	NULL,	12,	36,	0,	18,	0,	0,	0,	0,	0,	233,	0,	0),
(292329,	73,	4,	NULL,	12,	33,	0,	15,	0,	0,	0,	0,	0,	211,	0,	0),
(292330,	74,	4,	NULL,	12,	42,	0,	19,	0,	0,	0,	0,	0,	261,	0,	0),
(292331,	75,	4,	NULL,	12,	32,	0,	20,	0,	0,	0,	0,	0,	225,	0,	0),
(292332,	76,	4,	NULL,	12,	36,	0,	16,	0,	0,	0,	0,	0,	229,	0,	0),
(292333,	77,	4,	NULL,	12,	36,	0,	17,	0,	0,	0,	0,	0,	233,	0,	0),
(292334,	78,	4,	NULL,	12,	35,	0,	16,	0,	0,	0,	0,	0,	222,	0,	0),
(292335,	79,	4,	NULL,	12,	36,	0,	17,	0,	0,	0,	0,	0,	227,	0,	0),
(292336,	80,	4,	NULL,	12,	30,	0,	14,	0,	0,	0,	0,	0,	185,	0,	0),
(292337,	81,	4,	NULL,	12,	36,	0,	15,	0,	0,	0,	0,	0,	220,	0,	0),
(292338,	82,	4,	NULL,	12,	30,	0,	16,	0,	0,	0,	0,	0,	197,	0,	0),
(292339,	83,	4,	NULL,	12,	40,	0,	19,	0,	0,	0,	0,	0,	255,	0,	0),
(292340,	84,	4,	NULL,	12,	33,	0,	11,	0,	0,	0,	0,	0,	187,	0,	0),
(292341,	85,	4,	NULL,	12,	37,	0,	20,	0,	0,	0,	0,	0,	244,	0,	0),
(292342,	86,	4,	NULL,	12,	35,	0,	20,	0,	0,	0,	0,	0,	231,	0,	0),
(292343,	87,	4,	NULL,	12,	36,	0,	20,	0,	0,	0,	0,	0,	244,	0,	0),
(292344,	88,	4,	NULL,	12,	37,	0,	16,	0,	0,	0,	0,	0,	233,	0,	0),
(292345,	89,	4,	NULL,	12,	34,	0,	14,	0,	0,	0,	0,	0,	209,	0,	0),
(292346,	90,	4,	NULL,	12,	29,	0,	21,	0,	0,	0,	0,	0,	218,	0,	0),
(292347,	91,	4,	NULL,	12,	32,	0,	13,	0,	0,	0,	0,	0,	191,	0,	0),
(292348,	92,	4,	NULL,	12,	37,	0,	18,	0,	0,	0,	0,	0,	235,	0,	0),
(292349,	93,	4,	NULL,	12,	40,	0,	16,	0,	0,	0,	0,	0,	244,	0,	0),
(292350,	94,	4,	NULL,	12,	34,	0,	18,	0,	0,	0,	0,	0,	225,	0,	0),
(292351,	95,	4,	NULL,	12,	27,	0,	16,	0,	0,	0,	0,	0,	186,	0,	0),
(292352,	96,	4,	NULL,	12,	37,	0,	16,	0,	0,	0,	0,	0,	225,	0,	0),
(292353,	97,	4,	NULL,	12,	33,	0,	21,	0,	0,	0,	0,	0,	231,	0,	0),
(292354,	98,	4,	NULL,	12,	38,	0,	19,	0,	0,	0,	0,	0,	244,	0,	0),
(292355,	99,	4,	NULL,	12,	34,	0,	16,	0,	0,	0,	0,	0,	218,	0,	0),
(292356,	100,	4,	NULL,	12,	29,	0,	17,	0,	0,	0,	0,	0,	193,	0,	0),
(292357,	101,	4,	NULL,	12,	34,	0,	19,	0,	0,	0,	0,	0,	231,	0,	0),
(292358,	102,	4,	NULL,	12,	37,	0,	20,	0,	0,	0,	0,	0,	244,	0,	0),
(292359,	103,	4,	NULL,	12,	30,	0,	19,	0,	0,	0,	0,	0,	212,	0,	0),
(292360,	104,	4,	NULL,	12,	30,	0,	18,	0,	0,	0,	0,	0,	205,	0,	0),
(292361,	105,	4,	NULL,	12,	27,	0,	21,	0,	0,	0,	0,	0,	207,	0,	0),
(292362,	106,	4,	NULL,	12,	32,	0,	16,	0,	0,	0,	0,	0,	211,	0,	0),
(292363,	107,	4,	NULL,	12,	35,	0,	21,	0,	0,	0,	0,	0,	235,	0,	0),
(292364,	108,	4,	NULL,	12,	36,	0,	19,	0,	0,	0,	0,	0,	231,	0,	0),
(292365,	109,	4,	NULL,	12,	27,	0,	20,	0,	0,	0,	0,	0,	203,	0,	0),
(292366,	110,	4,	NULL,	12,	31,	0,	14,	0,	0,	0,	0,	0,	194,	0,	0),
(292367,	111,	4,	NULL,	12,	32,	0,	17,	0,	0,	0,	0,	0,	214,	0,	0),
(292368,	112,	4,	NULL,	12,	30,	0,	20,	0,	0,	0,	0,	0,	210,	0,	0),
(292369,	113,	4,	NULL,	12,	37,	0,	17,	0,	0,	0,	0,	0,	238,	0,	0),
(292370,	114,	4,	NULL,	12,	32,	0,	19,	0,	0,	0,	0,	0,	220,	0,	0),
(292371,	115,	4,	NULL,	12,	25,	0,	17,	0,	0,	0,	0,	0,	183,	0,	0),
(292372,	116,	4,	NULL,	12,	26,	0,	19,	0,	0,	0,	0,	0,	189,	0,	0),
(292373,	117,	4,	NULL,	12,	42,	0,	18,	0,	0,	0,	0,	0,	257,	0,	0),
(292374,	118,	4,	NULL,	12,	32,	0,	14,	0,	0,	0,	0,	0,	193,	0,	0),
(292375,	119,	4,	NULL,	12,	30,	0,	18,	0,	0,	0,	0,	0,	205,	0,	0),
(292376,	120,	4,	NULL,	12,	29,	0,	17,	0,	0,	0,	0,	0,	199,	0,	0),
(292377,	121,	4,	NULL,	12,	33,	0,	17,	0,	0,	0,	0,	0,	218,	0,	0),
(292378,	122,	4,	NULL,	12,	38,	0,	21,	0,	0,	0,	0,	0,	260,	0,	0),
(292379,	123,	4,	NULL,	12,	41,	0,	19,	0,	0,	0,	0,	0,	252,	0,	0),
(292380,	124,	4,	NULL,	12,	31,	0,	16,	0,	0,	0,	0,	0,	197,	0,	0),
(292381,	125,	4,	NULL,	12,	30,	0,	16,	0,	0,	0,	0,	0,	202,	0,	0),
(292382,	126,	4,	NULL,	12,	41,	0,	20,	0,	0,	0,	0,	0,	268,	0,	0),
(292383,	127,	4,	NULL,	12,	35,	0,	17,	0,	0,	0,	0,	0,	223,	0,	0),
(292384,	128,	4,	NULL,	12,	38,	0,	17,	0,	0,	0,	0,	0,	235,	0,	0),
(292385,	129,	4,	NULL,	12,	32,	0,	22,	0,	0,	0,	0,	0,	238,	0,	0),
(292386,	130,	4,	NULL,	12,	42,	0,	14,	0,	0,	0,	0,	0,	235,	0,	0),
(292387,	131,	4,	NULL,	12,	29,	0,	21,	0,	0,	0,	0,	0,	218,	0,	0),
(292388,	132,	4,	NULL,	12,	41,	0,	15,	0,	0,	0,	0,	0,	240,	0,	0),
(292389,	133,	4,	NULL,	12,	40,	0,	14,	0,	0,	0,	0,	0,	229,	0,	0),
(292390,	134,	4,	NULL,	12,	39,	0,	18,	0,	0,	0,	0,	0,	249,	0,	0),
(292391,	135,	4,	NULL,	12,	37,	0,	16,	0,	0,	0,	0,	0,	233,	0,	0),
(292392,	136,	4,	NULL,	12,	33,	0,	17,	0,	0,	0,	0,	0,	220,	0,	0),
(292393,	137,	4,	NULL,	12,	36,	0,	17,	0,	0,	0,	0,	0,	223,	0,	0),
(292394,	138,	4,	NULL,	12,	30,	0,	15,	0,	0,	0,	0,	0,	193,	0,	0),
(292395,	139,	4,	NULL,	12,	37,	0,	15,	0,	0,	0,	0,	0,	223,	0,	0),
(292396,	140,	4,	NULL,	12,	40,	0,	20,	0,	0,	0,	0,	0,	252,	0,	0),
(292397,	141,	4,	NULL,	12,	36,	0,	12,	0,	0,	0,	0,	0,	202,	0,	0),
(292398,	142,	4,	NULL,	12,	35,	0,	20,	0,	0,	0,	0,	0,	233,	0,	0),
(292399,	143,	4,	NULL,	12,	30,	0,	18,	0,	0,	0,	0,	0,	204,	0,	0),
(292400,	144,	4,	NULL,	12,	33,	0,	16,	0,	0,	0,	0,	0,	216,	0,	0),
(292401,	145,	4,	NULL,	12,	42,	0,	21,	0,	0,	0,	0,	0,	277,	0,	0),
(292402,	146,	4,	NULL,	12,	38,	0,	16,	0,	0,	0,	0,	0,	229,	0,	0),
(292403,	147,	4,	NULL,	12,	38,	0,	19,	0,	0,	0,	0,	0,	246,	0,	0),
(292404,	148,	4,	NULL,	12,	44,	0,	17,	0,	0,	0,	0,	0,	261,	0,	0),
(292405,	149,	4,	NULL,	12,	35,	0,	15,	0,	0,	0,	0,	0,	218,	0,	0),
(292406,	150,	4,	NULL,	12,	28,	0,	15,	0,	0,	0,	0,	0,	181,	0,	0),
(292557,	1,	2,	NULL,	12,	32,	0,	18,	0,	0,	0,	0,	0,	220,	0,	0),
(292558,	2,	2,	NULL,	12,	30,	0,	13,	0,	0,	0,	0,	0,	189,	0,	0),
(292559,	3,	2,	NULL,	16,	30,	0,	12,	0,	0,	0,	0,	0,	178,	0,	0),
(292560,	4,	2,	NULL,	16,	36,	0,	9,	0,	0,	0,	0,	0,	194,	0,	0),
(292561,	5,	2,	NULL,	16,	32,	0,	10,	0,	0,	0,	0,	0,	183,	0,	0),
(292562,	6,	2,	NULL,	12,	36,	0,	16,	0,	0,	0,	0,	0,	227,	0,	0),
(292563,	7,	2,	NULL,	12,	37,	0,	14,	0,	0,	0,	0,	0,	220,	0,	0),
(292564,	8,	2,	NULL,	12,	27,	0,	14,	0,	0,	0,	0,	0,	174,	0,	0),
(292565,	9,	2,	NULL,	12,	29,	0,	14,	0,	0,	0,	0,	0,	189,	0,	0),
(292566,	10,	2,	NULL,	12,	30,	0,	18,	0,	0,	0,	0,	0,	207,	0,	0),
(292567,	11,	2,	NULL,	12,	32,	0,	14,	0,	0,	0,	0,	0,	193,	0,	0),
(292568,	12,	2,	NULL,	16,	35,	0,	12,	0,	0,	0,	0,	0,	197,	0,	0),
(292569,	13,	2,	NULL,	16,	35,	0,	11,	0,	0,	0,	0,	0,	197,	0,	0),
(292570,	14,	2,	NULL,	12,	29,	0,	14,	0,	0,	0,	0,	0,	189,	0,	0),
(292571,	15,	2,	NULL,	16,	31,	0,	12,	0,	0,	0,	0,	0,	184,	0,	0),
(292572,	16,	2,	NULL,	12,	36,	0,	13,	0,	0,	0,	0,	0,	216,	0,	0),
(292573,	17,	2,	NULL,	12,	30,	0,	14,	0,	0,	0,	0,	0,	194,	0,	0),
(292574,	18,	2,	NULL,	12,	28,	0,	16,	0,	0,	0,	0,	0,	190,	0,	0),
(292575,	19,	2,	NULL,	12,	34,	0,	15,	0,	0,	0,	0,	0,	214,	0,	0),
(292576,	20,	2,	NULL,	12,	29,	0,	16,	0,	0,	0,	0,	0,	194,	0,	0),
(292577,	21,	2,	NULL,	12,	31,	0,	16,	0,	0,	0,	0,	0,	207,	0,	0),
(292578,	22,	2,	NULL,	12,	26,	0,	14,	0,	0,	0,	0,	0,	170,	0,	0),
(292579,	23,	2,	NULL,	16,	30,	0,	11,	0,	0,	0,	0,	0,	174,	0,	0),
(292580,	24,	2,	NULL,	16,	34,	0,	10,	0,	0,	0,	0,	0,	188,	0,	0),
(292581,	25,	2,	NULL,	16,	34,	0,	11,	0,	0,	0,	0,	0,	196,	0,	0),
(292582,	26,	2,	NULL,	16,	33,	0,	11,	0,	0,	0,	0,	0,	185,	0,	0),
(292583,	27,	2,	NULL,	12,	28,	0,	15,	0,	0,	0,	0,	0,	181,	0,	0),
(292584,	28,	2,	NULL,	12,	34,	0,	13,	0,	0,	0,	0,	0,	199,	0,	0),
(292585,	29,	2,	NULL,	12,	25,	0,	15,	0,	0,	0,	0,	0,	171,	0,	0),
(292586,	30,	2,	NULL,	12,	31,	0,	14,	0,	0,	0,	0,	0,	196,	0,	0),
(292587,	31,	2,	NULL,	16,	29,	0,	12,	0,	0,	0,	0,	0,	175,	0,	0),
(292588,	32,	2,	NULL,	12,	32,	0,	12,	0,	0,	0,	0,	0,	190,	0,	0),
(292589,	33,	2,	NULL,	12,	34,	0,	14,	0,	0,	0,	0,	0,	207,	0,	0),
(292590,	34,	2,	NULL,	12,	29,	0,	13,	0,	0,	0,	0,	0,	178,	0,	0),
(292591,	35,	2,	NULL,	12,	36,	0,	17,	0,	0,	0,	0,	0,	231,	0,	0),
(292592,	36,	2,	NULL,	16,	29,	0,	10,	0,	0,	0,	0,	0,	170,	0,	0),
(292593,	37,	2,	NULL,	16,	36,	0,	12,	0,	0,	0,	0,	0,	204,	0,	0),
(292594,	38,	2,	NULL,	12,	32,	0,	15,	0,	0,	0,	0,	0,	205,	0,	0),
(292595,	39,	2,	NULL,	12,	30,	0,	15,	0,	0,	0,	0,	0,	189,	0,	0),
(292596,	40,	2,	NULL,	12,	25,	0,	16,	0,	0,	0,	0,	0,	175,	0,	0),
(292597,	41,	2,	NULL,	12,	32,	0,	12,	0,	0,	0,	0,	0,	190,	0,	0),
(292598,	42,	2,	NULL,	12,	36,	0,	16,	0,	0,	0,	0,	0,	227,	0,	0),
(292599,	43,	2,	NULL,	12,	27,	0,	16,	0,	0,	0,	0,	0,	184,	0,	0),
(292600,	44,	2,	NULL,	12,	28,	0,	16,	0,	0,	0,	0,	0,	194,	0,	0),
(292601,	45,	2,	NULL,	12,	31,	0,	15,	0,	0,	0,	0,	0,	195,	0,	0),
(292602,	46,	2,	NULL,	12,	25,	0,	16,	0,	0,	0,	0,	0,	172,	0,	0),
(292603,	47,	2,	NULL,	12,	32,	0,	14,	0,	0,	0,	0,	0,	201,	0,	0),
(292604,	48,	2,	NULL,	16,	32,	0,	12,	0,	0,	0,	0,	0,	188,	0,	0),
(292605,	49,	2,	NULL,	12,	33,	0,	15,	0,	0,	0,	0,	0,	209,	0,	0),
(292606,	50,	2,	NULL,	12,	28,	0,	12,	0,	0,	0,	0,	0,	171,	0,	0),
(292607,	51,	2,	NULL,	12,	30,	0,	16,	0,	0,	0,	0,	0,	202,	0,	0),
(292608,	52,	2,	NULL,	12,	31,	0,	18,	0,	0,	0,	0,	0,	216,	0,	0),
(292609,	53,	2,	NULL,	16,	32,	0,	12,	0,	0,	0,	0,	0,	187,	0,	0),
(292610,	54,	2,	NULL,	12,	34,	0,	13,	0,	0,	0,	0,	0,	207,	0,	0),
(292611,	55,	2,	NULL,	16,	34,	0,	10,	0,	0,	0,	0,	0,	188,	0,	0),
(292612,	56,	2,	NULL,	12,	35,	0,	14,	0,	0,	0,	0,	0,	214,	0,	0),
(292613,	57,	2,	NULL,	12,	41,	0,	16,	0,	0,	0,	0,	0,	239,	0,	0),
(292614,	58,	2,	NULL,	12,	29,	0,	17,	0,	0,	0,	0,	0,	201,	0,	0),
(292615,	59,	2,	NULL,	12,	29,	0,	13,	0,	0,	0,	0,	0,	180,	0,	0),
(292616,	60,	2,	NULL,	12,	27,	0,	14,	0,	0,	0,	0,	0,	175,	0,	0),
(292617,	61,	2,	NULL,	12,	31,	0,	15,	0,	0,	0,	0,	0,	195,	0,	0),
(292618,	62,	2,	NULL,	12,	31,	0,	16,	0,	0,	0,	0,	0,	205,	0,	0),
(292619,	63,	2,	NULL,	12,	32,	0,	14,	0,	0,	0,	0,	0,	199,	0,	0),
(292620,	64,	2,	NULL,	12,	23,	0,	15,	0,	0,	0,	0,	0,	160,	0,	0),
(292621,	65,	2,	NULL,	12,	29,	0,	13,	0,	0,	0,	0,	0,	183,	0,	0),
(292622,	66,	2,	NULL,	16,	36,	0,	12,	0,	0,	0,	0,	0,	202,	0,	0),
(292623,	67,	2,	NULL,	12,	31,	0,	14,	0,	0,	0,	0,	0,	196,	0,	0),
(292624,	68,	2,	NULL,	12,	38,	0,	16,	0,	0,	0,	0,	0,	231,	0,	0),
(292625,	69,	2,	NULL,	12,	24,	0,	17,	0,	0,	0,	0,	0,	179,	0,	0),
(292626,	70,	2,	NULL,	12,	23,	0,	17,	0,	0,	0,	0,	0,	168,	0,	0),
(292627,	71,	2,	NULL,	12,	37,	0,	11,	0,	0,	0,	0,	0,	202,	0,	0),
(292628,	72,	2,	NULL,	12,	29,	0,	16,	0,	0,	0,	0,	0,	194,	0,	0),
(292629,	73,	2,	NULL,	12,	28,	0,	13,	0,	0,	0,	0,	0,	177,	0,	0),
(292630,	74,	2,	NULL,	12,	30,	0,	15,	0,	0,	0,	0,	0,	191,	0,	0),
(292631,	75,	2,	NULL,	12,	32,	0,	16,	0,	0,	0,	0,	0,	202,	0,	0),
(292632,	76,	2,	NULL,	12,	25,	0,	13,	0,	0,	0,	0,	0,	163,	0,	0),
(292633,	77,	2,	NULL,	12,	26,	0,	18,	0,	0,	0,	0,	0,	188,	0,	0),
(292634,	78,	2,	NULL,	12,	28,	0,	12,	0,	0,	0,	0,	0,	176,	0,	0),
(292635,	79,	2,	NULL,	12,	30,	0,	16,	0,	0,	0,	0,	0,	195,	0,	0),
(292636,	80,	2,	NULL,	12,	32,	0,	16,	0,	0,	0,	0,	0,	211,	0,	0),
(292637,	81,	2,	NULL,	12,	29,	0,	18,	0,	0,	0,	0,	0,	197,	0,	0),
(292638,	82,	2,	NULL,	12,	42,	0,	15,	0,	0,	0,	0,	0,	239,	0,	0),
(292639,	83,	2,	NULL,	12,	30,	0,	13,	0,	0,	0,	0,	0,	186,	0,	0),
(292640,	84,	2,	NULL,	12,	31,	0,	18,	0,	0,	0,	0,	0,	206,	0,	0),
(292641,	85,	2,	NULL,	12,	34,	0,	19,	0,	0,	0,	0,	0,	229,	0,	0),
(292642,	86,	2,	NULL,	12,	30,	0,	16,	0,	0,	0,	0,	0,	201,	0,	0),
(292643,	87,	2,	NULL,	12,	35,	0,	16,	0,	0,	0,	0,	0,	220,	0,	0),
(292644,	88,	2,	NULL,	12,	33,	0,	14,	0,	0,	0,	0,	0,	207,	0,	0),
(292645,	89,	2,	NULL,	12,	31,	0,	17,	0,	0,	0,	0,	0,	204,	0,	0),
(292646,	90,	2,	NULL,	12,	33,	0,	18,	0,	0,	0,	0,	0,	220,	0,	0),
(292647,	91,	2,	NULL,	12,	31,	0,	16,	0,	0,	0,	0,	0,	203,	0,	0),
(292648,	92,	2,	NULL,	12,	32,	0,	15,	0,	0,	0,	0,	0,	199,	0,	0),
(292649,	93,	2,	NULL,	12,	33,	0,	14,	0,	0,	0,	0,	0,	207,	0,	0),
(292650,	94,	2,	NULL,	12,	29,	0,	14,	0,	0,	0,	0,	0,	186,	0,	0),
(292651,	95,	2,	NULL,	12,	30,	0,	13,	0,	0,	0,	0,	0,	181,	0,	0),
(292652,	96,	2,	NULL,	12,	29,	0,	16,	0,	0,	0,	0,	0,	196,	0,	0),
(292653,	97,	2,	NULL,	12,	29,	0,	15,	0,	0,	0,	0,	0,	190,	0,	0),
(292654,	98,	2,	NULL,	12,	29,	0,	18,	0,	0,	0,	0,	0,	197,	0,	0),
(292655,	99,	2,	NULL,	12,	35,	0,	14,	0,	0,	0,	0,	0,	206,	0,	0),
(292656,	100,	2,	NULL,	12,	30,	0,	18,	0,	0,	0,	0,	0,	211,	0,	0),
(292657,	101,	2,	NULL,	12,	36,	0,	11,	0,	0,	0,	0,	0,	201,	0,	0),
(292658,	102,	2,	NULL,	12,	30,	0,	13,	0,	0,	0,	0,	0,	187,	0,	0),
(292659,	103,	2,	NULL,	12,	31,	0,	14,	0,	0,	0,	0,	0,	189,	0,	0),
(292660,	104,	2,	NULL,	12,	35,	0,	19,	0,	0,	0,	0,	0,	231,	0,	0),
(292661,	105,	2,	NULL,	12,	39,	0,	12,	0,	0,	0,	0,	0,	220,	0,	0),
(292662,	106,	2,	NULL,	12,	37,	0,	15,	0,	0,	0,	0,	0,	227,	0,	0),
(292663,	107,	2,	NULL,	12,	27,	0,	17,	0,	0,	0,	0,	0,	192,	0,	0),
(292664,	108,	2,	NULL,	12,	34,	0,	16,	0,	0,	0,	0,	0,	214,	0,	0),
(292665,	109,	2,	NULL,	12,	29,	0,	16,	0,	0,	0,	0,	0,	194,	0,	0),
(292666,	110,	2,	NULL,	12,	30,	0,	15,	0,	0,	0,	0,	0,	191,	0,	0),
(292667,	111,	2,	NULL,	12,	34,	0,	15,	0,	0,	0,	0,	0,	208,	0,	0),
(292668,	112,	2,	NULL,	12,	31,	0,	14,	0,	0,	0,	0,	0,	193,	0,	0),
(292669,	113,	2,	NULL,	12,	33,	0,	14,	0,	0,	0,	0,	0,	205,	0,	0),
(292670,	114,	2,	NULL,	12,	27,	0,	11,	0,	0,	0,	0,	0,	163,	0,	0),
(292671,	115,	2,	NULL,	12,	38,	0,	16,	0,	0,	0,	0,	0,	229,	0,	0),
(292672,	116,	2,	NULL,	12,	35,	0,	14,	0,	0,	0,	0,	0,	212,	0,	0),
(292673,	117,	2,	NULL,	12,	31,	0,	17,	0,	0,	0,	0,	0,	204,	0,	0),
(292674,	118,	2,	NULL,	12,	24,	0,	14,	0,	0,	0,	0,	0,	161,	0,	0),
(292675,	119,	2,	NULL,	12,	29,	0,	14,	0,	0,	0,	0,	0,	186,	0,	0),
(292676,	120,	2,	NULL,	12,	35,	0,	15,	0,	0,	0,	0,	0,	218,	0,	0),
(292677,	121,	2,	NULL,	12,	37,	0,	12,	0,	0,	0,	0,	0,	208,	0,	0),
(292678,	122,	2,	NULL,	12,	27,	0,	15,	0,	0,	0,	0,	0,	185,	0,	0),
(292679,	123,	2,	NULL,	12,	26,	0,	14,	0,	0,	0,	0,	0,	170,	0,	0),
(292680,	124,	2,	NULL,	12,	36,	0,	15,	0,	0,	0,	0,	0,	214,	0,	0),
(292681,	125,	2,	NULL,	12,	27,	0,	15,	0,	0,	0,	0,	0,	176,	0,	0),
(292682,	126,	2,	NULL,	12,	31,	0,	13,	0,	0,	0,	0,	0,	185,	0,	0),
(292683,	127,	2,	NULL,	12,	34,	0,	13,	0,	0,	0,	0,	0,	203,	0,	0),
(292684,	128,	2,	NULL,	16,	32,	0,	10,	0,	0,	0,	0,	0,	185,	0,	0),
(292685,	129,	2,	NULL,	12,	28,	0,	16,	0,	0,	0,	0,	0,	190,	0,	0),
(292686,	130,	2,	NULL,	12,	27,	0,	14,	0,	0,	0,	0,	0,	179,	0,	0),
(292687,	131,	2,	NULL,	12,	33,	0,	17,	0,	0,	0,	0,	0,	216,	0,	0),
(292688,	132,	2,	NULL,	12,	31,	0,	15,	0,	0,	0,	0,	0,	202,	0,	0),
(292689,	133,	2,	NULL,	12,	27,	0,	14,	0,	0,	0,	0,	0,	175,	0,	0),
(292690,	134,	2,	NULL,	12,	31,	0,	13,	0,	0,	0,	0,	0,	194,	0,	0),
(292691,	135,	2,	NULL,	12,	33,	0,	15,	0,	0,	0,	0,	0,	207,	0,	0),
(292692,	136,	2,	NULL,	12,	33,	0,	12,	0,	0,	0,	0,	0,	191,	0,	0),
(292693,	137,	2,	NULL,	12,	40,	0,	13,	0,	0,	0,	0,	0,	229,	0,	0),
(292694,	138,	2,	NULL,	12,	31,	0,	13,	0,	0,	0,	0,	0,	194,	0,	0),
(292695,	139,	2,	NULL,	12,	32,	0,	13,	0,	0,	0,	0,	0,	198,	0,	0),
(292696,	140,	2,	NULL,	12,	36,	0,	13,	0,	0,	0,	0,	0,	216,	0,	0),
(292697,	141,	2,	NULL,	12,	27,	0,	14,	0,	0,	0,	0,	0,	177,	0,	0),
(292698,	142,	2,	NULL,	12,	32,	0,	16,	0,	0,	0,	0,	0,	211,	0,	0),
(292699,	143,	2,	NULL,	12,	26,	0,	13,	0,	0,	0,	0,	0,	167,	0,	0),
(292700,	144,	2,	NULL,	12,	32,	0,	13,	0,	0,	0,	0,	0,	189,	0,	0),
(292701,	145,	2,	NULL,	12,	34,	0,	13,	0,	0,	0,	0,	0,	199,	0,	0),
(292702,	146,	2,	NULL,	12,	35,	0,	16,	0,	0,	0,	0,	0,	220,	0,	0),
(292703,	147,	2,	NULL,	16,	36,	0,	10,	0,	0,	0,	0,	0,	201,	0,	0),
(292704,	148,	2,	NULL,	12,	36,	0,	16,	0,	0,	0,	0,	0,	218,	0,	0),
(292705,	149,	2,	NULL,	16,	31,	0,	13,	0,	0,	0,	0,	0,	188,	0,	0),
(292706,	150,	2,	NULL,	12,	34,	0,	13,	0,	0,	0,	0,	0,	199,	0,	0),
(292707,	1,	20,	NULL,	12,	30,	0,	19,	0,	0,	0,	0,	0,	210,	0,	0),
(292708,	2,	20,	NULL,	12,	28,	0,	12,	0,	0,	0,	0,	0,	174,	0,	0),
(292709,	3,	20,	NULL,	12,	36,	0,	12,	0,	0,	0,	0,	0,	211,	0,	0),
(292710,	4,	20,	NULL,	12,	29,	0,	16,	0,	0,	0,	0,	0,	191,	0,	0),
(292711,	5,	20,	NULL,	12,	33,	0,	15,	0,	0,	0,	0,	0,	204,	0,	0),
(292712,	6,	20,	NULL,	12,	32,	0,	15,	0,	0,	0,	0,	0,	207,	0,	0),
(292713,	7,	20,	NULL,	12,	31,	0,	13,	0,	0,	0,	0,	0,	187,	0,	0),
(292714,	8,	20,	NULL,	12,	28,	0,	14,	0,	0,	0,	0,	0,	185,	0,	0),
(292715,	9,	20,	NULL,	12,	34,	0,	13,	0,	0,	0,	0,	0,	207,	0,	0),
(292716,	10,	20,	NULL,	12,	34,	0,	14,	0,	0,	0,	0,	0,	209,	0,	0),
(292717,	11,	20,	NULL,	12,	38,	0,	14,	0,	0,	0,	0,	0,	229,	0,	0),
(292718,	12,	20,	NULL,	12,	29,	0,	15,	0,	0,	0,	0,	0,	188,	0,	0),
(292719,	13,	20,	NULL,	12,	27,	0,	17,	0,	0,	0,	0,	0,	187,	0,	0),
(292720,	14,	20,	NULL,	12,	33,	0,	13,	0,	0,	0,	0,	0,	201,	0,	0),
(292721,	15,	20,	NULL,	12,	26,	0,	14,	0,	0,	0,	0,	0,	168,	0,	0),
(292722,	16,	20,	NULL,	12,	30,	0,	15,	0,	0,	0,	0,	0,	198,	0,	0),
(292723,	17,	20,	NULL,	12,	33,	0,	12,	0,	0,	0,	0,	0,	196,	0,	0),
(292724,	18,	20,	NULL,	12,	37,	0,	16,	0,	0,	0,	0,	0,	231,	0,	0),
(292725,	19,	20,	NULL,	12,	37,	0,	13,	0,	0,	0,	0,	0,	216,	0,	0),
(292726,	20,	20,	NULL,	12,	28,	0,	16,	0,	0,	0,	0,	0,	187,	0,	0),
(292727,	21,	20,	NULL,	12,	36,	0,	19,	0,	0,	0,	0,	0,	240,	0,	0),
(292728,	22,	20,	NULL,	12,	36,	0,	15,	0,	0,	0,	0,	0,	224,	0,	0),
(292729,	23,	20,	NULL,	12,	35,	0,	16,	0,	0,	0,	0,	0,	224,	0,	0),
(292730,	24,	20,	NULL,	12,	30,	0,	13,	0,	0,	0,	0,	0,	181,	0,	0),
(292731,	25,	20,	NULL,	12,	36,	0,	19,	0,	0,	0,	0,	0,	242,	0,	0),
(292732,	26,	20,	NULL,	12,	26,	0,	14,	0,	0,	0,	0,	0,	170,	0,	0),
(292733,	27,	20,	NULL,	12,	33,	0,	17,	0,	0,	0,	0,	0,	214,	0,	0),
(292734,	28,	20,	NULL,	12,	27,	0,	12,	0,	0,	0,	0,	0,	167,	0,	0),
(292735,	29,	20,	NULL,	12,	30,	0,	18,	0,	0,	0,	0,	0,	211,	0,	0),
(292736,	30,	20,	NULL,	12,	34,	0,	15,	0,	0,	0,	0,	0,	210,	0,	0),
(292737,	31,	20,	NULL,	12,	32,	0,	14,	0,	0,	0,	0,	0,	193,	0,	0),
(292738,	32,	20,	NULL,	12,	31,	0,	16,	0,	0,	0,	0,	0,	201,	0,	0),
(292739,	33,	20,	NULL,	12,	31,	0,	17,	0,	0,	0,	0,	0,	205,	0,	0),
(292740,	34,	20,	NULL,	12,	21,	0,	13,	0,	0,	0,	0,	0,	144,	0,	0),
(292741,	35,	20,	NULL,	12,	35,	0,	15,	0,	0,	0,	0,	0,	218,	0,	0),
(292742,	36,	20,	NULL,	12,	31,	0,	18,	0,	0,	0,	0,	0,	212,	0,	0),
(292743,	37,	20,	NULL,	12,	30,	0,	15,	0,	0,	0,	0,	0,	191,	0,	0),
(292744,	38,	20,	NULL,	12,	36,	0,	13,	0,	0,	0,	0,	0,	206,	0,	0),
(292745,	39,	20,	NULL,	12,	35,	0,	10,	0,	0,	0,	0,	0,	194,	0,	0),
(292746,	40,	20,	NULL,	12,	30,	0,	18,	0,	0,	0,	0,	0,	204,	0,	0),
(292747,	41,	20,	NULL,	12,	31,	0,	16,	0,	0,	0,	0,	0,	207,	0,	0),
(292748,	42,	20,	NULL,	12,	31,	0,	12,	0,	0,	0,	0,	0,	181,	0,	0),
(292749,	43,	20,	NULL,	12,	24,	0,	15,	0,	0,	0,	0,	0,	170,	0,	0),
(292750,	44,	20,	NULL,	12,	34,	0,	16,	0,	0,	0,	0,	0,	218,	0,	0),
(292751,	45,	20,	NULL,	12,	38,	0,	15,	0,	0,	0,	0,	0,	225,	0,	0),
(292752,	46,	20,	NULL,	12,	32,	0,	14,	0,	0,	0,	0,	0,	202,	0,	0),
(292753,	47,	20,	NULL,	12,	43,	0,	14,	0,	0,	0,	0,	0,	249,	0,	0),
(292754,	48,	20,	NULL,	12,	24,	0,	13,	0,	0,	0,	0,	0,	160,	0,	0),
(292755,	49,	20,	NULL,	12,	35,	0,	15,	0,	0,	0,	0,	0,	214,	0,	0),
(292756,	50,	20,	NULL,	12,	29,	0,	18,	0,	0,	0,	0,	0,	207,	0,	0),
(292757,	51,	20,	NULL,	12,	33,	0,	15,	0,	0,	0,	0,	0,	209,	0,	0),
(292758,	52,	20,	NULL,	12,	37,	0,	10,	0,	0,	0,	0,	0,	207,	0,	0),
(292759,	53,	20,	NULL,	12,	29,	0,	17,	0,	0,	0,	0,	0,	195,	0,	0),
(292760,	54,	20,	NULL,	12,	32,	0,	13,	0,	0,	0,	0,	0,	191,	0,	0),
(292761,	55,	20,	NULL,	12,	30,	0,	16,	0,	0,	0,	0,	0,	195,	0,	0),
(292762,	56,	20,	NULL,	12,	25,	0,	16,	0,	0,	0,	0,	0,	179,	0,	0),
(292763,	57,	20,	NULL,	12,	25,	0,	17,	0,	0,	0,	0,	0,	183,	0,	0),
(292764,	58,	20,	NULL,	12,	36,	0,	16,	0,	0,	0,	0,	0,	225,	0,	0),
(292765,	59,	20,	NULL,	12,	29,	0,	14,	0,	0,	0,	0,	0,	184,	0,	0),
(292766,	60,	20,	NULL,	12,	27,	0,	17,	0,	0,	0,	0,	0,	192,	0,	0),
(292767,	61,	20,	NULL,	12,	33,	0,	16,	0,	0,	0,	0,	0,	208,	0,	0),
(292768,	62,	20,	NULL,	12,	20,	0,	15,	0,	0,	0,	0,	0,	154,	0,	0),
(292769,	63,	20,	NULL,	12,	36,	0,	17,	0,	0,	0,	0,	0,	227,	0,	0),
(292770,	64,	20,	NULL,	12,	22,	0,	16,	0,	0,	0,	0,	0,	161,	0,	0),
(292771,	65,	20,	NULL,	12,	28,	0,	18,	0,	0,	0,	0,	0,	195,	0,	0),
(292772,	66,	20,	NULL,	12,	35,	0,	13,	0,	0,	0,	0,	0,	207,	0,	0),
(292773,	67,	20,	NULL,	12,	38,	0,	17,	0,	0,	0,	0,	0,	235,	0,	0),
(292774,	68,	20,	NULL,	12,	33,	0,	15,	0,	0,	0,	0,	0,	211,	0,	0),
(292775,	69,	20,	NULL,	12,	27,	0,	16,	0,	0,	0,	0,	0,	189,	0,	0),
(292776,	70,	20,	NULL,	12,	25,	0,	18,	0,	0,	0,	0,	0,	189,	0,	0),
(292777,	71,	20,	NULL,	12,	25,	0,	16,	0,	0,	0,	0,	0,	179,	0,	0),
(292778,	72,	20,	NULL,	12,	25,	0,	15,	0,	0,	0,	0,	0,	173,	0,	0),
(292779,	73,	20,	NULL,	12,	32,	0,	16,	0,	0,	0,	0,	0,	207,	0,	0),
(292780,	74,	20,	NULL,	12,	34,	0,	13,	0,	0,	0,	0,	0,	203,	0,	0),
(292781,	75,	20,	NULL,	12,	35,	0,	15,	0,	0,	0,	0,	0,	214,	0,	0),
(292782,	76,	20,	NULL,	12,	37,	0,	12,	0,	0,	0,	0,	0,	208,	0,	0),
(292783,	77,	20,	NULL,	12,	25,	0,	14,	0,	0,	0,	0,	0,	168,	0,	0),
(292784,	78,	20,	NULL,	12,	32,	0,	18,	0,	0,	0,	0,	0,	210,	0,	0),
(292785,	79,	20,	NULL,	12,	28,	0,	14,	0,	0,	0,	0,	0,	185,	0,	0),
(292786,	80,	20,	NULL,	12,	34,	0,	19,	0,	0,	0,	0,	0,	229,	0,	0),
(292787,	81,	20,	NULL,	12,	29,	0,	17,	0,	0,	0,	0,	0,	201,	0,	0),
(292788,	82,	20,	NULL,	12,	37,	0,	15,	0,	0,	0,	0,	0,	220,	0,	0),
(292789,	83,	20,	NULL,	12,	38,	0,	13,	0,	0,	0,	0,	0,	222,	0,	0),
(292790,	84,	20,	NULL,	12,	35,	0,	18,	0,	0,	0,	0,	0,	229,	0,	0),
(292791,	85,	20,	NULL,	12,	26,	0,	17,	0,	0,	0,	0,	0,	189,	0,	0),
(292792,	86,	20,	NULL,	12,	32,	0,	14,	0,	0,	0,	0,	0,	195,	0,	0),
(292793,	87,	20,	NULL,	12,	29,	0,	15,	0,	0,	0,	0,	0,	187,	0,	0),
(292794,	88,	20,	NULL,	12,	33,	0,	12,	0,	0,	0,	0,	0,	198,	0,	0),
(292795,	89,	20,	NULL,	12,	29,	0,	15,	0,	0,	0,	0,	0,	192,	0,	0),
(292796,	90,	20,	NULL,	12,	36,	0,	13,	0,	0,	0,	0,	0,	210,	0,	0),
(292797,	91,	20,	NULL,	12,	33,	0,	15,	0,	0,	0,	0,	0,	211,	0,	0),
(292798,	92,	20,	NULL,	12,	26,	0,	17,	0,	0,	0,	0,	0,	181,	0,	0),
(292799,	93,	20,	NULL,	12,	35,	0,	15,	0,	0,	0,	0,	0,	216,	0,	0),
(292800,	94,	20,	NULL,	12,	27,	0,	18,	0,	0,	0,	0,	0,	193,	0,	0),
(292801,	95,	20,	NULL,	12,	32,	0,	14,	0,	0,	0,	0,	0,	193,	0,	0),
(292802,	96,	20,	NULL,	12,	30,	0,	17,	0,	0,	0,	0,	0,	203,	0,	0),
(292803,	97,	20,	NULL,	12,	26,	0,	16,	0,	0,	0,	0,	0,	181,	0,	0),
(292804,	98,	20,	NULL,	12,	25,	0,	15,	0,	0,	0,	0,	0,	174,	0,	0),
(292805,	99,	20,	NULL,	12,	35,	0,	14,	0,	0,	0,	0,	0,	210,	0,	0),
(292806,	100,	20,	NULL,	12,	31,	0,	13,	0,	0,	0,	0,	0,	187,	0,	0),
(292807,	101,	20,	NULL,	12,	34,	0,	14,	0,	0,	0,	0,	0,	207,	0,	0),
(292808,	102,	20,	NULL,	12,	36,	0,	15,	0,	0,	0,	0,	0,	214,	0,	0),
(292809,	103,	20,	NULL,	12,	34,	0,	13,	0,	0,	0,	0,	0,	205,	0,	0),
(292810,	104,	20,	NULL,	12,	29,	0,	16,	0,	0,	0,	0,	0,	193,	0,	0),
(292811,	105,	20,	NULL,	12,	24,	0,	14,	0,	0,	0,	0,	0,	167,	0,	0),
(292812,	106,	20,	NULL,	12,	25,	0,	17,	0,	0,	0,	0,	0,	183,	0,	0),
(292813,	107,	20,	NULL,	12,	30,	0,	15,	0,	0,	0,	0,	0,	194,	0,	0),
(292814,	108,	20,	NULL,	12,	29,	0,	17,	0,	0,	0,	0,	0,	202,	0,	0),
(292815,	109,	20,	NULL,	12,	25,	0,	17,	0,	0,	0,	0,	0,	176,	0,	0),
(292816,	110,	20,	NULL,	12,	36,	0,	17,	0,	0,	0,	0,	0,	225,	0,	0),
(292817,	111,	20,	NULL,	12,	31,	0,	13,	0,	0,	0,	0,	0,	188,	0,	0),
(292818,	112,	20,	NULL,	12,	27,	0,	14,	0,	0,	0,	0,	0,	172,	0,	0),
(292819,	113,	20,	NULL,	12,	27,	0,	13,	0,	0,	0,	0,	0,	168,	0,	0),
(292820,	114,	20,	NULL,	12,	28,	0,	13,	0,	0,	0,	0,	0,	177,	0,	0),
(292821,	115,	20,	NULL,	12,	34,	0,	17,	0,	0,	0,	0,	0,	214,	0,	0),
(292822,	116,	20,	NULL,	12,	28,	0,	15,	0,	0,	0,	0,	0,	181,	0,	0),
(292823,	117,	20,	NULL,	12,	31,	0,	14,	0,	0,	0,	0,	0,	196,	0,	0),
(292824,	118,	20,	NULL,	12,	38,	0,	14,	0,	0,	0,	0,	0,	229,	0,	0),
(292825,	119,	20,	NULL,	12,	32,	0,	17,	0,	0,	0,	0,	0,	214,	0,	0),
(292826,	120,	20,	NULL,	12,	33,	0,	17,	0,	0,	0,	0,	0,	214,	0,	0),
(292827,	121,	20,	NULL,	12,	33,	0,	14,	0,	0,	0,	0,	0,	207,	0,	0),
(292828,	122,	20,	NULL,	12,	28,	0,	14,	0,	0,	0,	0,	0,	183,	0,	0),
(292829,	123,	20,	NULL,	12,	26,	0,	14,	0,	0,	0,	0,	0,	170,	0,	0),
(292830,	124,	20,	NULL,	12,	20,	0,	16,	0,	0,	0,	0,	0,	153,	0,	0),
(292831,	125,	20,	NULL,	12,	31,	0,	15,	0,	0,	0,	0,	0,	202,	0,	0),
(292832,	126,	20,	NULL,	12,	25,	0,	18,	0,	0,	0,	0,	0,	184,	0,	0),
(292833,	127,	20,	NULL,	12,	33,	0,	15,	0,	0,	0,	0,	0,	202,	0,	0),
(292834,	128,	20,	NULL,	12,	24,	0,	14,	0,	0,	0,	0,	0,	160,	0,	0),
(292835,	129,	20,	NULL,	12,	39,	0,	16,	0,	0,	0,	0,	0,	240,	0,	0),
(292836,	130,	20,	NULL,	12,	28,	0,	15,	0,	0,	0,	0,	0,	189,	0,	0),
(292837,	131,	20,	NULL,	12,	33,	0,	17,	0,	0,	0,	0,	0,	216,	0,	0),
(292838,	132,	20,	NULL,	12,	25,	0,	13,	0,	0,	0,	0,	0,	163,	0,	0),
(292839,	133,	20,	NULL,	12,	29,	0,	16,	0,	0,	0,	0,	0,	196,	0,	0),
(292840,	134,	20,	NULL,	12,	30,	0,	19,	0,	0,	0,	0,	0,	212,	0,	0),
(292841,	135,	20,	NULL,	12,	36,	0,	14,	0,	0,	0,	0,	0,	210,	0,	0),
(292842,	136,	20,	NULL,	12,	34,	0,	13,	0,	0,	0,	0,	0,	199,	0,	0),
(292843,	137,	20,	NULL,	12,	25,	0,	16,	0,	0,	0,	0,	0,	172,	0,	0),
(292844,	138,	20,	NULL,	12,	27,	0,	18,	0,	0,	0,	0,	0,	196,	0,	0),
(292845,	139,	20,	NULL,	12,	33,	0,	19,	0,	0,	0,	0,	0,	229,	0,	0),
(292846,	140,	20,	NULL,	12,	35,	0,	15,	0,	0,	0,	0,	0,	212,	0,	0),
(292847,	141,	20,	NULL,	12,	36,	0,	17,	0,	0,	0,	0,	0,	223,	0,	0),
(292848,	142,	20,	NULL,	12,	28,	0,	16,	0,	0,	0,	0,	0,	190,	0,	0),
(292849,	143,	20,	NULL,	12,	25,	0,	12,	0,	0,	0,	0,	0,	163,	0,	0),
(292850,	144,	20,	NULL,	12,	32,	0,	14,	0,	0,	0,	0,	0,	193,	0,	0),
(292851,	145,	20,	NULL,	12,	23,	0,	11,	0,	0,	0,	0,	0,	150,	0,	0),
(292852,	146,	20,	NULL,	12,	31,	0,	18,	0,	0,	0,	0,	0,	214,	0,	0),
(292853,	147,	20,	NULL,	12,	27,	0,	15,	0,	0,	0,	0,	0,	176,	0,	0),
(292854,	148,	20,	NULL,	12,	26,	0,	14,	0,	0,	0,	0,	0,	174,	0,	0),
(292855,	149,	20,	NULL,	12,	27,	0,	18,	0,	0,	0,	0,	0,	198,	0,	0),
(292856,	150,	20,	NULL,	12,	37,	0,	15,	0,	0,	0,	0,	0,	220,	0,	0),
(293007,	1,	7,	NULL,	12,	26,	0,	12,	0,	0,	0,	0,	0,	164,	0,	0),
(293008,	2,	7,	NULL,	12,	28,	0,	8,	0,	0,	0,	0,	0,	153,	0,	0),
(293009,	3,	7,	NULL,	12,	17,	0,	10,	0,	0,	0,	0,	0,	113,	0,	0),
(293010,	4,	7,	NULL,	12,	26,	0,	15,	0,	0,	0,	0,	0,	177,	0,	0),
(293011,	5,	7,	NULL,	12,	25,	0,	10,	0,	0,	0,	0,	0,	147,	0,	0),
(293012,	6,	7,	NULL,	12,	23,	0,	11,	0,	0,	0,	0,	0,	144,	0,	0),
(293013,	7,	7,	NULL,	12,	19,	0,	10,	0,	0,	0,	0,	0,	123,	0,	0),
(293014,	8,	7,	NULL,	12,	28,	0,	11,	0,	0,	0,	0,	0,	168,	0,	0),
(293015,	9,	7,	NULL,	12,	24,	0,	14,	0,	0,	0,	0,	0,	166,	0,	0),
(293016,	10,	7,	NULL,	12,	21,	0,	9,	0,	0,	0,	0,	0,	130,	0,	0),
(293017,	11,	7,	NULL,	12,	26,	0,	13,	0,	0,	0,	0,	0,	167,	0,	0),
(293018,	12,	7,	NULL,	12,	30,	0,	9,	0,	0,	0,	0,	0,	170,	0,	0),
(293019,	13,	7,	NULL,	12,	21,	0,	9,	0,	0,	0,	0,	0,	132,	0,	0),
(293020,	14,	7,	NULL,	12,	26,	0,	8,	0,	0,	0,	0,	0,	146,	0,	0),
(293021,	15,	7,	NULL,	12,	30,	0,	10,	0,	0,	0,	0,	0,	170,	0,	0),
(293022,	16,	7,	NULL,	12,	20,	0,	12,	0,	0,	0,	0,	0,	136,	0,	0),
(293023,	17,	7,	NULL,	12,	23,	0,	10,	0,	0,	0,	0,	0,	143,	0,	0),
(293024,	18,	7,	NULL,	12,	18,	0,	13,	0,	0,	0,	0,	0,	136,	0,	0),
(293025,	19,	7,	NULL,	12,	23,	0,	13,	0,	0,	0,	0,	0,	157,	0,	0),
(293026,	20,	7,	NULL,	12,	33,	0,	14,	0,	0,	0,	0,	0,	207,	0,	0),
(293027,	21,	7,	NULL,	12,	26,	0,	13,	0,	0,	0,	0,	0,	165,	0,	0),
(293028,	22,	7,	NULL,	12,	18,	0,	11,	0,	0,	0,	0,	0,	124,	0,	0),
(293029,	23,	7,	NULL,	12,	25,	0,	11,	0,	0,	0,	0,	0,	157,	0,	0),
(293030,	24,	7,	NULL,	12,	22,	0,	12,	0,	0,	0,	0,	0,	143,	0,	0),
(293031,	25,	7,	NULL,	12,	30,	0,	10,	0,	0,	0,	0,	0,	173,	0,	0),
(293032,	26,	7,	NULL,	12,	22,	0,	11,	0,	0,	0,	0,	0,	140,	0,	0),
(293033,	27,	7,	NULL,	12,	24,	0,	8,	0,	0,	0,	0,	0,	137,	0,	0),
(293034,	28,	7,	NULL,	12,	24,	0,	10,	0,	0,	0,	0,	0,	147,	0,	0),
(293035,	29,	7,	NULL,	12,	21,	0,	12,	0,	0,	0,	0,	0,	145,	0,	0),
(293036,	30,	7,	NULL,	12,	17,	0,	10,	0,	0,	0,	0,	0,	117,	0,	0),
(293037,	31,	7,	NULL,	12,	21,	0,	8,	0,	0,	0,	0,	0,	128,	0,	0),
(293038,	32,	7,	NULL,	12,	19,	0,	11,	0,	0,	0,	0,	0,	130,	0,	0),
(293039,	33,	7,	NULL,	12,	21,	0,	11,	0,	0,	0,	0,	0,	141,	0,	0),
(293040,	34,	7,	NULL,	12,	28,	0,	10,	0,	0,	0,	0,	0,	163,	0,	0),
(293041,	35,	7,	NULL,	12,	27,	0,	12,	0,	0,	0,	0,	0,	167,	0,	0),
(293042,	36,	7,	NULL,	12,	26,	0,	10,	0,	0,	0,	0,	0,	153,	0,	0),
(293043,	37,	7,	NULL,	12,	27,	0,	13,	0,	0,	0,	0,	0,	170,	0,	0),
(293044,	38,	7,	NULL,	12,	34,	0,	12,	0,	0,	0,	0,	0,	197,	0,	0),
(293045,	39,	7,	NULL,	12,	24,	0,	13,	0,	0,	0,	0,	0,	161,	0,	0),
(293046,	40,	7,	NULL,	12,	17,	0,	12,	0,	0,	0,	0,	0,	125,	0,	0),
(293047,	41,	7,	NULL,	12,	19,	0,	13,	0,	0,	0,	0,	0,	136,	0,	0),
(293048,	42,	7,	NULL,	12,	22,	0,	12,	0,	0,	0,	0,	0,	143,	0,	0),
(293049,	43,	7,	NULL,	12,	22,	0,	10,	0,	0,	0,	0,	0,	136,	0,	0),
(293050,	44,	7,	NULL,	12,	15,	0,	11,	0,	0,	0,	0,	0,	110,	0,	0),
(293051,	45,	7,	NULL,	12,	20,	0,	12,	0,	0,	0,	0,	0,	138,	0,	0),
(293052,	46,	7,	NULL,	12,	21,	0,	11,	0,	0,	0,	0,	0,	138,	0,	0),
(293053,	47,	7,	NULL,	12,	20,	0,	10,	0,	0,	0,	0,	0,	126,	0,	0),
(293054,	48,	7,	NULL,	12,	24,	0,	13,	0,	0,	0,	0,	0,	161,	0,	0),
(293055,	49,	7,	NULL,	12,	24,	0,	11,	0,	0,	0,	0,	0,	150,	0,	0),
(293056,	50,	7,	NULL,	12,	30,	0,	10,	0,	0,	0,	0,	0,	171,	0,	0),
(293057,	51,	7,	NULL,	12,	26,	0,	9,	0,	0,	0,	0,	0,	154,	0,	0),
(293058,	52,	7,	NULL,	12,	30,	0,	9,	0,	0,	0,	0,	0,	170,	0,	0),
(293059,	53,	7,	NULL,	12,	22,	0,	12,	0,	0,	0,	0,	0,	148,	0,	0),
(293060,	54,	7,	NULL,	12,	21,	0,	10,	0,	0,	0,	0,	0,	136,	0,	0),
(293061,	55,	7,	NULL,	12,	22,	0,	14,	0,	0,	0,	0,	0,	153,	0,	0),
(293062,	56,	7,	NULL,	12,	21,	0,	11,	0,	0,	0,	0,	0,	141,	0,	0),
(293063,	57,	7,	NULL,	12,	23,	0,	11,	0,	0,	0,	0,	0,	143,	0,	0),
(293064,	58,	7,	NULL,	12,	31,	0,	10,	0,	0,	0,	0,	0,	174,	0,	0),
(293065,	59,	7,	NULL,	12,	27,	0,	12,	0,	0,	0,	0,	0,	165,	0,	0),
(293066,	60,	7,	NULL,	12,	24,	0,	13,	0,	0,	0,	0,	0,	158,	0,	0),
(293067,	61,	7,	NULL,	12,	23,	0,	14,	0,	0,	0,	0,	0,	155,	0,	0),
(293068,	62,	7,	NULL,	12,	22,	0,	12,	0,	0,	0,	0,	0,	147,	0,	0),
(293069,	63,	7,	NULL,	12,	21,	0,	11,	0,	0,	0,	0,	0,	140,	0,	0),
(293070,	64,	7,	NULL,	12,	25,	0,	13,	0,	0,	0,	0,	0,	163,	0,	0),
(293071,	65,	7,	NULL,	12,	22,	0,	10,	0,	0,	0,	0,	0,	137,	0,	0),
(293072,	66,	7,	NULL,	12,	28,	0,	10,	0,	0,	0,	0,	0,	167,	0,	0),
(293073,	67,	7,	NULL,	12,	16,	0,	9,	0,	0,	0,	0,	0,	106,	0,	0),
(293074,	68,	7,	NULL,	12,	22,	0,	12,	0,	0,	0,	0,	0,	147,	0,	0),
(293075,	69,	7,	NULL,	12,	22,	0,	11,	0,	0,	0,	0,	0,	143,	0,	0),
(293076,	70,	7,	NULL,	12,	26,	0,	9,	0,	0,	0,	0,	0,	153,	0,	0),
(293077,	71,	7,	NULL,	12,	29,	0,	12,	0,	0,	0,	0,	0,	177,	0,	0),
(293078,	72,	7,	NULL,	12,	22,	0,	12,	0,	0,	0,	0,	0,	146,	0,	0),
(293079,	73,	7,	NULL,	12,	23,	0,	11,	0,	0,	0,	0,	0,	148,	0,	0),
(293080,	74,	7,	NULL,	12,	24,	0,	10,	0,	0,	0,	0,	0,	144,	0,	0),
(293081,	75,	7,	NULL,	12,	24,	0,	7,	0,	0,	0,	0,	0,	130,	0,	0),
(293082,	76,	7,	NULL,	12,	19,	0,	11,	0,	0,	0,	0,	0,	132,	0,	0),
(293083,	77,	7,	NULL,	12,	27,	0,	10,	0,	0,	0,	0,	0,	161,	0,	0),
(293084,	78,	7,	NULL,	12,	18,	0,	13,	0,	0,	0,	0,	0,	131,	0,	0),
(293085,	79,	7,	NULL,	12,	26,	0,	12,	0,	0,	0,	0,	0,	161,	0,	0),
(293086,	80,	7,	NULL,	12,	22,	0,	11,	0,	0,	0,	0,	0,	145,	0,	0),
(293087,	81,	7,	NULL,	12,	20,	0,	9,	0,	0,	0,	0,	0,	126,	0,	0),
(293088,	82,	7,	NULL,	12,	25,	0,	11,	0,	0,	0,	0,	0,	154,	0,	0),
(293089,	83,	7,	NULL,	12,	20,	0,	11,	0,	0,	0,	0,	0,	131,	0,	0),
(293090,	84,	7,	NULL,	12,	22,	0,	9,	0,	0,	0,	0,	0,	136,	0,	0),
(293091,	85,	7,	NULL,	12,	29,	0,	11,	0,	0,	0,	0,	0,	171,	0,	0),
(293092,	86,	7,	NULL,	12,	31,	0,	10,	0,	0,	0,	0,	0,	179,	0,	0),
(293093,	87,	7,	NULL,	12,	28,	0,	10,	0,	0,	0,	0,	0,	160,	0,	0),
(293094,	88,	7,	NULL,	12,	22,	0,	13,	0,	0,	0,	0,	0,	147,	0,	0),
(293095,	89,	7,	NULL,	12,	22,	0,	11,	0,	0,	0,	0,	0,	141,	0,	0),
(293096,	90,	7,	NULL,	12,	22,	0,	10,	0,	0,	0,	0,	0,	134,	0,	0),
(293097,	91,	7,	NULL,	12,	18,	0,	9,	0,	0,	0,	0,	0,	118,	0,	0),
(293098,	92,	7,	NULL,	12,	27,	0,	12,	0,	0,	0,	0,	0,	168,	0,	0),
(293099,	93,	7,	NULL,	12,	22,	0,	12,	0,	0,	0,	0,	0,	150,	0,	0),
(293100,	94,	7,	NULL,	12,	24,	0,	11,	0,	0,	0,	0,	0,	150,	0,	0),
(293101,	95,	7,	NULL,	12,	25,	0,	10,	0,	0,	0,	0,	0,	147,	0,	0),
(293102,	96,	7,	NULL,	12,	22,	0,	14,	0,	0,	0,	0,	0,	157,	0,	0),
(293103,	97,	7,	NULL,	12,	25,	0,	11,	0,	0,	0,	0,	0,	158,	0,	0),
(293104,	98,	7,	NULL,	12,	19,	0,	9,	0,	0,	0,	0,	0,	119,	0,	0),
(293105,	99,	7,	NULL,	12,	23,	0,	13,	0,	0,	0,	0,	0,	158,	0,	0),
(293106,	100,	7,	NULL,	12,	28,	0,	12,	0,	0,	0,	0,	0,	170,	0,	0),
(293107,	101,	7,	NULL,	12,	25,	0,	9,	0,	0,	0,	0,	0,	147,	0,	0),
(293108,	102,	7,	NULL,	12,	31,	0,	15,	0,	0,	0,	0,	0,	195,	0,	0),
(293109,	103,	7,	NULL,	12,	20,	0,	11,	0,	0,	0,	0,	0,	130,	0,	0),
(293110,	104,	7,	NULL,	12,	25,	0,	11,	0,	0,	0,	0,	0,	156,	0,	0),
(293111,	105,	7,	NULL,	12,	25,	0,	8,	0,	0,	0,	0,	0,	144,	0,	0),
(293112,	106,	7,	NULL,	12,	23,	0,	9,	0,	0,	0,	0,	0,	136,	0,	0),
(293113,	107,	7,	NULL,	12,	22,	0,	11,	0,	0,	0,	0,	0,	145,	0,	0),
(293114,	108,	7,	NULL,	12,	25,	0,	11,	0,	0,	0,	0,	0,	153,	0,	0),
(293115,	109,	7,	NULL,	12,	21,	0,	12,	0,	0,	0,	0,	0,	143,	0,	0),
(293116,	110,	7,	NULL,	14,	27,	0,	10,	0,	0,	0,	0,	0,	161,	0,	0),
(293117,	111,	7,	NULL,	14,	25,	0,	10,	0,	0,	0,	0,	0,	148,	0,	0),
(293118,	112,	7,	NULL,	14,	21,	0,	10,	0,	0,	0,	0,	0,	136,	0,	0),
(293119,	113,	7,	NULL,	12,	22,	0,	10,	0,	0,	0,	0,	0,	138,	0,	0),
(293120,	114,	7,	NULL,	12,	20,	0,	10,	0,	0,	0,	0,	0,	126,	0,	0),
(293121,	115,	7,	NULL,	12,	26,	0,	9,	0,	0,	0,	0,	0,	154,	0,	0),
(293122,	116,	7,	NULL,	12,	27,	0,	12,	0,	0,	0,	0,	0,	167,	0,	0),
(293123,	117,	7,	NULL,	12,	33,	0,	12,	0,	0,	0,	0,	0,	198,	0,	0),
(293124,	118,	7,	NULL,	12,	27,	0,	12,	0,	0,	0,	0,	0,	167,	0,	0),
(293125,	119,	7,	NULL,	12,	22,	0,	12,	0,	0,	0,	0,	0,	150,	0,	0),
(293126,	120,	7,	NULL,	12,	31,	0,	10,	0,	0,	0,	0,	0,	177,	0,	0),
(293127,	121,	7,	NULL,	12,	22,	0,	9,	0,	0,	0,	0,	0,	133,	0,	0),
(293128,	122,	7,	NULL,	12,	19,	0,	12,	0,	0,	0,	0,	0,	131,	0,	0),
(293129,	123,	7,	NULL,	12,	21,	0,	11,	0,	0,	0,	0,	0,	138,	0,	0),
(293130,	124,	7,	NULL,	12,	25,	0,	11,	0,	0,	0,	0,	0,	151,	0,	0),
(293131,	125,	7,	NULL,	12,	21,	0,	12,	0,	0,	0,	0,	0,	139,	0,	0),
(293132,	126,	7,	NULL,	12,	23,	0,	9,	0,	0,	0,	0,	0,	136,	0,	0),
(293133,	127,	7,	NULL,	12,	21,	0,	12,	0,	0,	0,	0,	0,	144,	0,	0),
(293134,	128,	7,	NULL,	12,	24,	0,	13,	0,	0,	0,	0,	0,	160,	0,	0),
(293135,	129,	7,	NULL,	12,	23,	0,	11,	0,	0,	0,	0,	0,	148,	0,	0),
(293136,	130,	7,	NULL,	12,	25,	0,	11,	0,	0,	0,	0,	0,	158,	0,	0),
(293137,	131,	7,	NULL,	12,	25,	0,	13,	0,	0,	0,	0,	0,	161,	0,	0),
(293138,	132,	7,	NULL,	12,	27,	0,	12,	0,	0,	0,	0,	0,	168,	0,	0),
(293139,	133,	7,	NULL,	12,	19,	0,	11,	0,	0,	0,	0,	0,	131,	0,	0),
(293140,	134,	7,	NULL,	12,	28,	0,	15,	0,	0,	0,	0,	0,	186,	0,	0),
(293141,	135,	7,	NULL,	12,	25,	0,	12,	0,	0,	0,	0,	0,	160,	0,	0),
(293142,	136,	7,	NULL,	12,	23,	0,	11,	0,	0,	0,	0,	0,	148,	0,	0),
(293143,	137,	7,	NULL,	12,	22,	0,	10,	0,	0,	0,	0,	0,	137,	0,	0),
(293144,	138,	7,	NULL,	12,	24,	0,	12,	0,	0,	0,	0,	0,	153,	0,	0),
(293145,	139,	7,	NULL,	12,	31,	0,	10,	0,	0,	0,	0,	0,	179,	0,	0),
(293146,	140,	7,	NULL,	12,	27,	0,	8,	0,	0,	0,	0,	0,	153,	0,	0),
(293147,	141,	7,	NULL,	12,	28,	0,	9,	0,	0,	0,	0,	0,	158,	0,	0),
(293148,	142,	7,	NULL,	12,	22,	0,	13,	0,	0,	0,	0,	0,	147,	0,	0),
(293149,	143,	7,	NULL,	12,	23,	0,	11,	0,	0,	0,	0,	0,	150,	0,	0),
(293150,	144,	7,	NULL,	14,	23,	0,	8,	0,	0,	0,	0,	0,	130,	0,	0),
(293151,	145,	7,	NULL,	14,	24,	0,	9,	0,	0,	0,	0,	0,	145,	0,	0),
(293152,	146,	7,	NULL,	14,	27,	0,	10,	0,	0,	0,	0,	0,	161,	0,	0),
(293153,	147,	7,	NULL,	12,	26,	0,	12,	0,	0,	0,	0,	0,	166,	0,	0),
(293154,	148,	7,	NULL,	12,	32,	0,	10,	0,	0,	0,	0,	0,	185,	0,	0),
(293155,	149,	7,	NULL,	12,	21,	0,	11,	0,	0,	0,	0,	0,	138,	0,	0),
(293156,	150,	7,	NULL,	12,	26,	0,	11,	0,	0,	0,	0,	0,	160,	0,	0),
(293157,	1,	17,	NULL,	12,	23,	0,	11,	0,	0,	0,	0,	0,	146,	0,	0),
(293158,	2,	17,	NULL,	12,	26,	0,	12,	0,	0,	0,	0,	0,	160,	0,	0),
(293159,	3,	17,	NULL,	12,	28,	0,	9,	0,	0,	0,	0,	0,	163,	0,	0),
(293160,	4,	17,	NULL,	12,	24,	0,	10,	0,	0,	0,	0,	0,	147,	0,	0),
(293161,	5,	17,	NULL,	12,	18,	0,	10,	0,	0,	0,	0,	0,	121,	0,	0),
(293162,	6,	17,	NULL,	12,	28,	0,	11,	0,	0,	0,	0,	0,	172,	0,	0),
(293163,	7,	17,	NULL,	12,	25,	0,	12,	0,	0,	0,	0,	0,	155,	0,	0),
(293164,	8,	17,	NULL,	12,	26,	0,	10,	0,	0,	0,	0,	0,	151,	0,	0),
(293165,	9,	17,	NULL,	12,	30,	0,	14,	0,	0,	0,	0,	0,	187,	0,	0),
(293166,	10,	17,	NULL,	12,	20,	0,	14,	0,	0,	0,	0,	0,	143,	0,	0),
(293167,	11,	17,	NULL,	12,	24,	0,	12,	0,	0,	0,	0,	0,	156,	0,	0),
(293168,	12,	17,	NULL,	12,	29,	0,	9,	0,	0,	0,	0,	0,	161,	0,	0),
(293169,	13,	17,	NULL,	12,	20,	0,	12,	0,	0,	0,	0,	0,	136,	0,	0),
(293170,	14,	17,	NULL,	12,	24,	0,	11,	0,	0,	0,	0,	0,	147,	0,	0),
(293171,	15,	17,	NULL,	12,	34,	0,	11,	0,	0,	0,	0,	0,	189,	0,	0),
(293172,	16,	17,	NULL,	12,	25,	0,	11,	0,	0,	0,	0,	0,	158,	0,	0),
(293173,	17,	17,	NULL,	12,	24,	0,	10,	0,	0,	0,	0,	0,	143,	0,	0),
(293174,	18,	17,	NULL,	12,	19,	0,	13,	0,	0,	0,	0,	0,	140,	0,	0),
(293175,	19,	17,	NULL,	12,	29,	0,	9,	0,	0,	0,	0,	0,	164,	0,	0),
(293176,	20,	17,	NULL,	12,	27,	0,	13,	0,	0,	0,	0,	0,	171,	0,	0),
(293177,	21,	17,	NULL,	12,	21,	0,	9,	0,	0,	0,	0,	0,	126,	0,	0),
(293178,	22,	17,	NULL,	12,	26,	0,	11,	0,	0,	0,	0,	0,	155,	0,	0),
(293179,	23,	17,	NULL,	12,	20,	0,	11,	0,	0,	0,	0,	0,	134,	0,	0),
(293180,	24,	17,	NULL,	12,	25,	0,	12,	0,	0,	0,	0,	0,	163,	0,	0),
(293181,	25,	17,	NULL,	12,	24,	0,	10,	0,	0,	0,	0,	0,	144,	0,	0),
(293182,	26,	17,	NULL,	12,	27,	0,	12,	0,	0,	0,	0,	0,	168,	0,	0),
(293183,	27,	17,	NULL,	12,	26,	0,	10,	0,	0,	0,	0,	0,	158,	0,	0),
(293184,	28,	17,	NULL,	12,	25,	0,	10,	0,	0,	0,	0,	0,	154,	0,	0),
(293185,	29,	17,	NULL,	12,	20,	0,	11,	0,	0,	0,	0,	0,	135,	0,	0),
(293186,	30,	17,	NULL,	12,	26,	0,	9,	0,	0,	0,	0,	0,	154,	0,	0),
(293187,	31,	17,	NULL,	12,	25,	0,	10,	0,	0,	0,	0,	0,	150,	0,	0),
(293188,	32,	17,	NULL,	12,	21,	0,	11,	0,	0,	0,	0,	0,	134,	0,	0),
(293189,	33,	17,	NULL,	12,	26,	0,	13,	0,	0,	0,	0,	0,	165,	0,	0),
(293190,	34,	17,	NULL,	12,	26,	0,	9,	0,	0,	0,	0,	0,	153,	0,	0),
(293191,	35,	17,	NULL,	12,	26,	0,	11,	0,	0,	0,	0,	0,	160,	0,	0),
(293192,	36,	17,	NULL,	12,	28,	0,	11,	0,	0,	0,	0,	0,	172,	0,	0),
(293193,	37,	17,	NULL,	12,	22,	0,	11,	0,	0,	0,	0,	0,	140,	0,	0),
(293194,	38,	17,	NULL,	12,	28,	0,	14,	0,	0,	0,	0,	0,	185,	0,	0),
(293195,	39,	17,	NULL,	12,	30,	0,	12,	0,	0,	0,	0,	0,	181,	0,	0),
(293196,	40,	17,	NULL,	12,	29,	0,	10,	0,	0,	0,	0,	0,	172,	0,	0),
(293197,	41,	17,	NULL,	12,	22,	0,	10,	0,	0,	0,	0,	0,	141,	0,	0),
(293198,	42,	17,	NULL,	12,	27,	0,	13,	0,	0,	0,	0,	0,	174,	0,	0),
(293199,	43,	17,	NULL,	12,	21,	0,	15,	0,	0,	0,	0,	0,	157,	0,	0),
(293200,	44,	17,	NULL,	12,	21,	0,	12,	0,	0,	0,	0,	0,	144,	0,	0),
(293201,	45,	17,	NULL,	12,	24,	0,	11,	0,	0,	0,	0,	0,	151,	0,	0),
(293202,	46,	17,	NULL,	12,	17,	0,	12,	0,	0,	0,	0,	0,	125,	0,	0),
(293203,	47,	17,	NULL,	12,	29,	0,	10,	0,	0,	0,	0,	0,	168,	0,	0),
(293204,	48,	17,	NULL,	12,	25,	0,	13,	0,	0,	0,	0,	0,	161,	0,	0),
(293205,	49,	17,	NULL,	12,	23,	0,	13,	0,	0,	0,	0,	0,	158,	0,	0),
(293206,	50,	17,	NULL,	12,	23,	0,	12,	0,	0,	0,	0,	0,	148,	0,	0),
(293207,	51,	17,	NULL,	12,	30,	0,	12,	0,	0,	0,	0,	0,	185,	0,	0),
(293208,	52,	17,	NULL,	12,	24,	0,	13,	0,	0,	0,	0,	0,	157,	0,	0),
(293209,	53,	17,	NULL,	12,	27,	0,	13,	0,	0,	0,	0,	0,	176,	0,	0),
(293210,	54,	17,	NULL,	12,	23,	0,	7,	0,	0,	0,	0,	0,	127,	0,	0),
(293211,	55,	17,	NULL,	12,	18,	0,	11,	0,	0,	0,	0,	0,	126,	0,	0),
(293212,	56,	17,	NULL,	12,	28,	0,	12,	0,	0,	0,	0,	0,	174,	0,	0),
(293213,	57,	17,	NULL,	12,	25,	0,	13,	0,	0,	0,	0,	0,	167,	0,	0),
(293214,	58,	17,	NULL,	12,	27,	0,	11,	0,	0,	0,	0,	0,	161,	0,	0),
(293215,	59,	17,	NULL,	12,	24,	0,	9,	0,	0,	0,	0,	0,	143,	0,	0),
(293216,	60,	17,	NULL,	12,	24,	0,	14,	0,	0,	0,	0,	0,	163,	0,	0),
(293217,	61,	17,	NULL,	12,	29,	0,	10,	0,	0,	0,	0,	0,	170,	0,	0),
(293218,	62,	17,	NULL,	12,	18,	0,	11,	0,	0,	0,	0,	0,	123,	0,	0),
(293219,	63,	17,	NULL,	12,	27,	0,	13,	0,	0,	0,	0,	0,	168,	0,	0),
(293220,	64,	17,	NULL,	12,	26,	0,	11,	0,	0,	0,	0,	0,	163,	0,	0),
(293221,	65,	17,	NULL,	12,	24,	0,	8,	0,	0,	0,	0,	0,	137,	0,	0),
(293222,	66,	17,	NULL,	12,	24,	0,	10,	0,	0,	0,	0,	0,	150,	0,	0),
(293223,	67,	17,	NULL,	12,	20,	0,	10,	0,	0,	0,	0,	0,	127,	0,	0),
(293224,	68,	17,	NULL,	12,	21,	0,	9,	0,	0,	0,	0,	0,	126,	0,	0),
(293225,	69,	17,	NULL,	12,	25,	0,	12,	0,	0,	0,	0,	0,	160,	0,	0),
(293226,	70,	17,	NULL,	12,	22,	0,	12,	0,	0,	0,	0,	0,	143,	0,	0),
(293227,	71,	17,	NULL,	12,	24,	0,	14,	0,	0,	0,	0,	0,	164,	0,	0),
(293228,	72,	17,	NULL,	12,	26,	0,	14,	0,	0,	0,	0,	0,	174,	0,	0),
(293229,	73,	17,	NULL,	12,	24,	0,	11,	0,	0,	0,	0,	0,	151,	0,	0),
(293230,	74,	17,	NULL,	12,	21,	0,	12,	0,	0,	0,	0,	0,	140,	0,	0),
(293231,	75,	17,	NULL,	12,	32,	0,	13,	0,	0,	0,	0,	0,	198,	0,	0),
(293232,	76,	17,	NULL,	12,	31,	0,	15,	0,	0,	0,	0,	0,	197,	0,	0),
(293233,	77,	17,	NULL,	12,	28,	0,	13,	0,	0,	0,	0,	0,	174,	0,	0),
(293234,	78,	17,	NULL,	12,	28,	0,	13,	0,	0,	0,	0,	0,	174,	0,	0),
(293235,	79,	17,	NULL,	12,	26,	0,	10,	0,	0,	0,	0,	0,	151,	0,	0),
(293236,	80,	17,	NULL,	12,	25,	0,	12,	0,	0,	0,	0,	0,	155,	0,	0),
(293237,	81,	17,	NULL,	12,	28,	0,	11,	0,	0,	0,	0,	0,	168,	0,	0),
(293238,	82,	17,	NULL,	12,	31,	0,	10,	0,	0,	0,	0,	0,	172,	0,	0),
(293239,	83,	17,	NULL,	12,	23,	0,	11,	0,	0,	0,	0,	0,	146,	0,	0),
(293240,	84,	17,	NULL,	12,	19,	0,	9,	0,	0,	0,	0,	0,	118,	0,	0),
(293241,	85,	17,	NULL,	12,	23,	0,	9,	0,	0,	0,	0,	0,	138,	0,	0),
(293242,	86,	17,	NULL,	12,	25,	0,	11,	0,	0,	0,	0,	0,	151,	0,	0),
(293243,	87,	17,	NULL,	12,	16,	0,	13,	0,	0,	0,	0,	0,	128,	0,	0),
(293244,	88,	17,	NULL,	12,	22,	0,	13,	0,	0,	0,	0,	0,	151,	0,	0),
(293245,	89,	17,	NULL,	12,	22,	0,	11,	0,	0,	0,	0,	0,	140,	0,	0),
(293246,	90,	17,	NULL,	12,	26,	0,	9,	0,	0,	0,	0,	0,	148,	0,	0),
(293247,	91,	17,	NULL,	12,	26,	0,	9,	0,	0,	0,	0,	0,	147,	0,	0),
(293248,	92,	17,	NULL,	12,	27,	0,	9,	0,	0,	0,	0,	0,	153,	0,	0),
(293249,	93,	17,	NULL,	12,	22,	0,	8,	0,	0,	0,	0,	0,	128,	0,	0),
(293250,	94,	17,	NULL,	12,	23,	0,	12,	0,	0,	0,	0,	0,	151,	0,	0),
(293251,	95,	17,	NULL,	12,	18,	0,	12,	0,	0,	0,	0,	0,	126,	0,	0),
(293252,	96,	17,	NULL,	12,	24,	0,	11,	0,	0,	0,	0,	0,	150,	0,	0),
(293253,	97,	17,	NULL,	12,	32,	0,	10,	0,	0,	0,	0,	0,	181,	0,	0),
(293254,	98,	17,	NULL,	12,	24,	0,	12,	0,	0,	0,	0,	0,	153,	0,	0),
(293255,	99,	17,	NULL,	12,	21,	0,	9,	0,	0,	0,	0,	0,	128,	0,	0),
(293256,	100,	17,	NULL,	12,	25,	0,	14,	0,	0,	0,	0,	0,	164,	0,	0),
(293257,	101,	17,	NULL,	12,	28,	0,	11,	0,	0,	0,	0,	0,	164,	0,	0),
(293258,	102,	17,	NULL,	12,	26,	0,	10,	0,	0,	0,	0,	0,	156,	0,	0),
(293259,	103,	17,	NULL,	12,	25,	0,	11,	0,	0,	0,	0,	0,	158,	0,	0),
(293260,	104,	17,	NULL,	12,	24,	0,	12,	0,	0,	0,	0,	0,	154,	0,	0),
(293261,	105,	17,	NULL,	12,	26,	0,	11,	0,	0,	0,	0,	0,	161,	0,	0),
(293262,	106,	17,	NULL,	12,	26,	0,	13,	0,	0,	0,	0,	0,	170,	0,	0),
(293263,	107,	17,	NULL,	12,	21,	0,	11,	0,	0,	0,	0,	0,	140,	0,	0),
(293264,	108,	17,	NULL,	12,	19,	0,	10,	0,	0,	0,	0,	0,	122,	0,	0),
(293265,	109,	17,	NULL,	12,	29,	0,	12,	0,	0,	0,	0,	0,	172,	0,	0),
(293266,	110,	17,	NULL,	12,	23,	0,	12,	0,	0,	0,	0,	0,	150,	0,	0),
(293267,	111,	17,	NULL,	12,	24,	0,	15,	0,	0,	0,	0,	0,	168,	0,	0),
(293268,	112,	17,	NULL,	12,	25,	0,	12,	0,	0,	0,	0,	0,	161,	0,	0),
(293269,	113,	17,	NULL,	12,	20,	0,	11,	0,	0,	0,	0,	0,	134,	0,	0),
(293270,	114,	17,	NULL,	12,	18,	0,	11,	0,	0,	0,	0,	0,	123,	0,	0),
(293271,	115,	17,	NULL,	12,	24,	0,	11,	0,	0,	0,	0,	0,	153,	0,	0),
(293272,	116,	17,	NULL,	12,	25,	0,	13,	0,	0,	0,	0,	0,	166,	0,	0),
(293273,	117,	17,	NULL,	12,	23,	0,	10,	0,	0,	0,	0,	0,	141,	0,	0),
(293274,	118,	17,	NULL,	12,	21,	0,	12,	0,	0,	0,	0,	0,	139,	0,	0),
(293275,	119,	17,	NULL,	12,	25,	0,	12,	0,	0,	0,	0,	0,	158,	0,	0),
(293276,	120,	17,	NULL,	12,	28,	0,	9,	0,	0,	0,	0,	0,	163,	0,	0),
(293277,	121,	17,	NULL,	12,	24,	0,	12,	0,	0,	0,	0,	0,	156,	0,	0),
(293278,	122,	17,	NULL,	12,	20,	0,	8,	0,	0,	0,	0,	0,	119,	0,	0),
(293279,	123,	17,	NULL,	12,	22,	0,	11,	0,	0,	0,	0,	0,	143,	0,	0),
(293280,	124,	17,	NULL,	12,	25,	0,	13,	0,	0,	0,	0,	0,	166,	0,	0),
(293281,	125,	17,	NULL,	12,	30,	0,	8,	0,	0,	0,	0,	0,	167,	0,	0),
(293282,	126,	17,	NULL,	12,	22,	0,	10,	0,	0,	0,	0,	0,	141,	0,	0),
(293283,	127,	17,	NULL,	12,	27,	0,	10,	0,	0,	0,	0,	0,	158,	0,	0),
(293284,	128,	17,	NULL,	12,	21,	0,	15,	0,	0,	0,	0,	0,	154,	0,	0),
(293285,	129,	17,	NULL,	12,	23,	0,	9,	0,	0,	0,	0,	0,	141,	0,	0),
(293286,	130,	17,	NULL,	12,	23,	0,	12,	0,	0,	0,	0,	0,	150,	0,	0),
(293287,	131,	17,	NULL,	12,	21,	0,	11,	0,	0,	0,	0,	0,	137,	0,	0),
(293288,	132,	17,	NULL,	12,	18,	0,	10,	0,	0,	0,	0,	0,	120,	0,	0),
(293289,	133,	17,	NULL,	12,	26,	0,	13,	0,	0,	0,	0,	0,	168,	0,	0),
(293290,	134,	17,	NULL,	12,	32,	0,	13,	0,	0,	0,	0,	0,	189,	0,	0),
(293291,	135,	17,	NULL,	12,	31,	0,	13,	0,	0,	0,	0,	0,	194,	0,	0),
(293292,	136,	17,	NULL,	12,	21,	0,	9,	0,	0,	0,	0,	0,	132,	0,	0),
(293293,	137,	17,	NULL,	12,	23,	0,	12,	0,	0,	0,	0,	0,	148,	0,	0),
(293294,	138,	17,	NULL,	12,	26,	0,	7,	0,	0,	0,	0,	0,	144,	0,	0),
(293295,	139,	17,	NULL,	12,	26,	0,	13,	0,	0,	0,	0,	0,	164,	0,	0),
(293296,	140,	17,	NULL,	12,	22,	0,	11,	0,	0,	0,	0,	0,	144,	0,	0),
(293297,	141,	17,	NULL,	12,	25,	0,	11,	0,	0,	0,	0,	0,	156,	0,	0),
(293298,	142,	17,	NULL,	12,	21,	0,	13,	0,	0,	0,	0,	0,	150,	0,	0),
(293299,	143,	17,	NULL,	12,	23,	0,	12,	0,	0,	0,	0,	0,	151,	0,	0),
(293300,	144,	17,	NULL,	12,	26,	0,	12,	0,	0,	0,	0,	0,	166,	0,	0),
(293301,	145,	17,	NULL,	12,	25,	0,	12,	0,	0,	0,	0,	0,	157,	0,	0),
(293302,	146,	17,	NULL,	12,	23,	0,	8,	0,	0,	0,	0,	0,	136,	0,	0),
(293303,	147,	17,	NULL,	12,	19,	0,	11,	0,	0,	0,	0,	0,	128,	0,	0),
(293304,	148,	17,	NULL,	12,	24,	0,	15,	0,	0,	0,	0,	0,	168,	0,	0),
(293305,	149,	17,	NULL,	12,	19,	0,	9,	0,	0,	0,	0,	0,	122,	0,	0),
(293306,	150,	17,	NULL,	12,	28,	0,	12,	0,	0,	0,	0,	0,	174,	0,	0),
(293307,	1,	16,	NULL,	12,	23,	0,	10,	0,	0,	0,	0,	0,	141,	0,	0),
(293308,	2,	16,	NULL,	12,	18,	0,	11,	0,	0,	0,	0,	0,	125,	0,	0),
(293309,	3,	16,	NULL,	12,	23,	0,	8,	0,	0,	0,	0,	0,	136,	0,	0),
(293310,	4,	16,	NULL,	12,	20,	0,	9,	0,	0,	0,	0,	0,	124,	0,	0),
(293311,	5,	16,	NULL,	12,	22,	0,	9,	0,	0,	0,	0,	0,	136,	0,	0),
(293312,	6,	16,	NULL,	12,	22,	0,	8,	0,	0,	0,	0,	0,	130,	0,	0),
(293313,	7,	16,	NULL,	12,	27,	0,	9,	0,	0,	0,	0,	0,	151,	0,	0),
(293314,	8,	16,	NULL,	12,	23,	0,	8,	0,	0,	0,	0,	0,	130,	0,	0),
(293315,	9,	16,	NULL,	12,	18,	0,	7,	0,	0,	0,	0,	0,	106,	0,	0),
(293316,	10,	16,	NULL,	12,	15,	0,	10,	0,	0,	0,	0,	0,	107,	0,	0),
(293317,	11,	16,	NULL,	12,	24,	0,	8,	0,	0,	0,	0,	0,	136,	0,	0),
(293318,	12,	16,	NULL,	12,	20,	0,	6,	0,	0,	0,	0,	0,	112,	0,	0),
(293319,	13,	16,	NULL,	12,	19,	0,	7,	0,	0,	0,	0,	0,	109,	0,	0),
(293320,	14,	16,	NULL,	12,	23,	0,	10,	0,	0,	0,	0,	0,	143,	0,	0),
(293321,	15,	16,	NULL,	12,	27,	0,	10,	0,	0,	0,	0,	0,	163,	0,	0),
(293322,	16,	16,	NULL,	12,	22,	0,	7,	0,	0,	0,	0,	0,	123,	0,	0),
(293323,	17,	16,	NULL,	12,	20,	0,	11,	0,	0,	0,	0,	0,	134,	0,	0),
(293324,	18,	16,	NULL,	12,	21,	0,	11,	0,	0,	0,	0,	0,	140,	0,	0),
(293325,	19,	16,	NULL,	12,	15,	0,	9,	0,	0,	0,	0,	0,	106,	0,	0),
(293326,	20,	16,	NULL,	12,	21,	0,	9,	0,	0,	0,	0,	0,	132,	0,	0),
(293327,	21,	16,	NULL,	12,	23,	0,	10,	0,	0,	0,	0,	0,	141,	0,	0),
(293328,	22,	16,	NULL,	12,	23,	0,	9,	0,	0,	0,	0,	0,	137,	0,	0),
(293329,	23,	16,	NULL,	12,	18,	0,	8,	0,	0,	0,	0,	0,	110,	0,	0),
(293330,	24,	16,	NULL,	12,	22,	0,	9,	0,	0,	0,	0,	0,	130,	0,	0),
(293331,	25,	16,	NULL,	12,	23,	0,	11,	0,	0,	0,	0,	0,	146,	0,	0),
(293332,	26,	16,	NULL,	12,	16,	0,	7,	0,	0,	0,	0,	0,	100,	0,	0),
(293333,	27,	16,	NULL,	12,	20,	0,	11,	0,	0,	0,	0,	0,	133,	0,	0),
(293334,	28,	16,	NULL,	12,	22,	0,	10,	0,	0,	0,	0,	0,	137,	0,	0),
(293335,	29,	16,	NULL,	12,	18,	0,	7,	0,	0,	0,	0,	0,	107,	0,	0),
(293336,	30,	16,	NULL,	12,	24,	0,	7,	0,	0,	0,	0,	0,	136,	0,	0),
(293337,	31,	16,	NULL,	12,	24,	0,	10,	0,	0,	0,	0,	0,	144,	0,	0),
(293338,	32,	16,	NULL,	12,	18,	0,	9,	0,	0,	0,	0,	0,	119,	0,	0),
(293339,	33,	16,	NULL,	12,	20,	0,	12,	0,	0,	0,	0,	0,	134,	0,	0),
(293340,	34,	16,	NULL,	12,	24,	0,	10,	0,	0,	0,	0,	0,	150,	0,	0),
(293341,	35,	16,	NULL,	12,	19,	0,	11,	0,	0,	0,	0,	0,	131,	0,	0),
(293342,	36,	16,	NULL,	12,	22,	0,	9,	0,	0,	0,	0,	0,	131,	0,	0),
(293343,	37,	16,	NULL,	12,	22,	0,	8,	0,	0,	0,	0,	0,	131,	0,	0),
(293344,	38,	16,	NULL,	12,	23,	0,	10,	0,	0,	0,	0,	0,	140,	0,	0),
(293345,	39,	16,	NULL,	12,	25,	0,	9,	0,	0,	0,	0,	0,	144,	0,	0),
(293346,	40,	16,	NULL,	12,	25,	0,	11,	0,	0,	0,	0,	0,	156,	0,	0),
(293347,	41,	16,	NULL,	12,	23,	0,	11,	0,	0,	0,	0,	0,	146,	0,	0),
(293348,	42,	16,	NULL,	12,	21,	0,	11,	0,	0,	0,	0,	0,	138,	0,	0),
(293349,	43,	16,	NULL,	12,	21,	0,	10,	0,	0,	0,	0,	0,	134,	0,	0),
(293350,	44,	16,	NULL,	12,	19,	0,	7,	0,	0,	0,	0,	0,	111,	0,	0),
(293351,	45,	16,	NULL,	12,	16,	0,	9,	0,	0,	0,	0,	0,	106,	0,	0),
(293352,	46,	16,	NULL,	12,	21,	0,	9,	0,	0,	0,	0,	0,	127,	0,	0),
(293353,	47,	16,	NULL,	12,	20,	0,	9,	0,	0,	0,	0,	0,	123,	0,	0),
(293354,	48,	16,	NULL,	12,	17,	0,	8,	0,	0,	0,	0,	0,	105,	0,	0),
(293355,	49,	16,	NULL,	12,	22,	0,	6,	0,	0,	0,	0,	0,	121,	0,	0),
(293356,	50,	16,	NULL,	12,	17,	0,	11,	0,	0,	0,	0,	0,	123,	0,	0),
(293357,	51,	16,	NULL,	12,	14,	0,	6,	0,	0,	0,	0,	0,	87,	0,	0),
(293358,	52,	16,	NULL,	12,	22,	0,	10,	0,	0,	0,	0,	0,	136,	0,	0),
(293359,	53,	16,	NULL,	12,	22,	0,	10,	0,	0,	0,	0,	0,	140,	0,	0),
(293360,	54,	16,	NULL,	12,	26,	0,	8,	0,	0,	0,	0,	0,	147,	0,	0),
(293361,	55,	16,	NULL,	12,	24,	0,	9,	0,	0,	0,	0,	0,	139,	0,	0),
(293362,	56,	16,	NULL,	12,	21,	0,	9,	0,	0,	0,	0,	0,	126,	0,	0),
(293363,	57,	16,	NULL,	12,	19,	0,	9,	0,	0,	0,	0,	0,	118,	0,	0),
(293364,	58,	16,	NULL,	12,	19,	0,	10,	0,	0,	0,	0,	0,	122,	0,	0),
(293365,	59,	16,	NULL,	12,	23,	0,	9,	0,	0,	0,	0,	0,	138,	0,	0),
(293366,	60,	16,	NULL,	12,	22,	0,	10,	0,	0,	0,	0,	0,	134,	0,	0),
(293367,	61,	16,	NULL,	12,	19,	0,	9,	0,	0,	0,	0,	0,	121,	0,	0),
(293368,	62,	16,	NULL,	12,	25,	0,	10,	0,	0,	0,	0,	0,	153,	0,	0),
(293369,	63,	16,	NULL,	12,	18,	0,	9,	0,	0,	0,	0,	0,	119,	0,	0),
(293370,	64,	16,	NULL,	12,	15,	0,	10,	0,	0,	0,	0,	0,	107,	0,	0),
(293371,	65,	16,	NULL,	12,	20,	0,	8,	0,	0,	0,	0,	0,	120,	0,	0),
(293372,	66,	16,	NULL,	12,	21,	0,	6,	0,	0,	0,	0,	0,	114,	0,	0),
(293373,	67,	16,	NULL,	12,	16,	0,	10,	0,	0,	0,	0,	0,	110,	0,	0),
(293374,	68,	16,	NULL,	12,	20,	0,	10,	0,	0,	0,	0,	0,	126,	0,	0),
(293375,	69,	16,	NULL,	12,	24,	0,	10,	0,	0,	0,	0,	0,	150,	0,	0),
(293376,	70,	16,	NULL,	12,	18,	0,	10,	0,	0,	0,	0,	0,	121,	0,	0),
(293377,	71,	16,	NULL,	12,	24,	0,	9,	0,	0,	0,	0,	0,	140,	0,	0),
(293378,	72,	16,	NULL,	12,	18,	0,	10,	0,	0,	0,	0,	0,	122,	0,	0),
(293379,	73,	16,	NULL,	12,	22,	0,	8,	0,	0,	0,	0,	0,	130,	0,	0),
(293380,	74,	16,	NULL,	12,	21,	0,	11,	0,	0,	0,	0,	0,	138,	0,	0),
(293381,	75,	16,	NULL,	12,	19,	0,	9,	0,	0,	0,	0,	0,	123,	0,	0),
(293382,	76,	16,	NULL,	12,	20,	0,	10,	0,	0,	0,	0,	0,	132,	0,	0),
(293383,	77,	16,	NULL,	12,	23,	0,	7,	0,	0,	0,	0,	0,	128,	0,	0),
(293384,	78,	16,	NULL,	12,	21,	0,	9,	0,	0,	0,	0,	0,	128,	0,	0),
(293385,	79,	16,	NULL,	12,	21,	0,	10,	0,	0,	0,	0,	0,	136,	0,	0),
(293386,	80,	16,	NULL,	12,	25,	0,	9,	0,	0,	0,	0,	0,	150,	0,	0),
(293387,	81,	16,	NULL,	12,	21,	0,	9,	0,	0,	0,	0,	0,	127,	0,	0),
(293388,	82,	16,	NULL,	12,	18,	0,	9,	0,	0,	0,	0,	0,	118,	0,	0),
(293389,	83,	16,	NULL,	12,	25,	0,	11,	0,	0,	0,	0,	0,	154,	0,	0),
(293390,	84,	16,	NULL,	12,	24,	0,	11,	0,	0,	0,	0,	0,	151,	0,	0),
(293391,	85,	16,	NULL,	12,	17,	0,	10,	0,	0,	0,	0,	0,	113,	0,	0),
(293392,	86,	16,	NULL,	12,	18,	0,	9,	0,	0,	0,	0,	0,	116,	0,	0),
(293393,	87,	16,	NULL,	12,	18,	0,	10,	0,	0,	0,	0,	0,	120,	0,	0),
(293394,	88,	16,	NULL,	12,	22,	0,	8,	0,	0,	0,	0,	0,	131,	0,	0),
(293395,	89,	16,	NULL,	12,	18,	0,	9,	0,	0,	0,	0,	0,	116,	0,	0),
(293396,	90,	16,	NULL,	12,	19,	0,	9,	0,	0,	0,	0,	0,	123,	0,	0),
(293397,	91,	16,	NULL,	12,	21,	0,	11,	0,	0,	0,	0,	0,	141,	0,	0),
(293398,	92,	16,	NULL,	12,	18,	0,	9,	0,	0,	0,	0,	0,	117,	0,	0),
(293399,	93,	16,	NULL,	12,	22,	0,	9,	0,	0,	0,	0,	0,	134,	0,	0),
(293400,	94,	16,	NULL,	12,	17,	0,	12,	0,	0,	0,	0,	0,	128,	0,	0),
(293401,	95,	16,	NULL,	12,	18,	0,	9,	0,	0,	0,	0,	0,	117,	0,	0),
(293402,	96,	16,	NULL,	12,	25,	0,	9,	0,	0,	0,	0,	0,	147,	0,	0),
(293403,	97,	16,	NULL,	12,	24,	0,	9,	0,	0,	0,	0,	0,	143,	0,	0),
(293404,	98,	16,	NULL,	12,	23,	0,	8,	0,	0,	0,	0,	0,	130,	0,	0),
(293405,	99,	16,	NULL,	12,	22,	0,	7,	0,	0,	0,	0,	0,	126,	0,	0),
(293406,	100,	16,	NULL,	12,	24,	0,	10,	0,	0,	0,	0,	0,	146,	0,	0),
(293407,	101,	16,	NULL,	12,	19,	0,	8,	0,	0,	0,	0,	0,	117,	0,	0),
(293408,	102,	16,	NULL,	12,	15,	0,	8,	0,	0,	0,	0,	0,	98,	0,	0),
(293409,	103,	16,	NULL,	12,	19,	0,	7,	0,	0,	0,	0,	0,	109,	0,	0),
(293410,	104,	16,	NULL,	12,	18,	0,	8,	0,	0,	0,	0,	0,	112,	0,	0),
(293411,	105,	16,	NULL,	12,	17,	0,	8,	0,	0,	0,	0,	0,	105,	0,	0),
(293412,	106,	16,	NULL,	12,	13,	0,	8,	0,	0,	0,	0,	0,	91,	0,	0),
(293413,	107,	16,	NULL,	12,	21,	0,	9,	0,	0,	0,	0,	0,	128,	0,	0),
(293414,	108,	16,	NULL,	12,	21,	0,	9,	0,	0,	0,	0,	0,	127,	0,	0),
(293415,	109,	16,	NULL,	12,	21,	0,	10,	0,	0,	0,	0,	0,	136,	0,	0),
(293416,	110,	16,	NULL,	12,	19,	0,	12,	0,	0,	0,	0,	0,	133,	0,	0),
(293417,	111,	16,	NULL,	12,	24,	0,	10,	0,	0,	0,	0,	0,	144,	0,	0),
(293418,	112,	16,	NULL,	12,	21,	0,	7,	0,	0,	0,	0,	0,	119,	0,	0),
(293419,	113,	16,	NULL,	12,	23,	0,	9,	0,	0,	0,	0,	0,	134,	0,	0),
(293420,	114,	16,	NULL,	12,	22,	0,	9,	0,	0,	0,	0,	0,	135,	0,	0),
(293421,	115,	16,	NULL,	12,	20,	0,	8,	0,	0,	0,	0,	0,	120,	0,	0),
(293422,	116,	16,	NULL,	12,	24,	0,	9,	0,	0,	0,	0,	0,	145,	0,	0),
(293423,	117,	16,	NULL,	12,	20,	0,	7,	0,	0,	0,	0,	0,	116,	0,	0),
(293424,	118,	16,	NULL,	12,	23,	0,	10,	0,	0,	0,	0,	0,	139,	0,	0),
(293425,	119,	16,	NULL,	12,	22,	0,	7,	0,	0,	0,	0,	0,	128,	0,	0),
(293426,	120,	16,	NULL,	12,	22,	0,	9,	0,	0,	0,	0,	0,	136,	0,	0),
(293427,	121,	16,	NULL,	12,	17,	0,	10,	0,	0,	0,	0,	0,	119,	0,	0),
(293428,	122,	16,	NULL,	12,	24,	0,	8,	0,	0,	0,	0,	0,	141,	0,	0),
(293429,	123,	16,	NULL,	12,	17,	0,	8,	0,	0,	0,	0,	0,	106,	0,	0),
(293430,	124,	16,	NULL,	12,	22,	0,	11,	0,	0,	0,	0,	0,	141,	0,	0),
(293431,	125,	16,	NULL,	12,	15,	0,	9,	0,	0,	0,	0,	0,	105,	0,	0),
(293432,	126,	16,	NULL,	12,	22,	0,	8,	0,	0,	0,	0,	0,	127,	0,	0),
(293433,	127,	16,	NULL,	12,	20,	0,	12,	0,	0,	0,	0,	0,	138,	0,	0),
(293434,	128,	16,	NULL,	12,	21,	0,	8,	0,	0,	0,	0,	0,	122,	0,	0),
(293435,	129,	16,	NULL,	12,	22,	0,	9,	0,	0,	0,	0,	0,	135,	0,	0),
(293436,	130,	16,	NULL,	12,	14,	0,	10,	0,	0,	0,	0,	0,	103,	0,	0),
(293437,	131,	16,	NULL,	12,	21,	0,	10,	0,	0,	0,	0,	0,	135,	0,	0),
(293438,	132,	16,	NULL,	12,	21,	0,	8,	0,	0,	0,	0,	0,	123,	0,	0),
(293439,	133,	16,	NULL,	12,	20,	0,	9,	0,	0,	0,	0,	0,	124,	0,	0),
(293440,	134,	16,	NULL,	12,	22,	0,	8,	0,	0,	0,	0,	0,	128,	0,	0),
(293441,	135,	16,	NULL,	12,	20,	0,	11,	0,	0,	0,	0,	0,	134,	0,	0),
(293442,	136,	16,	NULL,	12,	20,	0,	9,	0,	0,	0,	0,	0,	123,	0,	0),
(293443,	137,	16,	NULL,	12,	16,	0,	12,	0,	0,	0,	0,	0,	120,	0,	0),
(293444,	138,	16,	NULL,	12,	21,	0,	7,	0,	0,	0,	0,	0,	119,	0,	0),
(293445,	139,	16,	NULL,	12,	25,	0,	7,	0,	0,	0,	0,	0,	140,	0,	0),
(293446,	140,	16,	NULL,	12,	20,	0,	11,	0,	0,	0,	0,	0,	133,	0,	0),
(293447,	141,	16,	NULL,	12,	21,	0,	6,	0,	0,	0,	0,	0,	114,	0,	0),
(293448,	142,	16,	NULL,	12,	18,	0,	9,	0,	0,	0,	0,	0,	119,	0,	0),
(293449,	143,	16,	NULL,	12,	19,	0,	9,	0,	0,	0,	0,	0,	120,	0,	0),
(293450,	144,	16,	NULL,	12,	20,	0,	10,	0,	0,	0,	0,	0,	127,	0,	0),
(293451,	145,	16,	NULL,	12,	22,	0,	7,	0,	0,	0,	0,	0,	124,	0,	0),
(293452,	146,	16,	NULL,	12,	19,	0,	7,	0,	0,	0,	0,	0,	111,	0,	0),
(293453,	147,	16,	NULL,	12,	27,	0,	9,	0,	0,	0,	0,	0,	153,	0,	0),
(293454,	148,	16,	NULL,	12,	24,	0,	11,	0,	0,	0,	0,	0,	150,	0,	0),
(293455,	149,	16,	NULL,	12,	25,	0,	9,	0,	0,	0,	0,	0,	143,	0,	0),
(293456,	150,	16,	NULL,	12,	25,	0,	9,	0,	0,	0,	0,	0,	144,	0,	0),
(293457,	1,	6,	NULL,	12,	21,	0,	9,	0,	0,	0,	0,	0,	128,	0,	0),
(293458,	2,	6,	NULL,	12,	14,	0,	7,	0,	0,	0,	0,	0,	88,	0,	0),
(293459,	3,	6,	NULL,	12,	18,	0,	8,	0,	0,	0,	0,	0,	112,	0,	0),
(293460,	4,	6,	NULL,	12,	22,	0,	7,	0,	0,	0,	0,	0,	126,	0,	0),
(293461,	5,	6,	NULL,	12,	22,	0,	10,	0,	0,	0,	0,	0,	137,	0,	0),
(293462,	6,	6,	NULL,	12,	17,	0,	12,	0,	0,	0,	0,	0,	124,	0,	0),
(293463,	7,	6,	NULL,	12,	27,	0,	8,	0,	0,	0,	0,	0,	153,	0,	0),
(293464,	8,	6,	NULL,	12,	23,	0,	7,	0,	0,	0,	0,	0,	128,	0,	0),
(293465,	9,	6,	NULL,	12,	23,	0,	12,	0,	0,	0,	0,	0,	153,	0,	0),
(293466,	10,	6,	NULL,	13,	22,	0,	8,	0,	0,	0,	0,	0,	126,	0,	0),
(293467,	11,	6,	NULL,	12,	23,	0,	10,	0,	0,	0,	0,	0,	139,	0,	0),
(293468,	12,	6,	NULL,	12,	21,	0,	10,	0,	0,	0,	0,	0,	131,	0,	0),
(293469,	13,	6,	NULL,	12,	25,	0,	8,	0,	0,	0,	0,	0,	144,	0,	0),
(293470,	14,	6,	NULL,	12,	15,	0,	9,	0,	0,	0,	0,	0,	103,	0,	0),
(293471,	15,	6,	NULL,	12,	16,	0,	10,	0,	0,	0,	0,	0,	110,	0,	0),
(293472,	16,	6,	NULL,	12,	15,	0,	8,	0,	0,	0,	0,	0,	101,	0,	0),
(293473,	17,	6,	NULL,	12,	20,	0,	11,	0,	0,	0,	0,	0,	136,	0,	0),
(293474,	18,	6,	NULL,	12,	24,	0,	8,	0,	0,	0,	0,	0,	137,	0,	0),
(293475,	19,	6,	NULL,	12,	22,	0,	9,	0,	0,	0,	0,	0,	136,	0,	0),
(293476,	20,	6,	NULL,	12,	26,	0,	8,	0,	0,	0,	0,	0,	147,	0,	0),
(293477,	21,	6,	NULL,	12,	24,	0,	9,	0,	0,	0,	0,	0,	140,	0,	0),
(293478,	22,	6,	NULL,	13,	16,	0,	8,	0,	0,	0,	0,	0,	105,	0,	0),
(293479,	23,	6,	NULL,	12,	22,	0,	12,	0,	0,	0,	0,	0,	150,	0,	0),
(293480,	24,	6,	NULL,	12,	21,	0,	8,	0,	0,	0,	0,	0,	123,	0,	0),
(293481,	25,	6,	NULL,	12,	20,	0,	11,	0,	0,	0,	0,	0,	135,	0,	0),
(293482,	26,	6,	NULL,	12,	18,	0,	7,	0,	0,	0,	0,	0,	109,	0,	0),
(293483,	27,	6,	NULL,	12,	25,	0,	7,	0,	0,	0,	0,	0,	137,	0,	0),
(293484,	28,	6,	NULL,	12,	22,	0,	10,	0,	0,	0,	0,	0,	141,	0,	0),
(293485,	29,	6,	NULL,	12,	18,	0,	9,	0,	0,	0,	0,	0,	119,	0,	0),
(293486,	30,	6,	NULL,	12,	20,	0,	10,	0,	0,	0,	0,	0,	127,	0,	0),
(293487,	31,	6,	NULL,	12,	16,	0,	8,	0,	0,	0,	0,	0,	103,	0,	0),
(293488,	32,	6,	NULL,	12,	14,	0,	11,	0,	0,	0,	0,	0,	110,	0,	0),
(293489,	33,	6,	NULL,	12,	22,	0,	8,	0,	0,	0,	0,	0,	127,	0,	0),
(293490,	34,	6,	NULL,	12,	20,	0,	11,	0,	0,	0,	0,	0,	134,	0,	0),
(293491,	35,	6,	NULL,	12,	21,	0,	11,	0,	0,	0,	0,	0,	140,	0,	0),
(293492,	36,	6,	NULL,	12,	21,	0,	11,	0,	0,	0,	0,	0,	140,	0,	0),
(293493,	37,	6,	NULL,	12,	19,	0,	11,	0,	0,	0,	0,	0,	128,	0,	0),
(293494,	38,	6,	NULL,	12,	18,	0,	9,	0,	0,	0,	0,	0,	114,	0,	0),
(293495,	39,	6,	NULL,	12,	21,	0,	8,	0,	0,	0,	0,	0,	124,	0,	0),
(293496,	40,	6,	NULL,	12,	24,	0,	11,	0,	0,	0,	0,	0,	153,	0,	0),
(293497,	41,	6,	NULL,	12,	18,	0,	8,	0,	0,	0,	0,	0,	109,	0,	0),
(293498,	42,	6,	NULL,	12,	22,	0,	10,	0,	0,	0,	0,	0,	136,	0,	0),
(293499,	43,	6,	NULL,	12,	16,	0,	8,	0,	0,	0,	0,	0,	102,	0,	0),
(293500,	44,	6,	NULL,	12,	21,	0,	11,	0,	0,	0,	0,	0,	134,	0,	0),
(293501,	45,	6,	NULL,	12,	18,	0,	10,	0,	0,	0,	0,	0,	122,	0,	0),
(293502,	46,	6,	NULL,	12,	16,	0,	9,	0,	0,	0,	0,	0,	105,	0,	0),
(293503,	47,	6,	NULL,	13,	20,	0,	7,	0,	0,	0,	0,	0,	114,	0,	0),
(293504,	48,	6,	NULL,	12,	21,	0,	11,	0,	0,	0,	0,	0,	136,	0,	0),
(293505,	49,	6,	NULL,	12,	24,	0,	9,	0,	0,	0,	0,	0,	140,	0,	0),
(293506,	50,	6,	NULL,	12,	22,	0,	6,	0,	0,	0,	0,	0,	120,	0,	0),
(293507,	51,	6,	NULL,	12,	20,	0,	7,	0,	0,	0,	0,	0,	116,	0,	0),
(293508,	52,	6,	NULL,	13,	19,	0,	9,	0,	0,	0,	0,	0,	119,	0,	0),
(293509,	53,	6,	NULL,	12,	14,	0,	8,	0,	0,	0,	0,	0,	97,	0,	0),
(293510,	54,	6,	NULL,	12,	24,	0,	8,	0,	0,	0,	0,	0,	134,	0,	0),
(293511,	55,	6,	NULL,	12,	24,	0,	10,	0,	0,	0,	0,	0,	148,	0,	0),
(293512,	56,	6,	NULL,	12,	26,	0,	10,	0,	0,	0,	0,	0,	153,	0,	0),
(293513,	57,	6,	NULL,	12,	17,	0,	8,	0,	0,	0,	0,	0,	106,	0,	0),
(293514,	58,	6,	NULL,	12,	21,	0,	7,	0,	0,	0,	0,	0,	121,	0,	0),
(293515,	59,	6,	NULL,	12,	24,	0,	8,	0,	0,	0,	0,	0,	140,	0,	0),
(293516,	60,	6,	NULL,	12,	21,	0,	9,	0,	0,	0,	0,	0,	128,	0,	0),
(293517,	61,	6,	NULL,	13,	21,	0,	6,	0,	0,	0,	0,	0,	119,	0,	0),
(293518,	62,	6,	NULL,	12,	16,	0,	10,	0,	0,	0,	0,	0,	114,	0,	0),
(293519,	63,	6,	NULL,	12,	17,	0,	8,	0,	0,	0,	0,	0,	106,	0,	0),
(293520,	64,	6,	NULL,	12,	20,	0,	7,	0,	0,	0,	0,	0,	116,	0,	0),
(293521,	65,	6,	NULL,	12,	24,	0,	8,	0,	0,	0,	0,	0,	136,	0,	0),
(293522,	66,	6,	NULL,	12,	14,	0,	10,	0,	0,	0,	0,	0,	106,	0,	0),
(293523,	67,	6,	NULL,	12,	18,	0,	10,	0,	0,	0,	0,	0,	121,	0,	0),
(293524,	68,	6,	NULL,	12,	14,	0,	9,	0,	0,	0,	0,	0,	97,	0,	0),
(293525,	69,	6,	NULL,	12,	22,	0,	10,	0,	0,	0,	0,	0,	140,	0,	0),
(293526,	70,	6,	NULL,	12,	17,	0,	7,	0,	0,	0,	0,	0,	101,	0,	0),
(293527,	71,	6,	NULL,	12,	19,	0,	8,	0,	0,	0,	0,	0,	117,	0,	0),
(293528,	72,	6,	NULL,	12,	16,	0,	12,	0,	0,	0,	0,	0,	120,	0,	0),
(293529,	73,	6,	NULL,	12,	20,	0,	9,	0,	0,	0,	0,	0,	125,	0,	0),
(293530,	74,	6,	NULL,	12,	21,	0,	8,	0,	0,	0,	0,	0,	125,	0,	0),
(293531,	75,	6,	NULL,	12,	20,	0,	10,	0,	0,	0,	0,	0,	130,	0,	0),
(293532,	76,	6,	NULL,	12,	23,	0,	11,	0,	0,	0,	0,	0,	148,	0,	0),
(293533,	77,	6,	NULL,	12,	21,	0,	7,	0,	0,	0,	0,	0,	119,	0,	0),
(293534,	78,	6,	NULL,	12,	17,	0,	7,	0,	0,	0,	0,	0,	104,	0,	0),
(293535,	79,	6,	NULL,	12,	19,	0,	8,	0,	0,	0,	0,	0,	119,	0,	0),
(293536,	80,	6,	NULL,	12,	22,	0,	9,	0,	0,	0,	0,	0,	134,	0,	0),
(293537,	81,	6,	NULL,	12,	24,	0,	9,	0,	0,	0,	0,	0,	141,	0,	0),
(293538,	82,	6,	NULL,	12,	16,	0,	11,	0,	0,	0,	0,	0,	117,	0,	0),
(293539,	83,	6,	NULL,	12,	18,	0,	11,	0,	0,	0,	0,	0,	122,	0,	0),
(293540,	84,	6,	NULL,	12,	15,	0,	7,	0,	0,	0,	0,	0,	96,	0,	0),
(293541,	85,	6,	NULL,	12,	26,	0,	10,	0,	0,	0,	0,	0,	153,	0,	0),
(293542,	86,	6,	NULL,	12,	20,	0,	6,	0,	0,	0,	0,	0,	112,	0,	0),
(293543,	87,	6,	NULL,	12,	21,	0,	9,	0,	0,	0,	0,	0,	126,	0,	0),
(293544,	88,	6,	NULL,	12,	18,	0,	10,	0,	0,	0,	0,	0,	118,	0,	0),
(293545,	89,	6,	NULL,	12,	20,	0,	9,	0,	0,	0,	0,	0,	125,	0,	0),
(293546,	90,	6,	NULL,	12,	18,	0,	6,	0,	0,	0,	0,	0,	104,	0,	0),
(293547,	91,	6,	NULL,	12,	13,	0,	10,	0,	0,	0,	0,	0,	99,	0,	0),
(293548,	92,	6,	NULL,	12,	17,	0,	7,	0,	0,	0,	0,	0,	102,	0,	0),
(293549,	93,	6,	NULL,	12,	21,	0,	10,	0,	0,	0,	0,	0,	133,	0,	0),
(293550,	94,	6,	NULL,	12,	23,	0,	8,	0,	0,	0,	0,	0,	135,	0,	0),
(293551,	95,	6,	NULL,	12,	24,	0,	8,	0,	0,	0,	0,	0,	136,	0,	0),
(293552,	96,	6,	NULL,	12,	19,	0,	11,	0,	0,	0,	0,	0,	132,	0,	0),
(293553,	97,	6,	NULL,	12,	13,	0,	9,	0,	0,	0,	0,	0,	95,	0,	0),
(293554,	98,	6,	NULL,	12,	18,	0,	9,	0,	0,	0,	0,	0,	113,	0,	0),
(293555,	99,	6,	NULL,	12,	26,	0,	9,	0,	0,	0,	0,	0,	150,	0,	0),
(293556,	100,	6,	NULL,	12,	20,	0,	11,	0,	0,	0,	0,	0,	134,	0,	0),
(293557,	101,	6,	NULL,	12,	18,	0,	9,	0,	0,	0,	0,	0,	116,	0,	0),
(293558,	102,	6,	NULL,	12,	20,	0,	7,	0,	0,	0,	0,	0,	117,	0,	0),
(293559,	103,	6,	NULL,	12,	20,	0,	10,	0,	0,	0,	0,	0,	126,	0,	0),
(293560,	104,	6,	NULL,	12,	22,	0,	8,	0,	0,	0,	0,	0,	132,	0,	0),
(293561,	105,	6,	NULL,	12,	16,	0,	10,	0,	0,	0,	0,	0,	111,	0,	0),
(293562,	106,	6,	NULL,	12,	19,	0,	8,	0,	0,	0,	0,	0,	119,	0,	0),
(293563,	107,	6,	NULL,	12,	24,	0,	9,	0,	0,	0,	0,	0,	141,	0,	0),
(293564,	108,	6,	NULL,	12,	18,	0,	9,	0,	0,	0,	0,	0,	113,	0,	0),
(293565,	109,	6,	NULL,	12,	16,	0,	8,	0,	0,	0,	0,	0,	101,	0,	0),
(293566,	110,	6,	NULL,	12,	23,	0,	9,	0,	0,	0,	0,	0,	134,	0,	0),
(293567,	111,	6,	NULL,	13,	21,	0,	8,	0,	0,	0,	0,	0,	123,	0,	0),
(293568,	112,	6,	NULL,	12,	20,	0,	9,	0,	0,	0,	0,	0,	126,	0,	0),
(293569,	113,	6,	NULL,	12,	17,	0,	10,	0,	0,	0,	0,	0,	117,	0,	0),
(293570,	114,	6,	NULL,	12,	20,	0,	7,	0,	0,	0,	0,	0,	113,	0,	0),
(293571,	115,	6,	NULL,	12,	26,	0,	7,	0,	0,	0,	0,	0,	144,	0,	0),
(293572,	116,	6,	NULL,	12,	19,	0,	8,	0,	0,	0,	0,	0,	116,	0,	0),
(293573,	117,	6,	NULL,	13,	24,	0,	8,	0,	0,	0,	0,	0,	134,	0,	0),
(293574,	118,	6,	NULL,	12,	20,	0,	9,	0,	0,	0,	0,	0,	122,	0,	0),
(293575,	119,	6,	NULL,	12,	19,	0,	11,	0,	0,	0,	0,	0,	127,	0,	0),
(293576,	120,	6,	NULL,	12,	22,	0,	10,	0,	0,	0,	0,	0,	137,	0,	0),
(293577,	121,	6,	NULL,	12,	20,	0,	8,	0,	0,	0,	0,	0,	118,	0,	0),
(293578,	122,	6,	NULL,	12,	17,	0,	9,	0,	0,	0,	0,	0,	114,	0,	0),
(293579,	123,	6,	NULL,	12,	19,	0,	11,	0,	0,	0,	0,	0,	126,	0,	0),
(293580,	124,	6,	NULL,	12,	16,	0,	8,	0,	0,	0,	0,	0,	106,	0,	0),
(293581,	125,	6,	NULL,	12,	19,	0,	10,	0,	0,	0,	0,	0,	125,	0,	0),
(293582,	126,	6,	NULL,	12,	26,	0,	10,	0,	0,	0,	0,	0,	154,	0,	0),
(293583,	127,	6,	NULL,	12,	19,	0,	9,	0,	0,	0,	0,	0,	118,	0,	0),
(293584,	128,	6,	NULL,	13,	20,	0,	8,	0,	0,	0,	0,	0,	120,	0,	0),
(293585,	129,	6,	NULL,	12,	15,	0,	10,	0,	0,	0,	0,	0,	106,	0,	0),
(293586,	130,	6,	NULL,	12,	22,	0,	9,	0,	0,	0,	0,	0,	133,	0,	0),
(293587,	131,	6,	NULL,	12,	20,	0,	9,	0,	0,	0,	0,	0,	124,	0,	0),
(293588,	132,	6,	NULL,	12,	18,	0,	9,	0,	0,	0,	0,	0,	117,	0,	0),
(293589,	133,	6,	NULL,	12,	21,	0,	9,	0,	0,	0,	0,	0,	131,	0,	0),
(293590,	134,	6,	NULL,	12,	19,	0,	8,	0,	0,	0,	0,	0,	113,	0,	0),
(293591,	135,	6,	NULL,	12,	18,	0,	9,	0,	0,	0,	0,	0,	117,	0,	0),
(293592,	136,	6,	NULL,	12,	21,	0,	8,	0,	0,	0,	0,	0,	122,	0,	0),
(293593,	137,	6,	NULL,	12,	18,	0,	9,	0,	0,	0,	0,	0,	114,	0,	0),
(293594,	138,	6,	NULL,	12,	21,	0,	9,	0,	0,	0,	0,	0,	128,	0,	0),
(293595,	139,	6,	NULL,	12,	27,	0,	9,	0,	0,	0,	0,	0,	157,	0,	0),
(293596,	140,	6,	NULL,	12,	18,	0,	12,	0,	0,	0,	0,	0,	126,	0,	0),
(293597,	141,	6,	NULL,	12,	15,	0,	9,	0,	0,	0,	0,	0,	102,	0,	0),
(293598,	142,	6,	NULL,	12,	17,	0,	9,	0,	0,	0,	0,	0,	109,	0,	0),
(293599,	143,	6,	NULL,	12,	24,	0,	10,	0,	0,	0,	0,	0,	148,	0,	0),
(293600,	144,	6,	NULL,	12,	23,	0,	8,	0,	0,	0,	0,	0,	134,	0,	0),
(293601,	145,	6,	NULL,	12,	20,	0,	10,	0,	0,	0,	0,	0,	130,	0,	0),
(293602,	146,	6,	NULL,	12,	18,	0,	10,	0,	0,	0,	0,	0,	119,	0,	0),
(293603,	147,	6,	NULL,	12,	22,	0,	11,	0,	0,	0,	0,	0,	139,	0,	0),
(293604,	148,	6,	NULL,	12,	19,	0,	10,	0,	0,	0,	0,	0,	122,	0,	0),
(293605,	149,	6,	NULL,	12,	22,	0,	11,	0,	0,	0,	0,	0,	144,	0,	0),
(293606,	150,	6,	NULL,	12,	20,	0,	10,	0,	0,	0,	0,	0,	127,	0,	0),
(293607,	1,	8,	NULL,	12,	18,	0,	6,	0,	0,	0,	0,	0,	101,	0,	0),
(293608,	2,	8,	NULL,	12,	21,	0,	9,	0,	0,	0,	0,	0,	131,	0,	0),
(293609,	3,	8,	NULL,	12,	15,	0,	7,	0,	0,	0,	0,	0,	93,	0,	0),
(293610,	4,	8,	NULL,	12,	16,	0,	9,	0,	0,	0,	0,	0,	110,	0,	0),
(293611,	5,	8,	NULL,	12,	22,	0,	7,	0,	0,	0,	0,	0,	123,	0,	0),
(293612,	6,	8,	NULL,	12,	16,	0,	7,	0,	0,	0,	0,	0,	97,	0,	0),
(293613,	7,	8,	NULL,	12,	19,	0,	7,	0,	0,	0,	0,	0,	110,	0,	0),
(293614,	8,	8,	NULL,	12,	20,	0,	7,	0,	0,	0,	0,	0,	119,	0,	0),
(293615,	9,	8,	NULL,	12,	19,	0,	5,	0,	0,	0,	0,	0,	104,	0,	0),
(293616,	10,	8,	NULL,	12,	17,	0,	7,	0,	0,	0,	0,	0,	101,	0,	0),
(293617,	11,	8,	NULL,	12,	17,	0,	7,	0,	0,	0,	0,	0,	102,	0,	0),
(293618,	12,	8,	NULL,	12,	17,	0,	7,	0,	0,	0,	0,	0,	104,	0,	0),
(293619,	13,	8,	NULL,	12,	16,	0,	9,	0,	0,	0,	0,	0,	110,	0,	0),
(293620,	14,	8,	NULL,	12,	21,	0,	6,	0,	0,	0,	0,	0,	116,	0,	0),
(293621,	15,	8,	NULL,	12,	15,	0,	9,	0,	0,	0,	0,	0,	106,	0,	0),
(293622,	16,	8,	NULL,	12,	16,	0,	8,	0,	0,	0,	0,	0,	103,	0,	0),
(293623,	17,	8,	NULL,	12,	20,	0,	7,	0,	0,	0,	0,	0,	118,	0,	0),
(293624,	18,	8,	NULL,	12,	20,	0,	6,	0,	0,	0,	0,	0,	112,	0,	0),
(293625,	19,	8,	NULL,	12,	20,	0,	6,	0,	0,	0,	0,	0,	112,	0,	0),
(293626,	20,	8,	NULL,	12,	19,	0,	6,	0,	0,	0,	0,	0,	106,	0,	0),
(293627,	21,	8,	NULL,	12,	17,	0,	7,	0,	0,	0,	0,	0,	103,	0,	0),
(293628,	22,	8,	NULL,	12,	17,	0,	8,	0,	0,	0,	0,	0,	108,	0,	0),
(293629,	23,	8,	NULL,	12,	16,	0,	6,	0,	0,	0,	0,	0,	94,	0,	0),
(293630,	24,	8,	NULL,	12,	13,	0,	8,	0,	0,	0,	0,	0,	91,	0,	0),
(293631,	25,	8,	NULL,	12,	16,	0,	6,	0,	0,	0,	0,	0,	95,	0,	0),
(293632,	26,	8,	NULL,	12,	16,	0,	7,	0,	0,	0,	0,	0,	98,	0,	0),
(293633,	27,	8,	NULL,	12,	19,	0,	7,	0,	0,	0,	0,	0,	111,	0,	0),
(293634,	28,	8,	NULL,	12,	17,	0,	8,	0,	0,	0,	0,	0,	108,	0,	0),
(293635,	29,	8,	NULL,	12,	22,	0,	7,	0,	0,	0,	0,	0,	126,	0,	0),
(293636,	30,	8,	NULL,	12,	18,	0,	7,	0,	0,	0,	0,	0,	108,	0,	0),
(293637,	31,	8,	NULL,	12,	14,	0,	5,	0,	0,	0,	0,	0,	81,	0,	0),
(293638,	32,	8,	NULL,	12,	21,	0,	7,	0,	0,	0,	0,	0,	118,	0,	0),
(293639,	33,	8,	NULL,	12,	21,	0,	7,	0,	0,	0,	0,	0,	123,	0,	0),
(293640,	34,	8,	NULL,	12,	18,	0,	8,	0,	0,	0,	0,	0,	112,	0,	0),
(293641,	35,	8,	NULL,	12,	18,	0,	8,	0,	0,	0,	0,	0,	112,	0,	0),
(293642,	36,	8,	NULL,	12,	17,	0,	7,	0,	0,	0,	0,	0,	103,	0,	0),
(293643,	37,	8,	NULL,	12,	16,	0,	7,	0,	0,	0,	0,	0,	100,	0,	0),
(293644,	38,	8,	NULL,	12,	16,	0,	6,	0,	0,	0,	0,	0,	93,	0,	0),
(293645,	39,	8,	NULL,	12,	20,	0,	6,	0,	0,	0,	0,	0,	109,	0,	0),
(293646,	40,	8,	NULL,	12,	20,	0,	8,	0,	0,	0,	0,	0,	123,	0,	0),
(293647,	41,	8,	NULL,	12,	19,	0,	5,	0,	0,	0,	0,	0,	101,	0,	0),
(293648,	42,	8,	NULL,	12,	15,	0,	6,	0,	0,	0,	0,	0,	91,	0,	0),
(293649,	43,	8,	NULL,	12,	14,	0,	7,	0,	0,	0,	0,	0,	92,	0,	0),
(293650,	44,	8,	NULL,	12,	18,	0,	8,	0,	0,	0,	0,	0,	110,	0,	0),
(293651,	45,	8,	NULL,	12,	16,	0,	6,	0,	0,	0,	0,	0,	96,	0,	0),
(293652,	46,	8,	NULL,	12,	19,	0,	7,	0,	0,	0,	0,	0,	113,	0,	0),
(293653,	47,	8,	NULL,	12,	17,	0,	7,	0,	0,	0,	0,	0,	103,	0,	0),
(293654,	48,	8,	NULL,	12,	20,	0,	6,	0,	0,	0,	0,	0,	113,	0,	0),
(293655,	49,	8,	NULL,	12,	12,	0,	7,	0,	0,	0,	0,	0,	82,	0,	0),
(293656,	50,	8,	NULL,	12,	16,	0,	7,	0,	0,	0,	0,	0,	101,	0,	0),
(293657,	51,	8,	NULL,	12,	15,	0,	8,	0,	0,	0,	0,	0,	100,	0,	0),
(293658,	52,	8,	NULL,	12,	17,	0,	8,	0,	0,	0,	0,	0,	105,	0,	0),
(293659,	53,	8,	NULL,	12,	18,	0,	7,	0,	0,	0,	0,	0,	110,	0,	0),
(293660,	54,	8,	NULL,	12,	18,	0,	7,	0,	0,	0,	0,	0,	105,	0,	0),
(293661,	55,	8,	NULL,	12,	19,	0,	6,	0,	0,	0,	0,	0,	105,	0,	0),
(293662,	56,	8,	NULL,	12,	19,	0,	8,	0,	0,	0,	0,	0,	119,	0,	0),
(293663,	57,	8,	NULL,	12,	17,	0,	5,	0,	0,	0,	0,	0,	95,	0,	0),
(293664,	58,	8,	NULL,	12,	17,	0,	8,	0,	0,	0,	0,	0,	106,	0,	0),
(293665,	59,	8,	NULL,	12,	15,	0,	8,	0,	0,	0,	0,	0,	100,	0,	0),
(293666,	60,	8,	NULL,	12,	22,	0,	8,	0,	0,	0,	0,	0,	126,	0,	0),
(293667,	61,	8,	NULL,	12,	15,	0,	7,	0,	0,	0,	0,	0,	92,	0,	0),
(293668,	62,	8,	NULL,	12,	17,	0,	7,	0,	0,	0,	0,	0,	106,	0,	0),
(293669,	63,	8,	NULL,	12,	19,	0,	8,	0,	0,	0,	0,	0,	116,	0,	0),
(293670,	64,	8,	NULL,	12,	15,	0,	6,	0,	0,	0,	0,	0,	90,	0,	0),
(293671,	65,	8,	NULL,	12,	18,	0,	5,	0,	0,	0,	0,	0,	101,	0,	0),
(293672,	66,	8,	NULL,	12,	16,	0,	7,	0,	0,	0,	0,	0,	98,	0,	0),
(293673,	67,	8,	NULL,	12,	16,	0,	6,	0,	0,	0,	0,	0,	96,	0,	0),
(293674,	68,	8,	NULL,	12,	15,	0,	8,	0,	0,	0,	0,	0,	100,	0,	0),
(293675,	69,	8,	NULL,	12,	18,	0,	7,	0,	0,	0,	0,	0,	107,	0,	0),
(293676,	70,	8,	NULL,	12,	17,	0,	7,	0,	0,	0,	0,	0,	101,	0,	0),
(293677,	71,	8,	NULL,	12,	20,	0,	7,	0,	0,	0,	0,	0,	118,	0,	0),
(293678,	72,	8,	NULL,	12,	17,	0,	5,	0,	0,	0,	0,	0,	96,	0,	0),
(293679,	73,	8,	NULL,	12,	19,	0,	6,	0,	0,	0,	0,	0,	106,	0,	0),
(293680,	74,	8,	NULL,	12,	16,	0,	7,	0,	0,	0,	0,	0,	98,	0,	0),
(293681,	75,	8,	NULL,	12,	17,	0,	6,	0,	0,	0,	0,	0,	99,	0,	0),
(293682,	76,	8,	NULL,	12,	18,	0,	6,	0,	0,	0,	0,	0,	106,	0,	0),
(293683,	77,	8,	NULL,	12,	17,	0,	7,	0,	0,	0,	0,	0,	106,	0,	0),
(293684,	78,	8,	NULL,	12,	16,	0,	7,	0,	0,	0,	0,	0,	100,	0,	0),
(293685,	79,	8,	NULL,	12,	19,	0,	8,	0,	0,	0,	0,	0,	113,	0,	0),
(293686,	80,	8,	NULL,	12,	22,	0,	8,	0,	0,	0,	0,	0,	132,	0,	0),
(293687,	81,	8,	NULL,	12,	15,	0,	7,	0,	0,	0,	0,	0,	92,	0,	0),
(293688,	82,	8,	NULL,	12,	13,	0,	6,	0,	0,	0,	0,	0,	82,	0,	0),
(293689,	83,	8,	NULL,	12,	15,	0,	8,	0,	0,	0,	0,	0,	97,	0,	0),
(293690,	84,	8,	NULL,	12,	14,	0,	7,	0,	0,	0,	0,	0,	91,	0,	0),
(293691,	85,	8,	NULL,	12,	16,	0,	8,	0,	0,	0,	0,	0,	103,	0,	0),
(293692,	86,	8,	NULL,	12,	16,	0,	7,	0,	0,	0,	0,	0,	101,	0,	0),
(293693,	87,	8,	NULL,	12,	16,	0,	6,	0,	0,	0,	0,	0,	93,	0,	0),
(293694,	88,	8,	NULL,	12,	17,	0,	6,	0,	0,	0,	0,	0,	100,	0,	0),
(293695,	89,	8,	NULL,	12,	17,	0,	6,	0,	0,	0,	0,	0,	99,	0,	0),
(293696,	90,	8,	NULL,	12,	20,	0,	6,	0,	0,	0,	0,	0,	109,	0,	0),
(293697,	91,	8,	NULL,	12,	22,	0,	5,	0,	0,	0,	0,	0,	119,	0,	0),
(293698,	92,	8,	NULL,	12,	20,	0,	7,	0,	0,	0,	0,	0,	113,	0,	0),
(293699,	93,	8,	NULL,	12,	12,	0,	9,	0,	0,	0,	0,	0,	92,	0,	0),
(293700,	94,	8,	1,	6,	23,	0,	2,	0,	0,	0,	0,	0,	54,	0,	0),
(293701,	95,	8,	1,	25,	0,	0,	0,	0,	0,	0,	0,	0,	54,	0,	0),
(293702,	96,	8,	NULL,	12,	19,	0,	7,	0,	0,	0,	0,	0,	112,	0,	0),
(293703,	97,	8,	NULL,	12,	19,	0,	7,	0,	0,	0,	0,	0,	112,	0,	0),
(293704,	98,	8,	NULL,	12,	16,	0,	9,	0,	0,	0,	0,	0,	109,	0,	0),
(293705,	99,	8,	NULL,	12,	19,	0,	7,	0,	0,	0,	0,	0,	111,	0,	0),
(293706,	100,	8,	NULL,	12,	19,	0,	7,	0,	0,	0,	0,	0,	114,	0,	0),
(293707,	101,	8,	1,	25,	0,	0,	0,	0,	0,	0,	0,	0,	54,	0,	0),
(293708,	102,	8,	1,	6,	22,	0,	2,	0,	0,	0,	0,	0,	54,	0,	0),
(293709,	103,	8,	NULL,	12,	17,	0,	8,	0,	0,	0,	0,	0,	108,	0,	0),
(293710,	104,	8,	NULL,	12,	13,	0,	7,	0,	0,	0,	0,	0,	87,	0,	0),
(293711,	105,	8,	NULL,	12,	13,	0,	6,	0,	0,	0,	0,	0,	80,	0,	0),
(293712,	106,	8,	NULL,	12,	18,	0,	7,	0,	0,	0,	0,	0,	109,	0,	0),
(293713,	107,	8,	NULL,	12,	18,	0,	9,	0,	0,	0,	0,	0,	114,	0,	0),
(293714,	108,	8,	NULL,	12,	20,	0,	5,	0,	0,	0,	0,	0,	106,	0,	0),
(293715,	109,	8,	NULL,	12,	17,	0,	9,	0,	0,	0,	0,	0,	109,	0,	0),
(293716,	110,	8,	NULL,	12,	20,	0,	5,	0,	0,	0,	0,	0,	105,	0,	0),
(293717,	111,	8,	NULL,	12,	18,	0,	7,	0,	0,	0,	0,	0,	107,	0,	0),
(293718,	112,	8,	NULL,	12,	20,	0,	6,	0,	0,	0,	0,	0,	112,	0,	0),
(293719,	113,	8,	NULL,	12,	19,	0,	7,	0,	0,	0,	0,	0,	111,	0,	0),
(293720,	114,	8,	NULL,	12,	20,	0,	8,	0,	0,	0,	0,	0,	120,	0,	0),
(293721,	115,	8,	NULL,	12,	16,	0,	7,	0,	0,	0,	0,	0,	101,	0,	0),
(293722,	116,	8,	NULL,	12,	18,	0,	6,	0,	0,	0,	0,	0,	102,	0,	0),
(293723,	117,	8,	NULL,	12,	15,	0,	5,	0,	0,	0,	0,	0,	86,	0,	0),
(293724,	118,	8,	1,	25,	0,	0,	0,	0,	0,	0,	0,	0,	54,	0,	0),
(293725,	119,	8,	1,	6,	22,	0,	2,	0,	0,	0,	0,	0,	54,	0,	0),
(293726,	120,	8,	NULL,	12,	12,	0,	6,	0,	0,	0,	0,	0,	76,	0,	0),
(293727,	121,	8,	NULL,	12,	15,	0,	5,	0,	0,	0,	0,	0,	87,	0,	0),
(293728,	122,	8,	NULL,	12,	18,	0,	6,	0,	0,	0,	0,	0,	102,	0,	0),
(293729,	123,	8,	NULL,	12,	17,	0,	7,	0,	0,	0,	0,	0,	102,	0,	0),
(293730,	124,	8,	NULL,	12,	17,	0,	5,	0,	0,	0,	0,	0,	96,	0,	0),
(293731,	125,	8,	NULL,	12,	17,	0,	9,	0,	0,	0,	0,	0,	112,	0,	0),
(293732,	126,	8,	NULL,	12,	19,	0,	6,	0,	0,	0,	0,	0,	109,	0,	0),
(293733,	127,	8,	NULL,	12,	17,	0,	5,	0,	0,	0,	0,	0,	94,	0,	0),
(293734,	128,	8,	NULL,	12,	16,	0,	8,	0,	0,	0,	0,	0,	106,	0,	0),
(293735,	129,	8,	NULL,	12,	17,	0,	7,	0,	0,	0,	0,	0,	103,	0,	0),
(293736,	130,	8,	NULL,	12,	13,	0,	7,	0,	0,	0,	0,	0,	86,	0,	0),
(293737,	131,	8,	NULL,	12,	18,	0,	7,	0,	0,	0,	0,	0,	108,	0,	0),
(293738,	132,	8,	NULL,	12,	20,	0,	7,	0,	0,	0,	0,	0,	113,	0,	0),
(293739,	133,	8,	NULL,	12,	15,	0,	7,	0,	0,	0,	0,	0,	95,	0,	0),
(293740,	134,	8,	NULL,	12,	16,	0,	7,	0,	0,	0,	0,	0,	97,	0,	0),
(293741,	135,	8,	NULL,	12,	15,	0,	7,	0,	0,	0,	0,	0,	97,	0,	0),
(293742,	136,	8,	NULL,	12,	17,	0,	5,	0,	0,	0,	0,	0,	94,	0,	0),
(293743,	137,	8,	NULL,	12,	13,	0,	6,	0,	0,	0,	0,	0,	81,	0,	0),
(293744,	138,	8,	NULL,	12,	15,	0,	6,	0,	0,	0,	0,	0,	90,	0,	0),
(293745,	139,	8,	NULL,	12,	16,	0,	6,	0,	0,	0,	0,	0,	92,	0,	0),
(293746,	140,	8,	NULL,	12,	16,	0,	7,	0,	0,	0,	0,	0,	98,	0,	0),
(293747,	141,	8,	NULL,	12,	18,	0,	7,	0,	0,	0,	0,	0,	110,	0,	0),
(293748,	142,	8,	NULL,	12,	12,	0,	9,	0,	0,	0,	0,	0,	92,	0,	0),
(293749,	143,	8,	NULL,	12,	17,	0,	7,	0,	0,	0,	0,	0,	102,	0,	0),
(293750,	144,	8,	NULL,	12,	15,	0,	6,	0,	0,	0,	0,	0,	90,	0,	0),
(293751,	145,	8,	NULL,	12,	13,	0,	7,	0,	0,	0,	0,	0,	85,	0,	0),
(293752,	146,	8,	NULL,	12,	19,	0,	8,	0,	0,	0,	0,	0,	116,	0,	0),
(293753,	147,	8,	NULL,	12,	18,	0,	9,	0,	0,	0,	0,	0,	117,	0,	0),
(293754,	148,	8,	NULL,	12,	18,	0,	5,	0,	0,	0,	0,	0,	97,	0,	0),
(293755,	149,	8,	NULL,	12,	15,	0,	8,	0,	0,	0,	0,	0,	98,	0,	0),
(293756,	150,	8,	NULL,	12,	21,	0,	7,	0,	0,	0,	0,	0,	122,	0,	0),
(293757,	1,	3,	NULL,	12,	14,	0,	5,	0,	0,	0,	0,	0,	82,	0,	0),
(293758,	2,	3,	NULL,	12,	11,	0,	6,	0,	0,	0,	0,	0,	73,	0,	0),
(293759,	3,	3,	NULL,	12,	15,	0,	6,	0,	0,	0,	0,	0,	91,	0,	0),
(293760,	4,	3,	NULL,	12,	15,	0,	5,	0,	0,	0,	0,	0,	88,	0,	0),
(293761,	5,	3,	NULL,	12,	14,	0,	6,	0,	0,	0,	0,	0,	88,	0,	0),
(293762,	6,	3,	NULL,	12,	11,	0,	4,	0,	0,	0,	0,	0,	64,	0,	0),
(293763,	7,	3,	NULL,	12,	16,	0,	6,	0,	0,	0,	0,	0,	97,	0,	0),
(293764,	8,	3,	NULL,	12,	13,	0,	6,	0,	0,	0,	0,	0,	82,	0,	0),
(293765,	9,	3,	NULL,	12,	12,	0,	5,	0,	0,	0,	0,	0,	71,	0,	0),
(293766,	10,	3,	NULL,	12,	14,	0,	4,	0,	0,	0,	0,	0,	78,	0,	0),
(293767,	11,	3,	NULL,	12,	14,	0,	6,	0,	0,	0,	0,	0,	86,	0,	0),
(293768,	12,	3,	NULL,	12,	14,	0,	6,	0,	0,	0,	0,	0,	87,	0,	0),
(293769,	13,	3,	NULL,	12,	16,	0,	5,	0,	0,	0,	0,	0,	91,	0,	0),
(293770,	14,	3,	NULL,	12,	15,	0,	5,	0,	0,	0,	0,	0,	86,	0,	0),
(293771,	15,	3,	NULL,	12,	14,	0,	6,	0,	0,	0,	0,	0,	86,	0,	0),
(293772,	16,	3,	NULL,	12,	11,	0,	5,	0,	0,	0,	0,	0,	67,	0,	0),
(293773,	17,	3,	NULL,	12,	12,	0,	5,	0,	0,	0,	0,	0,	73,	0,	0),
(293774,	18,	3,	NULL,	12,	16,	0,	4,	0,	0,	0,	0,	0,	85,	0,	0),
(293775,	19,	3,	NULL,	12,	16,	0,	6,	0,	0,	0,	0,	0,	94,	0,	0),
(293776,	20,	3,	NULL,	12,	11,	0,	5,	0,	0,	0,	0,	0,	67,	0,	0),
(293777,	21,	3,	NULL,	12,	12,	0,	6,	0,	0,	0,	0,	0,	76,	0,	0),
(293778,	22,	3,	NULL,	12,	16,	0,	6,	0,	0,	0,	0,	0,	96,	0,	0),
(293779,	23,	3,	NULL,	12,	11,	0,	6,	0,	0,	0,	0,	0,	71,	0,	0),
(293780,	24,	3,	NULL,	12,	13,	0,	6,	0,	0,	0,	0,	0,	81,	0,	0),
(293781,	25,	3,	NULL,	12,	12,	0,	6,	0,	0,	0,	0,	0,	76,	0,	0),
(293782,	26,	3,	NULL,	12,	12,	0,	4,	0,	0,	0,	0,	0,	70,	0,	0),
(293783,	27,	3,	NULL,	12,	14,	0,	6,	0,	0,	0,	0,	0,	86,	0,	0),
(293784,	28,	3,	NULL,	12,	14,	0,	5,	0,	0,	0,	0,	0,	80,	0,	0),
(293785,	29,	3,	NULL,	12,	14,	0,	4,	0,	0,	0,	0,	0,	76,	0,	0),
(293786,	30,	3,	NULL,	12,	15,	0,	6,	0,	0,	0,	0,	0,	88,	0,	0),
(293787,	31,	3,	NULL,	12,	12,	0,	5,	0,	0,	0,	0,	0,	75,	0,	0),
(293788,	32,	3,	NULL,	12,	11,	0,	4,	0,	0,	0,	0,	0,	65,	0,	0),
(293789,	33,	3,	NULL,	12,	16,	0,	5,	0,	0,	0,	0,	0,	90,	0,	0),
(293790,	34,	3,	NULL,	12,	14,	0,	5,	0,	0,	0,	0,	0,	84,	0,	0),
(293791,	35,	3,	NULL,	12,	13,	0,	4,	0,	0,	0,	0,	0,	74,	0,	0),
(293792,	36,	3,	NULL,	12,	13,	0,	4,	0,	0,	0,	0,	0,	74,	0,	0),
(293793,	37,	3,	NULL,	12,	14,	0,	6,	0,	0,	0,	0,	0,	84,	0,	0),
(293794,	38,	3,	NULL,	12,	15,	0,	4,	0,	0,	0,	0,	0,	81,	0,	0),
(293795,	39,	3,	NULL,	12,	12,	0,	4,	0,	0,	0,	0,	0,	69,	0,	0),
(293796,	40,	3,	NULL,	12,	14,	0,	6,	0,	0,	0,	0,	0,	87,	0,	0),
(293797,	41,	3,	NULL,	12,	16,	0,	4,	0,	0,	0,	0,	0,	88,	0,	0),
(293798,	42,	3,	NULL,	12,	13,	0,	5,	0,	0,	0,	0,	0,	77,	0,	0),
(293799,	43,	3,	NULL,	12,	14,	0,	6,	0,	0,	0,	0,	0,	85,	0,	0),
(293800,	44,	3,	NULL,	12,	11,	0,	6,	0,	0,	0,	0,	0,	73,	0,	0),
(293801,	45,	3,	NULL,	12,	16,	0,	6,	0,	0,	0,	0,	0,	97,	0,	0),
(293802,	46,	3,	NULL,	12,	15,	0,	5,	0,	0,	0,	0,	0,	84,	0,	0),
(293803,	47,	3,	NULL,	12,	14,	0,	4,	0,	0,	0,	0,	0,	78,	0,	0),
(293804,	48,	3,	NULL,	12,	15,	0,	5,	0,	0,	0,	0,	0,	84,	0,	0),
(293805,	49,	3,	NULL,	12,	11,	0,	4,	0,	0,	0,	0,	0,	64,	0,	0),
(293806,	50,	3,	NULL,	12,	11,	0,	5,	0,	0,	0,	0,	0,	67,	0,	0),
(293807,	51,	3,	NULL,	12,	16,	0,	6,	0,	0,	0,	0,	0,	94,	0,	0),
(293808,	52,	3,	NULL,	12,	15,	0,	4,	0,	0,	0,	0,	0,	81,	0,	0),
(293809,	53,	3,	NULL,	12,	11,	0,	6,	0,	0,	0,	0,	0,	71,	0,	0),
(293810,	54,	3,	NULL,	12,	13,	0,	6,	0,	0,	0,	0,	0,	83,	0,	0),
(293811,	55,	3,	NULL,	12,	12,	0,	5,	0,	0,	0,	0,	0,	73,	0,	0),
(293812,	56,	3,	NULL,	12,	13,	0,	6,	0,	0,	0,	0,	0,	80,	0,	0),
(293813,	57,	3,	NULL,	12,	16,	0,	5,	0,	0,	0,	0,	0,	92,	0,	0),
(293814,	58,	3,	NULL,	12,	16,	0,	6,	0,	0,	0,	0,	0,	95,	0,	0),
(293815,	59,	3,	NULL,	12,	15,	0,	6,	0,	0,	0,	0,	0,	89,	0,	0),
(293816,	60,	3,	NULL,	12,	16,	0,	6,	0,	0,	0,	0,	0,	93,	0,	0),
(293817,	61,	3,	NULL,	12,	13,	0,	6,	0,	0,	0,	0,	0,	80,	0,	0),
(293818,	62,	3,	NULL,	12,	13,	0,	5,	0,	0,	0,	0,	0,	78,	0,	0),
(293819,	63,	3,	NULL,	12,	13,	0,	4,	0,	0,	0,	0,	0,	72,	0,	0),
(293820,	64,	3,	NULL,	12,	16,	0,	5,	0,	0,	0,	0,	0,	92,	0,	0),
(293821,	65,	3,	NULL,	12,	16,	0,	4,	0,	0,	0,	0,	0,	84,	0,	0),
(293822,	66,	3,	NULL,	12,	12,	0,	6,	0,	0,	0,	0,	0,	77,	0,	0),
(293823,	67,	3,	NULL,	12,	15,	0,	6,	0,	0,	0,	0,	0,	92,	0,	0),
(293824,	68,	3,	NULL,	12,	12,	0,	6,	0,	0,	0,	0,	0,	76,	0,	0),
(293825,	69,	3,	NULL,	12,	13,	0,	4,	0,	0,	0,	0,	0,	73,	0,	0),
(293826,	70,	3,	NULL,	12,	12,	0,	5,	0,	0,	0,	0,	0,	73,	0,	0),
(293827,	71,	3,	NULL,	12,	15,	0,	4,	0,	0,	0,	0,	0,	83,	0,	0),
(293828,	72,	3,	NULL,	12,	14,	0,	5,	0,	0,	0,	0,	0,	84,	0,	0),
(293829,	73,	3,	NULL,	12,	12,	0,	4,	0,	0,	0,	0,	0,	70,	0,	0),
(293830,	74,	3,	NULL,	12,	11,	0,	6,	0,	0,	0,	0,	0,	75,	0,	0),
(293831,	75,	3,	NULL,	12,	15,	0,	4,	0,	0,	0,	0,	0,	81,	0,	0),
(293832,	76,	3,	NULL,	12,	11,	0,	6,	0,	0,	0,	0,	0,	71,	0,	0),
(293833,	77,	3,	NULL,	12,	14,	0,	5,	0,	0,	0,	0,	0,	81,	0,	0),
(293834,	78,	3,	NULL,	12,	14,	0,	6,	0,	0,	0,	0,	0,	88,	0,	0),
(293835,	79,	3,	NULL,	12,	12,	0,	4,	0,	0,	0,	0,	0,	68,	0,	0),
(293836,	80,	3,	NULL,	12,	13,	0,	4,	0,	0,	0,	0,	0,	72,	0,	0),
(293837,	81,	3,	NULL,	12,	16,	0,	6,	0,	0,	0,	0,	0,	95,	0,	0),
(293838,	82,	3,	NULL,	12,	12,	0,	6,	0,	0,	0,	0,	0,	79,	0,	0),
(293839,	83,	3,	NULL,	12,	13,	0,	5,	0,	0,	0,	0,	0,	76,	0,	0),
(293840,	84,	3,	NULL,	12,	16,	0,	4,	0,	0,	0,	0,	0,	87,	0,	0),
(293841,	85,	3,	NULL,	12,	12,	0,	4,	0,	0,	0,	0,	0,	68,	0,	0),
(293842,	86,	3,	NULL,	12,	16,	0,	4,	0,	0,	0,	0,	0,	87,	0,	0),
(293843,	87,	3,	NULL,	12,	11,	0,	4,	0,	0,	0,	0,	0,	65,	0,	0),
(293844,	88,	3,	NULL,	12,	12,	0,	6,	0,	0,	0,	0,	0,	77,	0,	0),
(293845,	89,	3,	NULL,	12,	11,	0,	6,	0,	0,	0,	0,	0,	72,	0,	0),
(293846,	90,	3,	NULL,	12,	14,	0,	6,	0,	0,	0,	0,	0,	88,	0,	0),
(293847,	91,	3,	NULL,	12,	13,	0,	5,	0,	0,	0,	0,	0,	78,	0,	0),
(293848,	92,	3,	NULL,	12,	13,	0,	6,	0,	0,	0,	0,	0,	81,	0,	0),
(293849,	93,	3,	NULL,	12,	13,	0,	4,	0,	0,	0,	0,	0,	72,	0,	0),
(293850,	94,	3,	NULL,	12,	12,	0,	5,	0,	0,	0,	0,	0,	73,	0,	0),
(293851,	95,	3,	NULL,	12,	16,	0,	5,	0,	0,	0,	0,	0,	92,	0,	0),
(293852,	96,	3,	NULL,	12,	15,	0,	4,	0,	0,	0,	0,	0,	82,	0,	0),
(293853,	97,	3,	NULL,	12,	15,	0,	6,	0,	0,	0,	0,	0,	92,	0,	0),
(293854,	98,	3,	NULL,	12,	15,	0,	5,	0,	0,	0,	0,	0,	88,	0,	0),
(293855,	99,	3,	NULL,	12,	16,	0,	5,	0,	0,	0,	0,	0,	89,	0,	0),
(293856,	100,	3,	NULL,	12,	13,	0,	5,	0,	0,	0,	0,	0,	79,	0,	0),
(293857,	101,	3,	NULL,	12,	14,	0,	5,	0,	0,	0,	0,	0,	81,	0,	0),
(293858,	102,	3,	NULL,	12,	12,	0,	6,	0,	0,	0,	0,	0,	76,	0,	0),
(293859,	103,	3,	NULL,	12,	16,	0,	6,	0,	0,	0,	0,	0,	95,	0,	0),
(293860,	104,	3,	NULL,	12,	14,	0,	6,	0,	0,	0,	0,	0,	86,	0,	0),
(293861,	105,	3,	NULL,	12,	12,	0,	5,	0,	0,	0,	0,	0,	73,	0,	0),
(293862,	106,	3,	NULL,	12,	16,	0,	4,	0,	0,	0,	0,	0,	85,	0,	0),
(293863,	107,	3,	NULL,	12,	11,	0,	6,	0,	0,	0,	0,	0,	74,	0,	0),
(293864,	108,	3,	NULL,	12,	12,	0,	4,	0,	0,	0,	0,	0,	68,	0,	0),
(293865,	109,	3,	NULL,	12,	14,	0,	5,	0,	0,	0,	0,	0,	84,	0,	0),
(293866,	110,	3,	NULL,	12,	13,	0,	4,	0,	0,	0,	0,	0,	75,	0,	0),
(293867,	111,	3,	NULL,	12,	13,	0,	6,	0,	0,	0,	0,	0,	81,	0,	0),
(293868,	112,	3,	NULL,	12,	14,	0,	6,	0,	0,	0,	0,	0,	84,	0,	0),
(293869,	113,	3,	NULL,	12,	16,	0,	6,	0,	0,	0,	0,	0,	97,	0,	0),
(293870,	114,	3,	NULL,	12,	13,	0,	6,	0,	0,	0,	0,	0,	81,	0,	0),
(293871,	115,	3,	NULL,	12,	13,	0,	4,	0,	0,	0,	0,	0,	73,	0,	0),
(293872,	116,	3,	NULL,	12,	11,	0,	6,	0,	0,	0,	0,	0,	74,	0,	0),
(293873,	117,	3,	NULL,	12,	12,	0,	4,	0,	0,	0,	0,	0,	70,	0,	0),
(293874,	118,	3,	NULL,	12,	13,	0,	6,	0,	0,	0,	0,	0,	81,	0,	0),
(293875,	119,	3,	NULL,	12,	13,	0,	6,	0,	0,	0,	0,	0,	80,	0,	0),
(293876,	120,	3,	NULL,	12,	12,	0,	6,	0,	0,	0,	0,	0,	76,	0,	0),
(293877,	121,	3,	NULL,	12,	14,	0,	4,	0,	0,	0,	0,	0,	76,	0,	0),
(293878,	122,	3,	NULL,	12,	14,	0,	5,	0,	0,	0,	0,	0,	81,	0,	0),
(293879,	123,	3,	NULL,	12,	15,	0,	6,	0,	0,	0,	0,	0,	91,	0,	0),
(293880,	124,	3,	NULL,	12,	15,	0,	4,	0,	0,	0,	0,	0,	82,	0,	0),
(293881,	125,	3,	NULL,	12,	15,	0,	4,	0,	0,	0,	0,	0,	84,	0,	0),
(293882,	126,	3,	NULL,	12,	12,	0,	5,	0,	0,	0,	0,	0,	72,	0,	0),
(293883,	127,	3,	NULL,	12,	13,	0,	6,	0,	0,	0,	0,	0,	82,	0,	0),
(293884,	128,	3,	NULL,	12,	15,	0,	4,	0,	0,	0,	0,	0,	81,	0,	0),
(293885,	129,	3,	NULL,	12,	12,	0,	4,	0,	0,	0,	0,	0,	68,	0,	0),
(293886,	130,	3,	NULL,	12,	12,	0,	5,	0,	0,	0,	0,	0,	75,	0,	0),
(293887,	131,	3,	NULL,	12,	15,	0,	5,	0,	0,	0,	0,	0,	84,	0,	0),
(293888,	132,	3,	NULL,	12,	13,	0,	6,	0,	0,	0,	0,	0,	81,	0,	0),
(293889,	133,	3,	NULL,	12,	14,	0,	6,	0,	0,	0,	0,	0,	88,	0,	0),
(293890,	134,	3,	NULL,	12,	12,	0,	5,	0,	0,	0,	0,	0,	71,	0,	0),
(293891,	135,	3,	NULL,	12,	16,	0,	5,	0,	0,	0,	0,	0,	89,	0,	0),
(293892,	136,	3,	NULL,	12,	13,	0,	5,	0,	0,	0,	0,	0,	79,	0,	0),
(293893,	137,	3,	NULL,	12,	13,	0,	6,	0,	0,	0,	0,	0,	80,	0,	0),
(293894,	138,	3,	NULL,	12,	15,	0,	5,	0,	0,	0,	0,	0,	88,	0,	0),
(293895,	139,	3,	NULL,	12,	16,	0,	6,	0,	0,	0,	0,	0,	94,	0,	0),
(293896,	140,	3,	NULL,	12,	12,	0,	6,	0,	0,	0,	0,	0,	79,	0,	0),
(293897,	141,	3,	NULL,	12,	15,	0,	5,	0,	0,	0,	0,	0,	86,	0,	0),
(293898,	142,	3,	NULL,	12,	11,	0,	5,	0,	0,	0,	0,	0,	68,	0,	0),
(293899,	143,	3,	NULL,	12,	11,	0,	4,	0,	0,	0,	0,	0,	65,	0,	0),
(293900,	144,	3,	NULL,	12,	16,	0,	6,	0,	0,	0,	0,	0,	95,	0,	0),
(293901,	145,	3,	NULL,	12,	15,	0,	4,	0,	0,	0,	0,	0,	83,	0,	0),
(293902,	146,	3,	NULL,	12,	15,	0,	5,	0,	0,	0,	0,	0,	87,	0,	0),
(293903,	147,	3,	NULL,	12,	16,	0,	6,	0,	0,	0,	0,	0,	92,	0,	0),
(293904,	148,	3,	NULL,	12,	15,	0,	6,	0,	0,	0,	0,	0,	88,	0,	0),
(293905,	149,	3,	NULL,	12,	15,	0,	6,	0,	0,	0,	0,	0,	92,	0,	0),
(293906,	150,	3,	NULL,	12,	15,	0,	6,	0,	0,	0,	0,	0,	92,	0,	0);

DROP TABLE IF EXISTS `letecke_akce`;
CREATE TABLE `letecke_akce` (
  `id` int(11) NOT NULL AUTO_INCREMENT,
  `nazev` varchar(50) COLLATE utf8_czech_ci NOT NULL,
  `popis` text COLLATE utf8_czech_ci,
  `cena_suroviny` int(5) DEFAULT '0',
  `cena_palivo` int(5) DEFAULT '0',
  PRIMARY KEY (`id`)
) ENGINE=InnoDB DEFAULT CHARSET=utf8 COLLATE=utf8_czech_ci;

INSERT INTO `letecke_akce` (`id`, `nazev`, `popis`, `cena_suroviny`, `cena_palivo`) VALUES
(1,	'Stíhací hlídka',	'Vyšleš do oblasti své stíhačky, které se v cílové oblasti pokusí sestřelit jakéhokoliv\r\nnarušitele vzdušného prostoru na kterého narazí.',	50,	50),
(2,	'Nálet na pozemní opevnění',	'K zajištění taktické výhody pro útočící pozemní síly, se do cílového prostoru vydají tvé střední bombardéry, které zde podniknou masivní nálet na hlavní body zdejší pozemní obrany, jako jsou zejména bunkry, palebné posty a jim přidružené vybavení.',	50,	1700),
(3,	'Nálet na letiště',	'Tvé bobardéry se zaměří na nepřátelské letiště ve vymezeném sektoru a pokusí se zničit \r\nveškéré jeho vybavení včetně letadel zde umístěných.',	50,	1800),
(4,	'Nálet na komunikace',	'Bombardéry se zaměří na infrastrukturu zvoleného sektoru, pokusí se zničit veškerou \r\ndostupnou dopravní síť jako jsou silnice, železnice, mosty apod. ',	50,	200),
(5,	'Strategické bombardování',	'Tímto vyšleš své průzkumné a lehké bobardéry jež označí ve vytyčené oblasti důležité \r\ncíle jako jsou skladiště, vlaková seřadiště, nádraží, přístavy apod. A tvé strategické \r\nbombardéry letící ze zázemí se je pokusí zničit a tím na čas zpomalit přísun nepřátelského\r\nválečného materiálu z tohoto sektoru. ',	50,	400),
(6,	'Blízká letecká podpora',	'Na tvůj rozkaz urychleně vzlétnou lehce ozbrojené bitevní stíhačky a zaútočí ve vytyčené \r\nzóně na jákýkoliv nekrytý cíl. Obzvláště účiné proti pěchotě.',	10,	1600),
(7,	'Střemhlavý nálet',	'Na tvůj pokyn se do cílové oblasti vydají tvé střemhlavé bombardéry a zaútočí zde na veškeré\r\npozemní jednotky, včetně opancéřovaných cílů (útok jak na pěchotu tak tanky).',	30,	550),
(8,	'Preventivní úder',	'V důsledku předpokládané silné koncentrace protivzdušné obrany v cílové zóně, tímto rozhodneš o provedení preventivního cíleného náletu na zdejší prvky PVO obrany. Za Případné sekundární cíle byli na žádost rozvědky zvoleny konkrétní vytipované objekty a hlídková stanoviště.',	30,	250);

DROP TABLE IF EXISTS `ligy`;
CREATE TABLE `ligy` (
  `id` int(11) NOT NULL AUTO_INCREMENT,
  `nazev` varchar(30) COLLATE utf8_czech_ci NOT NULL,
  `typ` varchar(30) COLLATE utf8_czech_ci NOT NULL,
  `max_pocet_hracu` int(5) NOT NULL DEFAULT '80',
  `rocni_obdobi` varchar(30) COLLATE utf8_czech_ci DEFAULT 'jaro',
  `id_pocasi_dnes` int(11) DEFAULT '1',
  `id_pocasi_zitra` int(11) DEFAULT '1',
  `odehranych_dnu` int(5) DEFAULT '1',
  `stav` varchar(30) COLLATE utf8_czech_ci NOT NULL DEFAULT 'inactive',
  `registrace` varchar(10) COLLATE utf8_czech_ci NOT NULL DEFAULT 'ano',
  `dohrano` varchar(10) COLLATE utf8_czech_ci NOT NULL DEFAULT 'ne',
  PRIMARY KEY (`id`),
  UNIQUE KEY `nazev` (`nazev`),
  KEY `FK__ligy_id_pocasi_dnes_pocasi_id` (`id_pocasi_dnes`),
  KEY `FK__ligy_id_pocasi_zitra_pocasi_id` (`id_pocasi_zitra`),
  CONSTRAINT `FK__ligy_id_pocasi_dnes_pocasi_id` FOREIGN KEY (`id_pocasi_dnes`) REFERENCES `pocasi` (`id`) ON UPDATE CASCADE,
  CONSTRAINT `FK__ligy_id_pocasi_zitra_pocasi_id` FOREIGN KEY (`id_pocasi_zitra`) REFERENCES `pocasi` (`id`) ON UPDATE CASCADE
) ENGINE=InnoDB DEFAULT CHARSET=utf8 COLLATE=utf8_czech_ci;

INSERT INTO `ligy` (`id`, `nazev`, `typ`, `max_pocet_hracu`, `rocni_obdobi`, `id_pocasi_dnes`, `id_pocasi_zitra`, `odehranych_dnu`, `stav`, `registrace`, `dohrano`) VALUES
(1,	'Scénář A',	'elite_dm',	20,	'jaro',	4,	4,	1,	'inactive',	'ano',	'ne'),
(2,	'Výcvikový tábor A',	'trening',	20,	'léto',	7,	3,	8,	'active',	'ne',	'ne'),
(3,	'Výcvikový tábor B',	'trening',	20,	'léto',	4,	7,	2,	'active',	'ano',	'ne'),
(4,	'Výcvikový tábor C',	'trening',	20,	'léto',	7,	8,	9,	'active',	'ne',	'ne'),
(5,	'Scénář B',	'team',	20,	'podzim',	11,	11,	2,	'inactive',	'ne',	'ne'),
(6,	'Scénář C',	'deathmatch',	20,	'léto',	4,	3,	5,	'active',	'ne',	'ne'),
(7,	'Výcvikový tábor D',	'trening',	20,	'léto',	2,	2,	6,	'active',	'ne',	'ne'),
(8,	'Výcvikový tábor E',	'trening',	20,	'léto',	2,	3,	3,	'active',	'ne',	'ne'),
(9,	'Výcvikový tábor F',	'trening',	20,	'léto',	8,	8,	11,	'active',	'ne',	'ano'),
(10,	'Scénář D',	'deathmatch',	20,	'zima',	4,	9,	2,	'inactive',	'ne',	'ne'),
(11,	'Výcvikový tábor G',	'trening',	20,	'léto',	2,	2,	4,	'active',	'ne',	'ne'),
(12,	'Výcvikový tábor H',	'trening',	20,	'léto',	3,	4,	11,	'inactive',	'ne',	'ano'),
(13,	'Scénář E',	'elite_dm',	20,	'podzim',	4,	4,	1,	'inactive',	'ano',	'ne'),
(14,	'Scénář F',	'deathmatch',	20,	'jaro',	4,	4,	1,	'inactive',	'ano',	'ne'),
(15,	'Scénář G',	'deathmatch',	20,	'podzim',	6,	6,	17,	'active',	'ne',	'ne'),
(16,	'Výcvikový tábor I',	'trening',	20,	'léto',	3,	2,	5,	'active',	'ne',	'ne'),
(17,	'Výcvikový tábor J',	'trening',	20,	'léto',	4,	1,	6,	'active',	'ne',	'ne'),
(18,	'Výcvikový tábor K',	'trening',	20,	'léto',	3,	4,	10,	'active',	'ne',	'ne'),
(19,	'Mini Team',	'team',	8,	'jaro',	4,	4,	1,	'inactive',	'ano',	'ne'),
(20,	'Výcvikový tábor L',	'trening',	20,	'léto',	8,	8,	7,	'active',	'ne',	'ne'),
(21,	'Mini Team II.',	'team',	8,	'zima',	4,	4,	0,	'inactive',	'ano',	'ne'),
(22,	'Turnajová aréna I.',	'elite_dm',	2,	'jaro',	4,	4,	2,	'inactive',	'ne',	'ne'),
(23,	'Turnajová aréna II.',	'elite_dm',	2,	'jaro',	4,	4,	0,	'inactive',	'ano',	'ne'),
(24,	'Turnajová aréna III.',	'elite_dm',	2,	'jaro',	4,	4,	0,	'inactive',	'ano',	'ne'),
(25,	'Turnajová aréna IV.',	'elite_dm',	2,	'jaro',	4,	4,	0,	'inactive',	'ano',	'ne'),
(26,	'Turnajová aréna V.',	'elite_dm',	2,	'jaro',	4,	3,	7,	'inactive',	'ne',	'ne'),
(27,	'Turnajová aréna VI.',	'elite_dm',	2,	'jaro',	3,	7,	10,	'inactive',	'ne',	'ne');

DROP TABLE IF EXISTS `novinky`;
CREATE TABLE `novinky` (
  `id` int(11) NOT NULL AUTO_INCREMENT,
  `nazev` varchar(128) COLLATE utf8_czech_ci NOT NULL,
  `novinka` text COLLATE utf8_czech_ci NOT NULL,
  `autor` int(11) DEFAULT NULL,
  `datum` datetime DEFAULT NULL,
  PRIMARY KEY (`id`),
  KEY `novinky_autor__users_sys_id` (`autor`),
  CONSTRAINT `novinky_autor__users_sys_id` FOREIGN KEY (`autor`) REFERENCES `users_sys` (`id`) ON DELETE SET NULL ON UPDATE CASCADE
) ENGINE=InnoDB DEFAULT CHARSET=utf8 COLLATE=utf8_czech_ci;

INSERT INTO `novinky` (`id`, `nazev`, `novinka`, `autor`, `datum`) VALUES
(89,	'trewt',	'<strong>NOVINKA</strong> <br/> Na server byla nahrána slibovaná akce sabotáž. Připomínám že akce je dostupná pouze po postavení štábu rozvědky. Akce je to nákladná, avšak může být silnou zbraní.<br /> G&N   ',	1,	'2009-10-04 17:40:20'),
(90,	'adsf',	'Začali jsme generovat výsledek přepočtu jako XML data. Naleznete je  <a href=\"http://www.berlingame.cz/include/export.xml\" target=\"_blank\"> \r\n	zde</a>. Jsou v nich informace o všech scénářích.<br/>\r\nTímto chceme umožnit skriptům snadný přístup k veřejným informacím.<br/>\r\nG&N',	1,	'2009-10-11 19:27:43'),
(94,	'sdf',	'Na server jsem nahrál drobné úpravy. Mrkněte do fóra pro podrobnější info.<br />\r\nG&N',	1,	'2009-10-24 16:46:12'),
(96,	'df',	'Nový update,<br />\r\nmrkněte se na stavbu týlové opravny - její efekt je mnohem silnější. Také se zlevnila akce blízká letecká podpora a o něco zvýšil žold tanků.<br />\r\nG&N',	1,	'2009-11-01 16:56:27'),
(99,	'tip',	'<strong>TIP</strong> <br/> Málokdo ví, že výběrem herní strany můžete do jisté míry ovlivnit místo kam vás systém naloguje do hry. Pokud tedy vidíte že je např. pravá strana mapy hodně zaplněná, je lepší si vybrat spojence (CCCP - loguje napravo, US nalevo)',	1,	'2009-11-23 08:58:56'),
(100,	'ads',	'Po delší době přichází novinka. Jde o novou podpůrnou jednotku (stavbu) - <strong>Protiletadlová brigáda</strong>. Tak se určitě mrkněte co dělá:).<br />\r\nG&N',	1,	'2009-12-05 16:54:25'),
(101,	'd',	'Po včerejší nové stavbě přichází další novinka. Nová akce vrchního velení <strong>Infiltrace</strong><br />\r\nG&N',	1,	'2009-12-06 14:26:14'),
(102,	'd',	'Jsou nové berlínské novinky, nezapomeňte se na ně <a href=\"http://www.berlingame.cz/berlinske_novinky.php\" target=\"_blank\">mrknout</a>.',	1,	'2009-12-22 20:15:29'),
(103,	'df',	'Přichází slibovaná změna bodování úspěšnosti hráčů. Nyní je rozdělená na jednotlivé roky a hlavní je současný rok. V souvislosti s tím jsme zrušili body za dohrané scénáře.<br />\r\nG&N',	1,	'2009-12-30 21:51:17'),
(104,	'zhjtýzjkulll',	'<strong>NOVÝ SERVER</strong> <br/> BG dnešním dnem přešla na nový (doufejme na rychlejší a spolehlivější server) z tohoto důvodu dnes o půlnoci neproběhne přepočet (jelikož kvuli převodu domény neměli všichni stejnou šanci dnes odehrát) <br/>G&N',	1,	'2010-01-08 16:41:10'),
(105,	'df',	'<strong>Úpravy pravidel hry</strong>:<br />\r\nZměnili jsme ceny některých VV akcí, zvýšila se nutná LS pro výhru v týmovém scénáři a hráči mají více paliva do startu. Více informací naleznete ve fóru.<br/>\r\nG&N',	1,	'2010-01-17 13:07:52'),
(107,	'asdf',	'Zlevnili jsme stavbu hangár. Stojí o 1000 zásob méně.',	1,	'2010-02-12 11:31:24'),
(108,	'p',	'Chtěl bych hráče BG informovat o smutné zprávě.<br /> 23. října <strong>zemřel</strong> Grimon - jeden ze dvou autorů hry.<br />\r\nNecromorgon',	1,	'2010-12-03 10:36:15'),
(109,	'asdf',	'Pokud útočí na Berlín více hráčů najednou, vítězí náhodný z nich.<br />\r\nNecro',	1,	'2010-12-20 18:43:56'),
(110,	'adsf',	'Ahoj,<br /> konečně jsem obnovil běh BG. Dokonce s aktuálními daty. Tak dlouhý  výpadek nastal, protože mě buďto podrazila nebo zbankrotovala hostingová firma RightWay.cz u které jsem měl pronajatý server.',	1,	'2011-02-26 15:06:21'),
(111,	'asdf',	'Zdravím,<br>\r\nmohli byste mi do fóra napsat zkušenosti s novým hostingem? Rychlost, stabilitu, vykon a tak.<br>\r\nNecro',	1,	'2011-04-17 20:45:07'),
(112,	'sadf',	'Ahoj,<br />\r\nvčera večer měl hosting nějaké problémy, takže nedoběhl přepočet. Doslechl jsem se, že někdo i nestihl odehrát. Proto přepočet ze soboty na neděli neproběhne. Dnes bude přepočet normálně.<br />\r\nOmlouvám se za problémy<br />\r\nNecro',	1,	'2011-05-15 10:18:05'),
(113,	'sdf',	'Obchod www.top-armyshop.cz nabídl hráčům BG 15% slevu na všechny nákupy. Takže pokud tam něco koupíte, řekněte si o slevu.<br>\r\nNecro',	1,	'2011-05-15 10:33:12');

DROP TABLE IF EXISTS `pocasi`;
CREATE TABLE `pocasi` (
  `id` int(11) NOT NULL AUTO_INCREMENT,
  `nazev` varchar(30) COLLATE utf8_czech_ci NOT NULL,
  `popis` text COLLATE utf8_czech_ci,
  `image` varchar(45) COLLATE utf8_czech_ci NOT NULL,
  PRIMARY KEY (`id`),
  UNIQUE KEY `nazev` (`nazev`)
) ENGINE=InnoDB DEFAULT CHARSET=utf8 COLLATE=utf8_czech_ci;

INSERT INTO `pocasi` (`id`, `nazev`, `popis`, `image`) VALUES
(1,	'Jasno a slunečno',	NULL,	'slunecno.png'),
(2,	'Jasno',	NULL,	'slunecno.png'),
(3,	'Polojasno',	NULL,	'polojasno.png'),
(4,	'Oblačno',	NULL,	'oblacno.png'),
(5,	'Mlha',	NULL,	'mlha.png'),
(6,	'Mrholení',	NULL,	'mrholeni.png'),
(7,	'Déšť',	NULL,	'dest.png'),
(8,	'Silné bouřky a vítr',	NULL,	'bourka.png'),
(9,	'Mráz',	NULL,	'oblacno.png'),
(10,	'Déšť se sněhem',	NULL,	'snih_prehanky.png'),
(11,	'Sněhové přeháňky',	NULL,	'snih_prehanky.png'),
(12,	'Mráz se sněhem',	NULL,	'snih_prehanky.png'),
(13,	'Husté sněžení',	NULL,	'snih_valnice.png'),
(14,	'Sněhová vánice',	NULL,	'snih_valnice.png');

DROP TABLE IF EXISTS `podpora_z_domova`;
CREATE TABLE `podpora_z_domova` (
  `id` int(11) NOT NULL AUTO_INCREMENT,
  `nazev` varchar(50) COLLATE utf8_czech_ci NOT NULL,
  `popis` text COLLATE utf8_czech_ci,
  `cena` int(5) DEFAULT '0',
  `typ` varchar(20) COLLATE utf8_czech_ci DEFAULT NULL,
  `vliv_nazev` varchar(100) COLLATE utf8_czech_ci DEFAULT NULL,
  `vliv_procenta` int(3) DEFAULT '1',
  `vliv_param1` int(3) DEFAULT '0',
  `vliv_param2` int(3) DEFAULT '0',
  `vliv_param3` int(3) DEFAULT '0',
  PRIMARY KEY (`id`)
) ENGINE=InnoDB DEFAULT CHARSET=utf8 COLLATE=utf8_czech_ci;

INSERT INTO `podpora_z_domova` (`id`, `nazev`, `popis`, `cena`, `typ`, `vliv_nazev`, `vliv_procenta`, `vliv_param1`, `vliv_param2`, `vliv_param3`) VALUES
(2,	'Výsadek',	'nejakje popis',	2,	'podpora',	NULL,	1,	0,	0,	0),
(3,	'Očerňující kampaň',	'nejakje popis',	3,	'podpora',	NULL,	1,	0,	0,	0),
(4,	'Propaganda',	'nejakje popis',	4,	'podpora',	NULL,	1,	0,	0,	0),
(5,	'Zásobování ze vzduchu',	'nejakje popis',	7,	'podpora',	NULL,	1,	0,	0,	0),
(6,	'Průzkum',	'nejakje popis',	3,	'velitelstvi',	NULL,	1,	0,	0,	0),
(7,	'Podminování staveb',	'nejakje popis',	4,	'velitelstvi',	NULL,	1,	0,	0,	0),
(8,	'Maskování',	'nejakje popis',	1,	'velitelstvi',	NULL,	1,	0,	0,	0),
(9,	'Útok Sniperů',	'nejakje popis',	8,	'velitelstvi',	NULL,	1,	0,	0,	0),
(10,	'Sabotáž',	'nejakje popis',	7,	'podpora',	NULL,	1,	0,	0,	0),
(11,	'Infiltrace',	'nejakje popis',	5,	'podpora',	NULL,	1,	0,	0,	0);

DROP TABLE IF EXISTS `posta`;
CREATE TABLE `posta` (
  `id` int(11) NOT NULL AUTO_INCREMENT,
  `predchozi` int(11) DEFAULT NULL,
  `id_autor` int(11) NOT NULL,
  `id_prijemce` int(11) NOT NULL,
  `obsah` text COLLATE utf8_czech_ci,
  `predmet` varchar(200) COLLATE utf8_czech_ci DEFAULT NULL,
  `cas` datetime NOT NULL,
  `precteno` int(1) DEFAULT '0',
  PRIMARY KEY (`id`),
  KEY `form` (`cas`),
  KEY `FK__posta_id_autor_users_sys_id` (`id_autor`),
  KEY `FK__posta_id_prijemce_users_sys_id` (`id_prijemce`),
  KEY `FK__posta_predchozi_posta_id` (`predchozi`),
  CONSTRAINT `FK__posta_id_autor_users_sys_id` FOREIGN KEY (`id_autor`) REFERENCES `users_sys` (`id`) ON DELETE CASCADE ON UPDATE CASCADE,
  CONSTRAINT `FK__posta_id_prijemce_users_sys_id` FOREIGN KEY (`id_prijemce`) REFERENCES `users_sys` (`id`) ON DELETE CASCADE ON UPDATE CASCADE,
  CONSTRAINT `FK__posta_predchozi_posta_id` FOREIGN KEY (`predchozi`) REFERENCES `posta` (`id`) ON DELETE CASCADE ON UPDATE CASCADE
) ENGINE=InnoDB DEFAULT CHARSET=utf8 COLLATE=utf8_czech_ci;


DROP TABLE IF EXISTS `questy`;
CREATE TABLE `questy` (
  `id` int(11) NOT NULL AUTO_INCREMENT,
  `nazev` varchar(50) COLLATE utf8_czech_ci NOT NULL,
  `popis` text COLLATE utf8_czech_ci,
  `filepath` varchar(300) COLLATE utf8_czech_ci NOT NULL,
  `function` varchar(50) COLLATE utf8_czech_ci NOT NULL,
  PRIMARY KEY (`id`)
) ENGINE=InnoDB DEFAULT CHARSET=utf8 COLLATE=utf8_czech_ci;


DROP TABLE IF EXISTS `skins`;
CREATE TABLE `skins` (
  `id` int(11) NOT NULL AUTO_INCREMENT,
  `dir` varchar(50) COLLATE utf8_czech_ci NOT NULL,
  `nazev` varchar(50) COLLATE utf8_czech_ci DEFAULT NULL,
  PRIMARY KEY (`id`),
  KEY `nazev` (`nazev`)
) ENGINE=InnoDB DEFAULT CHARSET=utf8 COLLATE=utf8_czech_ci;

INSERT INTO `skins` (`id`, `dir`, `nazev`) VALUES
(1,	'default',	'Základní');

DROP TABLE IF EXISTS `sousede`;
CREATE TABLE `sousede` (
  `zeme1` int(11) NOT NULL,
  `zeme2` int(11) NOT NULL,
  `angle` int(11) NOT NULL DEFAULT '0',
  `dist` int(11) NOT NULL DEFAULT '0',
  PRIMARY KEY (`zeme1`,`zeme2`),
  KEY `sousede_index` (`zeme1`) USING BTREE,
  KEY `sousede_index2` (`zeme2`) USING BTREE,
  CONSTRAINT `FK_sousede_zeme1_zeme_id` FOREIGN KEY (`zeme1`) REFERENCES `zeme` (`id`) ON DELETE CASCADE ON UPDATE CASCADE,
  CONSTRAINT `FK_sousede_zeme2_zeme_id` FOREIGN KEY (`zeme2`) REFERENCES `zeme` (`id`) ON DELETE CASCADE ON UPDATE CASCADE
) ENGINE=InnoDB DEFAULT CHARSET=utf8 COLLATE=utf8_czech_ci;

INSERT INTO `sousede` (`zeme1`, `zeme2`, `angle`, `dist`) VALUES
(1,	2,	10,	50),
(1,	3,	290,	65),
(1,	4,	315,	95),
(2,	1,	190,	40),
(2,	4,	290,	50),
(3,	1,	100,	30),
(3,	4,	10,	40),
(3,	5,	310,	45),
(3,	12,	250,	65),
(4,	1,	180,	50),
(4,	2,	115,	45),
(4,	3,	200,	55),
(4,	5,	250,	55),
(4,	6,	330,	70),
(5,	3,	155,	45),
(5,	4,	70,	25),
(5,	6,	5,	90),
(5,	12,	210,	45),
(5,	13,	290,	50),
(5,	14,	340,	65),
(6,	4,	140,	80),
(6,	5,	160,	60),
(6,	7,	20,	60),
(6,	14,	210,	40),
(6,	15,	280,	55),
(6,	16,	330,	50),
(6,	17,	355,	75),
(7,	6,	210,	48),
(7,	8,	25,	48),
(7,	17,	290,	42),
(8,	7,	205,	50),
(8,	9,	20,	38),
(8,	17,	260,	48),
(8,	18,	290,	55),
(8,	19,	330,	58),
(9,	8,	205,	55),
(9,	19,	275,	55),
(10,	11,	0,	48),
(10,	21,	270,	80),
(10,	22,	300,	55),
(11,	10,	175,	40),
(11,	12,	35,	50),
(11,	22,	278,	48),
(11,	23,	320,	55),
(12,	3,	70,	30),
(12,	5,	15,	65),
(12,	11,	220,	48),
(12,	13,	335,	120),
(12,	23,	270,	65),
(12,	24,	310,	45),
(13,	5,	110,	45),
(13,	12,	175,	30),
(13,	14,	40,	30),
(13,	15,	345,	110),
(13,	24,	210,	55),
(13,	25,	255,	50),
(13,	26,	310,	70),
(14,	5,	140,	35),
(14,	6,	30,	31),
(14,	13,	225,	40),
(14,	15,	325,	48),
(15,	6,	105,	30),
(15,	13,	215,	42),
(15,	14,	150,	52),
(15,	16,	30,	30),
(15,	26,	265,	58),
(15,	27,	320,	55),
(16,	6,	150,	48),
(16,	15,	200,	48),
(16,	17,	40,	25),
(16,	27,	290,	53),
(16,	28,	350,	48),
(17,	6,	180,	58),
(17,	7,	75,	25),
(17,	8,	30,	62),
(17,	16,	230,	45),
(17,	18,	5,	55),
(17,	28,	290,	42),
(18,	8,	100,	25),
(18,	17,	190,	30),
(18,	19,	30,	40),
(18,	28,	250,	58),
(18,	29,	300,	51),
(19,	8,	150,	45),
(19,	9,	115,	30),
(19,	18,	200,	35),
(19,	20,	310,	52),
(19,	29,	265,	55),
(20,	19,	160,	25),
(20,	29,	205,	44),
(20,	30,	250,	55),
(21,	10,	90,	35),
(21,	22,	30,	53),
(21,	31,	275,	82),
(21,	32,	320,	48),
(22,	10,	160,	63),
(22,	11,	80,	30),
(22,	21,	195,	52),
(22,	23,	25,	50),
(22,	32,	264,	50),
(22,	33,	345,	60),
(23,	11,	180,	40),
(23,	12,	90,	30),
(23,	22,	205,	39),
(23,	24,	25,	30),
(23,	25,	320,	88),
(23,	33,	275,	45),
(23,	35,	300,	65),
(24,	12,	110,	45),
(24,	13,	350,	35),
(24,	23,	190,	35),
(24,	25,	320,	53),
(25,	13,	80,	30),
(25,	23,	210,	62),
(25,	24,	145,	30),
(25,	26,	355,	40),
(25,	35,	230,	85),
(25,	36,	250,	85),
(25,	37,	285,	39),
(26,	13,	120,	30),
(26,	15,	12,	73),
(26,	25,	190,	45),
(26,	27,	2,	95),
(26,	37,	230,	43),
(26,	38,	268,	52),
(26,	39,	310,	50),
(26,	40,	352,	95),
(27,	15,	160,	44),
(27,	16,	85,	34),
(27,	26,	198,	59),
(27,	28,	40,	50),
(27,	40,	270,	57),
(27,	41,	345,	42),
(28,	16,	180,	30),
(28,	17,	100,	35),
(28,	18,	40,	32),
(28,	27,	225,	48),
(28,	29,	340,	40),
(28,	41,	275,	65),
(29,	18,	100,	30),
(29,	19,	65,	50),
(29,	20,	30,	53),
(29,	28,	210,	50),
(29,	30,	340,	40),
(29,	41,	232,	72),
(29,	43,	255,	55),
(30,	20,	70,	28),
(30,	29,	135,	35),
(30,	43,	230,	65),
(30,	44,	290,	70),
(31,	21,	95,	65),
(31,	32,	15,	78),
(31,	48,	275,	50),
(31,	49,	330,	52),
(32,	21,	170,	35),
(32,	22,	60,	39),
(32,	31,	250,	40),
(32,	33,	15,	45),
(32,	34,	313,	45),
(32,	49,	275,	98),
(32,	50,	290,	90),
(33,	22,	120,	20),
(33,	23,	60,	40),
(33,	32,	215,	58),
(33,	34,	258,	50),
(33,	35,	350,	40),
(34,	32,	185,	40),
(34,	33,	90,	26),
(34,	35,	35,	22),
(34,	50,	270,	38),
(34,	51,	340,	55),
(35,	23,	75,	50),
(35,	25,	20,	35),
(35,	33,	188,	45),
(35,	34,	245,	50),
(35,	36,	345,	35),
(35,	51,	283,	45),
(36,	25,	102,	25),
(36,	35,	140,	48),
(36,	37,	43,	33),
(36,	38,	0,	65),
(36,	51,	210,	42),
(36,	52,	284,	43),
(36,	53,	335,	79),
(37,	25,	155,	35),
(37,	26,	40,	35),
(37,	36,	260,	40),
(37,	38,	350,	38),
(38,	26,	90,	30),
(38,	36,	220,	45),
(38,	37,	140,	45),
(38,	39,	40,	30),
(38,	53,	270,	42),
(38,	55,	315,	60),
(39,	26,	105,	30),
(39,	38,	210,	39),
(39,	40,	0,	45),
(39,	55,	290,	65),
(40,	26,	135,	60),
(40,	27,	80,	32),
(40,	39,	180,	36),
(40,	41,	23,	51),
(40,	42,	350,	45),
(40,	55,	260,	65),
(41,	27,	160,	46),
(41,	28,	100,	30),
(41,	29,	47,	40),
(41,	40,	217,	60),
(41,	42,	265,	42),
(41,	43,	355,	40),
(42,	40,	170,	46),
(42,	41,	80,	25),
(42,	43,	10,	55),
(42,	55,	225,	48),
(42,	57,	280,	52),
(43,	29,	110,	50),
(43,	30,	55,	30),
(43,	41,	170,	25),
(43,	42,	245,	55),
(43,	44,	0,	25),
(44,	30,	80,	27),
(44,	43,	180,	37),
(44,	46,	285,	55),
(46,	44,	105,	24),
(46,	47,	285,	42),
(47,	46,	55,	25),
(47,	61,	220,	42),
(47,	63,	310,	65),
(48,	31,	80,	23),
(48,	49,	0,	50),
(48,	64,	210,	45),
(48,	66,	239,	50),
(48,	68,	293,	55),
(48,	69,	317,	48),
(49,	31,	120,	35),
(49,	32,	58,	35),
(49,	48,	195,	45),
(49,	50,	10,	40),
(49,	69,	250,	57),
(49,	71,	310,	59),
(50,	32,	163,	35),
(50,	34,	60,	35),
(50,	49,	200,	55),
(50,	51,	355,	60),
(50,	71,	243,	69),
(50,	74,	275,	45),
(50,	75,	320,	59),
(51,	34,	170,	43),
(51,	35,	115,	33),
(51,	36,	65,	28),
(51,	50,	220,	43),
(51,	52,	325,	45),
(51,	75,	270,	70),
(51,	76,	277,	108),
(51,	77,	300,	83),
(52,	36,	70,	28),
(52,	51,	210,	45),
(52,	53,	350,	38),
(52,	77,	270,	49),
(53,	36,	140,	43),
(53,	38,	90,	55),
(53,	52,	175,	48),
(53,	54,	0,	44),
(53,	55,	35,	53),
(53,	77,	230,	63),
(53,	79,	290,	75),
(54,	53,	170,	46),
(54,	55,	110,	25),
(54,	56,	335,	37),
(54,	79,	245,	44),
(54,	81,	290,	70),
(55,	38,	170,	75),
(55,	39,	135,	25),
(55,	40,	60,	27),
(55,	42,	25,	80),
(55,	53,	190,	70),
(55,	54,	210,	52),
(55,	56,	310,	50),
(55,	57,	0,	70),
(56,	54,	195,	63),
(56,	55,	115,	35),
(56,	57,	45,	31),
(56,	58,	340,	50),
(56,	81,	225,	45),
(56,	86,	290,	75),
(57,	42,	110,	25),
(57,	55,	170,	40),
(57,	56,	225,	45),
(57,	58,	280,	45),
(57,	59,	350,	50),
(58,	56,	160,	30),
(58,	57,	110,	33),
(58,	59,	45,	30),
(58,	60,	340,	49),
(58,	86,	250,	50),
(58,	89,	280,	45),
(59,	57,	160,	28),
(59,	58,	240,	50),
(59,	60,	280,	57),
(59,	61,	355,	34),
(60,	58,	160,	25),
(60,	59,	88,	34),
(60,	61,	29,	38),
(60,	62,	0,	45),
(60,	89,	230,	52),
(60,	90,	280,	45),
(61,	47,	40,	24),
(61,	59,	170,	40),
(61,	60,	245,	68),
(61,	62,	275,	56),
(61,	63,	330,	55),
(62,	60,	180,	25),
(62,	61,	110,	26),
(62,	63,	35,	35),
(62,	90,	260,	50),
(62,	91,	320,	46),
(63,	47,	70,	48),
(63,	61,	130,	28),
(63,	62,	210,	40),
(63,	91,	280,	50),
(64,	48,	10,	60),
(64,	65,	270,	80),
(64,	66,	315,	50),
(65,	64,	100,	59),
(65,	66,	50,	30),
(65,	67,	350,	65),
(65,	93,	300,	45),
(66,	48,	75,	64),
(66,	64,	128,	35),
(66,	65,	225,	57),
(66,	67,	310,	50),
(66,	68,	38,	22),
(67,	65,	190,	50),
(67,	66,	120,	35),
(67,	68,	85,	48),
(67,	69,	45,	38),
(67,	70,	10,	40),
(67,	93,	230,	70),
(67,	96,	260,	65),
(67,	98,	320,	50),
(68,	48,	90,	22),
(68,	66,	210,	39),
(68,	67,	280,	55),
(68,	69,	350,	38),
(69,	48,	110,	63),
(69,	49,	70,	45),
(69,	67,	250,	60),
(69,	68,	150,	25),
(69,	70,	298,	53),
(69,	71,	25,	25),
(69,	72,	340,	38),
(70,	67,	190,	40),
(70,	69,	130,	34),
(70,	72,	80,	40),
(70,	73,	350,	50),
(70,	98,	247,	43),
(70,	99,	295,	46),
(71,	49,	110,	22),
(71,	50,	40,	34),
(71,	69,	220,	45),
(71,	72,	280,	43),
(71,	74,	5,	49),
(72,	69,	160,	45),
(72,	70,	250,	40),
(72,	71,	95,	21),
(72,	73,	325,	55),
(72,	74,	38,	50),
(73,	70,	170,	28),
(73,	72,	100,	28),
(73,	74,	73,	98),
(73,	75,	63,	100),
(73,	76,	38,	65),
(73,	99,	270,	55),
(73,	103,	320,	56),
(74,	50,	120,	30),
(74,	71,	195,	28),
(74,	72,	250,	48),
(74,	73,	300,	47),
(74,	75,	10,	28),
(75,	50,	120,	30),
(75,	51,	45,	30),
(75,	73,	250,	53),
(75,	74,	185,	28),
(75,	76,	280,	50),
(76,	51,	85,	75),
(76,	73,	190,	34),
(76,	75,	110,	55),
(76,	77,	68,	74),
(76,	78,	0,	30),
(76,	103,	260,	78),
(76,	105,	310,	45),
(77,	51,	145,	45),
(77,	52,	95,	34),
(77,	53,	45,	40),
(77,	76,	225,	65),
(77,	78,	285,	53),
(77,	79,	345,	77),
(78,	76,	190,	60),
(78,	77,	100,	25),
(78,	79,	10,	40),
(78,	80,	325,	80),
(78,	105,	240,	63),
(78,	107,	280,	45),
(79,	53,	95,	35),
(79,	54,	42,	65),
(79,	77,	150,	35),
(79,	78,	210,	55),
(79,	80,	280,	59),
(79,	81,	10,	40),
(79,	82,	333,	70),
(80,	78,	110,	29),
(80,	79,	57,	72),
(80,	82,	30,	90),
(80,	83,	5,	48),
(80,	107,	200,	50),
(80,	108,	285,	77),
(81,	54,	115,	40),
(81,	56,	40,	25),
(81,	79,	190,	65),
(81,	82,	275,	41),
(81,	86,	330,	62),
(82,	79,	160,	45),
(82,	80,	200,	48),
(82,	81,	90,	25),
(82,	83,	260,	48),
(82,	84,	310,	78),
(82,	86,	10,	45),
(83,	80,	180,	43),
(83,	82,	70,	28),
(83,	84,	350,	50),
(83,	108,	245,	85),
(83,	114,	263,	85),
(84,	82,	78,	40),
(84,	83,	140,	23),
(84,	85,	330,	44),
(84,	86,	45,	75),
(84,	87,	20,	80),
(84,	114,	245,	87),
(85,	84,	120,	21),
(85,	87,	50,	50),
(85,	88,	0,	48),
(85,	114,	220,	75),
(86,	56,	100,	45),
(86,	58,	66,	58),
(86,	81,	140,	42),
(86,	82,	185,	30),
(86,	84,	270,	45),
(86,	87,	305,	65),
(86,	89,	10,	27),
(87,	84,	200,	35),
(87,	85,	240,	58),
(87,	86,	150,	30),
(87,	88,	280,	40),
(87,	89,	80,	25),
(87,	90,	355,	68),
(88,	85,	200,	40),
(88,	87,	50,	30),
(89,	58,	107,	53),
(89,	60,	50,	28),
(89,	86,	170,	38),
(89,	87,	270,	47),
(89,	90,	350,	38),
(90,	60,	140,	73),
(90,	62,	80,	40),
(90,	87,	220,	46),
(90,	89,	160,	72),
(90,	91,	30,	47),
(90,	92,	340,	60),
(91,	62,	150,	35),
(91,	63,	100,	35),
(91,	90,	210,	40),
(91,	92,	290,	50),
(92,	90,	175,	39),
(92,	91,	100,	25),
(93,	65,	120,	20),
(93,	67,	30,	45),
(93,	94,	270,	44),
(93,	96,	315,	45),
(94,	93,	70,	30),
(94,	95,	310,	42),
(94,	96,	20,	54),
(95,	94,	140,	28),
(95,	96,	40,	35),
(95,	97,	352,	44),
(95,	118,	280,	40),
(96,	67,	90,	39),
(96,	93,	138,	39),
(96,	94,	210,	44),
(96,	95,	250,	69),
(96,	97,	300,	47),
(96,	98,	15,	57),
(97,	95,	222,	62),
(97,	96,	145,	23),
(97,	98,	60,	45),
(97,	100,	30,	65),
(97,	101,	305,	47),
(97,	118,	241,	60),
(98,	67,	130,	28),
(98,	70,	70,	23),
(98,	96,	200,	50),
(98,	97,	260,	70),
(98,	99,	340,	38),
(98,	100,	300,	50),
(99,	70,	130,	48),
(99,	73,	48,	20),
(99,	98,	180,	39),
(99,	100,	250,	38),
(99,	102,	300,	45),
(99,	103,	0,	57),
(100,	97,	190,	31),
(100,	98,	138,	42),
(100,	99,	35,	23),
(100,	101,	245,	73),
(100,	102,	298,	43),
(101,	97,	170,	50),
(101,	100,	100,	24),
(101,	102,	35,	40),
(101,	118,	200,	78),
(101,	119,	220,	68),
(101,	120,	270,	42),
(102,	99,	75,	60),
(102,	100,	165,	27),
(102,	101,	210,	45),
(102,	103,	43,	78),
(102,	104,	0,	30),
(102,	120,	255,	67),
(103,	73,	150,	30),
(103,	76,	90,	24),
(103,	99,	200,	35),
(103,	102,	250,	50),
(103,	104,	285,	60),
(103,	105,	350,	31),
(104,	102,	150,	35),
(104,	103,	65,	70),
(104,	105,	54,	75),
(104,	106,	20,	33),
(104,	120,	218,	85),
(104,	122,	250,	51),
(104,	124,	290,	77),
(105,	76,	130,	30),
(105,	78,	55,	40),
(105,	103,	220,	38),
(105,	104,	255,	89),
(105,	106,	270,	94),
(105,	107,	350,	41),
(105,	108,	295,	88),
(106,	104,	190,	40),
(106,	105,	90,	40),
(106,	108,	30,	49),
(106,	109,	340,	39),
(106,	110,	290,	54),
(106,	124,	255,	73),
(107,	78,	80,	65),
(107,	80,	20,	30),
(107,	105,	200,	52),
(107,	108,	307,	52),
(108,	80,	45,	59),
(108,	83,	23,	84),
(108,	105,	160,	62),
(108,	106,	195,	60),
(108,	107,	90,	44),
(108,	109,	260,	39),
(108,	111,	340,	38),
(108,	114,	0,	89),
(109,	106,	160,	49),
(109,	108,	80,	25),
(109,	110,	250,	75),
(109,	111,	350,	50),
(110,	106,	145,	80),
(110,	109,	110,	25),
(110,	111,	60,	33),
(110,	112,	350,	45),
(110,	124,	180,	65),
(110,	126,	270,	38),
(111,	108,	125,	50),
(111,	109,	190,	29),
(111,	110,	233,	89),
(111,	112,	253,	75),
(111,	113,	300,	49),
(111,	114,	20,	30),
(112,	110,	170,	40),
(112,	111,	120,	48),
(112,	113,	60,	22),
(112,	115,	350,	63),
(112,	126,	225,	42),
(112,	127,	270,	40),
(113,	111,	135,	30),
(113,	112,	260,	44),
(113,	114,	80,	22),
(113,	115,	308,	43),
(113,	116,	350,	42),
(114,	83,	123,	50),
(114,	84,	80,	20),
(114,	85,	15,	30),
(114,	108,	150,	50),
(114,	111,	190,	43),
(114,	113,	260,	60),
(114,	116,	312,	78),
(115,	112,	160,	35),
(115,	113,	100,	58),
(115,	116,	70,	48),
(115,	117,	18,	42),
(115,	127,	210,	48),
(115,	128,	305,	53),
(115,	143,	250,	63),
(116,	113,	170,	35),
(116,	114,	90,	41),
(116,	115,	250,	42),
(116,	117,	293,	45),
(117,	115,	180,	31),
(117,	116,	90,	28),
(117,	128,	290,	48),
(118,	95,	90,	31),
(118,	97,	45,	75),
(118,	101,	25,	68),
(118,	119,	345,	40),
(119,	101,	90,	43),
(119,	118,	170,	31),
(119,	120,	15,	48),
(119,	121,	315,	60),
(120,	101,	100,	23),
(120,	102,	50,	51),
(120,	104,	40,	58),
(120,	119,	190,	40),
(120,	121,	300,	48),
(120,	122,	15,	40),
(121,	119,	180,	69),
(121,	120,	110,	25),
(121,	122,	45,	50),
(121,	123,	340,	52),
(121,	124,	21,	68),
(121,	129,	255,	68),
(121,	131,	285,	75),
(122,	104,	70,	23),
(122,	120,	190,	32),
(122,	121,	260,	40),
(122,	124,	330,	45),
(123,	121,	170,	33),
(123,	124,	70,	60),
(123,	125,	20,	35),
(123,	131,	240,	45),
(123,	133,	290,	54),
(123,	136,	335,	83),
(124,	104,	120,	39),
(124,	106,	78,	37),
(124,	110,	0,	52),
(124,	121,	215,	72),
(124,	122,	190,	50),
(124,	123,	250,	50),
(124,	125,	290,	42),
(124,	126,	338,	85),
(125,	123,	200,	45),
(125,	124,	100,	32),
(125,	126,	10,	50),
(125,	136,	300,	57),
(126,	110,	80,	22),
(126,	112,	24,	45),
(126,	124,	148,	40),
(126,	125,	190,	37),
(126,	127,	350,	54),
(126,	136,	255,	50),
(126,	140,	288,	54),
(127,	112,	90,	22),
(127,	115,	10,	40),
(127,	126,	170,	30),
(127,	140,	240,	60),
(127,	143,	290,	40),
(128,	115,	165,	40),
(128,	117,	90,	20),
(128,	143,	205,	75),
(128,	147,	270,	55),
(128,	149,	340,	40),
(129,	121,	50,	70),
(129,	130,	270,	60),
(129,	131,	0,	32),
(129,	132,	304,	65),
(130,	129,	90,	54),
(130,	132,	35,	25),
(131,	121,	110,	30),
(131,	123,	50,	48),
(131,	129,	180,	30),
(131,	132,	260,	55),
(131,	133,	0,	55),
(131,	134,	320,	44),
(132,	129,	140,	40),
(132,	130,	200,	52),
(132,	131,	80,	48),
(132,	134,	30,	32),
(132,	135,	340,	65),
(133,	123,	110,	20),
(133,	131,	180,	48),
(133,	134,	250,	42),
(133,	136,	350,	60),
(134,	131,	110,	23),
(134,	132,	220,	60),
(134,	133,	50,	28),
(134,	135,	280,	60),
(134,	136,	0,	68),
(134,	137,	330,	64),
(135,	132,	170,	50),
(135,	134,	130,	50),
(135,	137,	60,	25),
(135,	139,	340,	89),
(136,	123,	175,	45),
(136,	125,	110,	37),
(136,	126,	48,	44),
(136,	133,	200,	50),
(136,	134,	225,	89),
(136,	137,	250,	89),
(136,	138,	280,	71),
(136,	140,	350,	42),
(137,	134,	150,	30),
(137,	135,	250,	43),
(137,	136,	70,	33),
(137,	138,	20,	41),
(137,	139,	320,	60),
(138,	136,	110,	30),
(138,	137,	200,	38),
(138,	139,	280,	47),
(138,	140,	20,	38),
(139,	135,	200,	36),
(139,	137,	152,	35),
(139,	138,	90,	32),
(139,	140,	38,	58),
(139,	141,	0,	40),
(140,	126,	108,	64),
(140,	127,	70,	50),
(140,	136,	160,	30),
(140,	138,	240,	45),
(140,	139,	270,	99),
(140,	141,	287,	99),
(140,	142,	320,	47),
(140,	143,	20,	47),
(141,	139,	180,	44),
(141,	140,	120,	40),
(141,	142,	70,	27),
(141,	144,	0,	58),
(142,	140,	170,	54),
(142,	141,	250,	44),
(142,	143,	85,	55),
(142,	144,	300,	52),
(142,	146,	350,	47),
(142,	147,	30,	79),
(143,	115,	40,	40),
(143,	127,	145,	26),
(143,	128,	10,	45),
(143,	140,	210,	44),
(143,	142,	288,	58),
(143,	147,	347,	54),
(144,	141,	190,	35),
(144,	142,	120,	23),
(144,	145,	0,	55),
(144,	146,	60,	34),
(145,	144,	180,	40),
(145,	146,	110,	23),
(146,	142,	180,	39),
(146,	144,	250,	43),
(146,	145,	300,	49),
(146,	147,	70,	20),
(146,	148,	10,	60),
(147,	128,	90,	39),
(147,	142,	200,	50),
(147,	143,	153,	77),
(147,	146,	270,	52),
(147,	148,	340,	54),
(147,	149,	49,	57),
(147,	150,	5,	81),
(148,	146,	220,	45),
(148,	147,	150,	25),
(148,	150,	34,	34),
(149,	128,	130,	25),
(149,	147,	220,	42),
(149,	150,	315,	46),
(150,	147,	200,	53),
(150,	148,	240,	42),
(150,	149,	130,	20);

DROP TABLE IF EXISTS `stavby`;
CREATE TABLE `stavby` (
  `id` int(11) NOT NULL AUTO_INCREMENT,
  `nazev` varchar(50) COLLATE utf8_czech_ci NOT NULL,
  `popis` text COLLATE utf8_czech_ci,
  `typ` varchar(10) COLLATE utf8_czech_ci NOT NULL,
  `cena_suroviny` int(5) NOT NULL,
  `cena_palivo` int(5) NOT NULL,
  `strana` varchar(10) COLLATE utf8_czech_ci NOT NULL,
  PRIMARY KEY (`id`)
) ENGINE=InnoDB DEFAULT CHARSET=utf8 COLLATE=utf8_czech_ci;

INSERT INTO `stavby` (`id`, `nazev`, `popis`, `typ`, `cena_suroviny`, `cena_palivo`, `strana`) VALUES
(1,	'Letiště',	'Efekt: Denně umožňuje 8 leteckých útoků a bezprostředně po postavení jednorázově zvýší tvou současnou leteckou sílu o 3<br />Provoz stojí 500 surovin/tah',	'zarizeni',	18000,	1500,	'all'),
(2,	'Polní letiště',	'Efekt: Denně umožňuje 4 letecké útoky<br />Provoz stojí 500 surovin/tah',	'zarizeni',	6000,	400,	'all'),
(3,	'Hangár',	'Efekt: Denně umožňuje 2 letecké útoky, zároveň zvyšuje limit maximální letecké síly o 3.<br /><span style=\\\"color:red;\\\">Požadavky: jakékoliv letiště</span>',	'zarizeni',	2000,	0,	'all'),
(4,	'Zásobovací sklad',	'Efekt: produkuje 500 zásob za 1 Tah',	'zarizeni',	500,	0,	'all'),
(5,	'Muniční sklad',	'Efekt: produkuje 1000 zásob za 1 Tah<br /><span style=\\\"color:red;\\\">Požadavky: infrastruktura sektoru 25%</span>',	'zarizeni',	3000,	50,	'all'),
(6,	'Tankovací stanice',	'Efekt: produkuje 50 paliva za 1 Tah',	'zarizeni',	1000,	0,	'all'),
(7,	'Sklad pohonných hmot',	'Efekt: produkuje 150 paliva za 1 Tah<br /><span style=\\\"color:red;\\\">Požadavky: infrastruktura sektoru 20%</span>',	'zarizeni',	900,	600,	'all'),
(8,	'Železniční překladiště',	'Efekt: produkuje 1500 zásob a 100 paliva za 1 Tah<br /><span style=\\\"color:red;\\\">Požadavky: infrastruktura sektoru 40%</span>',	'zarizeni',	4000,	4000,	'all'),
(9,	'Centrální skladiště',	'Efekt: zvyšuje ve všech sektorech produkci zásob a paliva o 5% (tuto stavbu můžeš mít ve hře jen jednu)',	'zarizeni',	7500,	750,	'all'),
(10,	'Polní nemocnice',	'Efekt: sníží cenu každého pěšího družstva v sektoru o 10 zásob.',	'zarizeni',	800,	10,	'all'),
(11,	'Bunkr',	'Efekt: zvyšuje obranu sektoru o 300 a zároveň způsobuje útočícím tankům a pěchotě o 20% vyšší ztráty.<br /><span style=\\\"color:red;\\\">Požadavky: infrastruktura sektoru 25%</span>',	'zarizeni',	17000,	0,	'all'),
(12,	'Kryt',	'Efekt: ztráty pěchoty jsou při leteckých akcích o 50% menší',	'zarizeni',	2500,	50,	'us'),
(13,	'Minové pole',	'Efekt: zvyšuje obranu sektoru o 75 a zároveň způsobuje útočníkům vyšší ztráty.<br /> Útočící pěchotě i tankům o 50% vyšší<br /><span style=\\\"color:red;\\\">Požadavky: je nutné povolat ženijní brigádu</span>',	'zarizeni',	2500,	0,	'all'),
(14,	'Zemljanka',	'Efekt: ztráty pěchoty při leteckých a pozemních akcích jsou o 25% menší.',	'zarizeni',	250,	0,	'sssr'),
(15,	'Vrchní velitelství',	'Efekt: Její vlastnictví umožňuje získávat herní surovinu body vlivu + používat podpůrné akce vrchního velení(tuto stavbu můžeš mít ve hře jen jednu)',	'zarizeni',	10000,	250,	'all'),
(16,	'Kaťuša',	'Efekt: přidá ke všem tvým pozemním útokům z tohoto sektoru 20% bonus',	'jednotky',	7000,	200,	'sssr'),
(17,	'Dělostřelecká baterie',	'Efekt: přidá ke všem tvým pozemním útokům z tohoto sektoru 20% bonus',	'jednotky',	5000,	180,	'all'),
(18,	'Flak',	'Efekt: Zvyšuje tvou protivzdušnou obranu sektoru o 30',	'jednotky',	2500,	20,	'all'),
(19,	'Týlové opravny',	'Efekt: sníží cenu každého tanku v sektoru o 300 zásob.<br /><span style=\\\"color:red;\\\">Požadavky: infrastruktura sektoru 25%</span>',	'zarizeni',	2400,	50,	'all'),
(20,	'MP (vojenská policie)',	'Efekt: Zvyšuje sílu kontrarozvědky v sektoru o 29% a umožnuje také budovat stanice vojenské policie.',	'jednotky',	2000,	50,	'all'),
(21,	'Ženijní brigáda',	'Efekt: Automaticky v sektoru opravuje infrastrukturu, do výše 25%. Nad 25% je nutno opravy dotovat z osobních zdrojů.',	'jednotky',	1500,	10,	'all'),
(22,	'MASH',	'Efekt: sníží cenu každého pěšího družstva v sektoru o 5 zásob.',	'jednotky',	300,	0,	'us'),
(23,	'Štáb rozvědky',	'Efekt: přidává 25 bodů vlivu za tah<br />postavení stavby zdvojnásobí kolaps v zásobování<br />Tuto stavbu můžeš mít ve hře jen jednu.',	'zarizeni',	20000,	1500,	'all'),
(24,	'Protiletadlová brigáda',	'Efekt: zdvojnásobí účinek již postavených stanovišť PVO<br /><span style=\\\"color:red;\\\"> Nelze mít v jednom sektoru zároveň letiště a protiletadlovou brigádu.</span>',	'jednotky',	4000,	3000,	'all');

DROP TABLE IF EXISTS `symboly`;
CREATE TABLE `symboly` (
  `id` int(11) NOT NULL AUTO_INCREMENT,
  `cislo` int(5) NOT NULL,
  `strana` varchar(20) COLLATE utf8_czech_ci NOT NULL,
  PRIMARY KEY (`id`)
) ENGINE=InnoDB DEFAULT CHARSET=utf8 COLLATE=utf8_czech_ci;

INSERT INTO `symboly` (`id`, `cislo`, `strana`) VALUES
(1,	1,	'u'),
(2,	2,	'u'),
(3,	3,	'u'),
(4,	4,	'u'),
(5,	5,	'u'),
(6,	6,	'u'),
(7,	7,	'u'),
(8,	8,	'u'),
(9,	9,	'u'),
(10,	10,	'u'),
(11,	1,	's'),
(12,	2,	's'),
(13,	3,	's'),
(14,	4,	's'),
(15,	5,	's'),
(16,	6,	's'),
(17,	7,	's'),
(18,	8,	's'),
(19,	9,	's'),
(20,	10,	's'),
(21,	11,	'u'),
(22,	12,	'u'),
(23,	13,	'u'),
(24,	14,	'u'),
(25,	15,	'u'),
(26,	11,	's'),
(27,	12,	's'),
(28,	13,	's'),
(29,	14,	's'),
(30,	15,	's');

DROP VIEW IF EXISTS `users_active_view`;
CREATE TABLE `users_active_view` (`id` int(11), `login` varchar(20), `pass` varchar(32), `email` varchar(50), `group_id` varchar(30), `account_created` datetime, `last_activity` datetime, `login_count` int(11), `account_active` tinyint(1), `disabled_time` datetime, `expires` date, `skin_id` int(11), `remarks` text, `last_login_time` datetime);


DROP TABLE IF EXISTS `users_hrac`;
CREATE TABLE `users_hrac` (
  `id_user` int(11) NOT NULL,
  `email_valid` int(2) DEFAULT '0',
  `zkusenost` varchar(20) COLLATE utf8_czech_ci DEFAULT 'novacek',
  `kredity` int(11) DEFAULT '0',
  `vitezne_body_2009` int(11) DEFAULT NULL,
  `kc` int(11) DEFAULT '0',
  `banned_forum` int(2) DEFAULT '0',
  `foto_filepath` varchar(150) COLLATE utf8_czech_ci DEFAULT NULL,
  `odehranych_dnu` int(10) DEFAULT '0',
  `prihlasil` int(2) DEFAULT '0',
  `vitezne_body_2008` int(11) DEFAULT '0',
  `vitezne_body_2010` int(11) DEFAULT '0',
  `vitezne_body_2011` int(11) DEFAULT '0',
  `vitezne_body_2012` int(11) DEFAULT '0',
  `vitezne_body_2013` int(11) DEFAULT NULL,
  PRIMARY KEY (`id_user`),
  CONSTRAINT `FK__users_hrac_id_user_users_sys_id` FOREIGN KEY (`id_user`) REFERENCES `users_sys` (`id`) ON DELETE CASCADE ON UPDATE CASCADE
) ENGINE=InnoDB DEFAULT CHARSET=utf8 COLLATE=utf8_czech_ci;


DROP TABLE IF EXISTS `users_stat`;
CREATE TABLE `users_stat` (
  `id_user` int(11) NOT NULL,
  `hranych_elite_dm` int(10) DEFAULT '0',
  `hranych_deathmatch` int(10) DEFAULT '0',
  `hranych_team` int(10) DEFAULT '0',
  `hranych_trening` int(10) DEFAULT '0',
  `opustenych_lig` int(10) DEFAULT '0',
  `znicen_v_ligach` int(10) DEFAULT '0',
  `odehranych_dnu_bez_statistik` int(10) DEFAULT '0',
  `her_s_sssr` int(10) DEFAULT '0',
  `her_s_us` int(10) DEFAULT '0',
  `pocet_utoku` int(10) DEFAULT '0',
  `pocet_uspesnych_utoku` int(10) DEFAULT '0',
  `pocet_utoku_neutralka` int(10) DEFAULT '0',
  `pocet_uspesnych_utoku_neutralka` int(10) DEFAULT '0',
  `pocet_obran` int(10) DEFAULT '0',
  `pocet_uspesnych_obran` int(10) DEFAULT '0',
  `pocet_akci_podpora_pozitivni` int(10) DEFAULT '0',
  `pocet_akci_podpora_negativni` int(10) DEFAULT '0',
  `pocet_akci_podpora_uspesny` int(10) DEFAULT '0',
  `pocet_akci_podpora_uspesny_na_hrace` int(10) DEFAULT '0',
  `pocet_akci_letectvo_pozitivni` int(10) DEFAULT '0',
  `pocet_akci_letectvo_negativni` int(10) DEFAULT '0',
  `pocet_akci_letectvo_uspesny` int(10) DEFAULT '0',
  `pocet_akci_letectvo_uspesny_na_hrace` int(10) DEFAULT '0',
  PRIMARY KEY (`id_user`),
  CONSTRAINT `FK__users_stat_id_user_users_sys_id` FOREIGN KEY (`id_user`) REFERENCES `users_sys` (`id`) ON DELETE CASCADE ON UPDATE CASCADE
) ENGINE=InnoDB DEFAULT CHARSET=utf8 COLLATE=utf8_czech_ci;


DROP TABLE IF EXISTS `users_sys`;
CREATE TABLE `users_sys` (
  `id` int(11) NOT NULL AUTO_INCREMENT,
  `login` varchar(20) COLLATE utf8_czech_ci NOT NULL,
  `pass` varchar(32) COLLATE utf8_czech_ci DEFAULT NULL,
  `email` varchar(50) COLLATE utf8_czech_ci DEFAULT NULL,
  `group_id` varchar(30) COLLATE utf8_czech_ci NOT NULL,
  `account_created` datetime NOT NULL,
  `last_activity` datetime NOT NULL DEFAULT '0000-00-00 00:00:00',
  `login_count` int(11) NOT NULL DEFAULT '0',
  `account_active` tinyint(1) NOT NULL DEFAULT '1',
  `disabled_time` datetime DEFAULT NULL,
  `expires` date DEFAULT NULL,
  `skin_id` int(11) DEFAULT NULL,
  `remarks` text COLLATE utf8_czech_ci,
  `last_login_time` datetime DEFAULT NULL,
  `reference_od_id` int(11) DEFAULT NULL,
  `ip_adresa_registrace` varchar(25) COLLATE utf8_czech_ci DEFAULT '',
  `ip_adresa_posledni` varchar(25) COLLATE utf8_czech_ci DEFAULT '',
  `multak` int(5) DEFAULT '0',
  PRIMARY KEY (`id`),
  UNIQUE KEY `login` (`login`),
  KEY `FK__users_sys_group_id__groups_group_id` (`group_id`),
  KEY `FK_users_sys_skin_id_skins_id` (`skin_id`),
  CONSTRAINT `FK_users_sys_skin_id_skins_id` FOREIGN KEY (`skin_id`) REFERENCES `skins` (`id`) ON DELETE SET NULL ON UPDATE CASCADE,
  CONSTRAINT `FK__users_sys_group_id__groups_group_id` FOREIGN KEY (`group_id`) REFERENCES `groups` (`group_id`) ON UPDATE CASCADE
) ENGINE=InnoDB DEFAULT CHARSET=utf8 COLLATE=utf8_czech_ci;

INSERT INTO `users_sys` (`id`, `login`, `pass`, `email`, `group_id`, `account_created`, `last_activity`, `login_count`, `account_active`, `disabled_time`, `expires`, `skin_id`, `remarks`, `last_login_time`, `reference_od_id`, `ip_adresa_registrace`, `ip_adresa_posledni`, `multak`) VALUES
(-1,	'guest',	NULL,	NULL,	'guest',	'2008-06-16 23:27:12',	'0000-00-00 00:00:00',	0,	0,	NULL,	NULL,	NULL,	'account for not-logged-in guests',	NULL,	NULL,	'',	'',	0),
(1,	'admin',	'heslo',	'NULL',	'admin',	'2008-06-16 00:00:00',	'2013-10-02 21:00:52',	634,	1,	NULL,	NULL,	NULL,	NULL,	'2013-10-02 20:48:24',	NULL,	'',	'::1',	0),
(2,	'player',	'heslo',	NULL,	'hrac',	'2008-06-16 23:39:09',	'2008-07-04 20:26:19',	0,	1,	NULL,	NULL,	NULL,	NULL,	'2008-07-04 20:26:00',	NULL,	'',	'',	0);

DROP TABLE IF EXISTS `users_vyhry`;
CREATE TABLE `users_vyhry` (
  `id_user` int(11) NOT NULL,
  `id_ligy` int(11) NOT NULL,
  `datum` datetime DEFAULT NULL,
  `odehranych_dnu` int(5) DEFAULT '0',
  `umisteni` int(10) DEFAULT '1',
  `strana` varchar(10) COLLATE utf8_czech_ci DEFAULT NULL,
  `team_vyhra` varchar(10) COLLATE utf8_czech_ci DEFAULT 'ne'
) ENGINE=InnoDB DEFAULT CHARSET=utf8 COLLATE=utf8_czech_ci;

INSERT INTO `users_vyhry` (`id_user`, `id_ligy`, `datum`, `odehranych_dnu`, `umisteni`, `strana`, `team_vyhra`) VALUES
(13967,	6,	'2013-01-19 12:30:13',	0,	5,	'sssr',	'ne'),
(15418,	6,	'2013-01-19 12:30:13',	0,	4,	'us',	'ne'),
(11124,	6,	'2013-01-19 12:30:13',	0,	3,	'sssr',	'ne'),
(15419,	6,	'2013-01-19 12:30:13',	0,	2,	'sssr',	'ne'),
(7231,	6,	'2013-01-19 12:30:13',	0,	1,	'us',	'ne'),
(15387,	15,	'2013-01-19 12:30:17',	0,	4,	'sssr',	'ne'),
(5927,	15,	'2013-01-19 12:30:17',	0,	3,	'sssr',	'ne'),
(3760,	15,	'2013-01-19 12:30:17',	0,	2,	'us',	'ne'),
(10235,	15,	'2013-01-19 12:30:17',	0,	1,	'us',	'ne');

DROP TABLE IF EXISTS `zeme`;
CREATE TABLE `zeme` (
  `id` int(11) NOT NULL AUTO_INCREMENT,
  `nazev` varchar(50) COLLATE utf8_czech_ci NOT NULL,
  `infrastruktura_original` int(5) DEFAULT '100',
  `bonus_obrana` int(5) DEFAULT '0',
  `bonus_obrana_popis` varchar(30) COLLATE utf8_czech_ci DEFAULT NULL,
  `bonus_pvo_obrana` int(5) DEFAULT '0',
  `bonus_pvo_obrana_popis` varchar(30) COLLATE utf8_czech_ci DEFAULT NULL,
  `bonus_palivo` int(5) DEFAULT '0',
  `bonus_palivo_popis` varchar(30) COLLATE utf8_czech_ci DEFAULT NULL,
  `bonus_suroviny` int(5) DEFAULT '0',
  `bonus_suroviny_popis` varchar(30) COLLATE utf8_czech_ci DEFAULT NULL,
  `body_vlivu` int(5) DEFAULT '2',
  `pos_x` int(11) DEFAULT NULL,
  `pos_y` int(11) DEFAULT NULL,
  `center_x` int(11) DEFAULT NULL,
  `center_y` int(11) DEFAULT NULL,
  PRIMARY KEY (`id`)
) ENGINE=InnoDB DEFAULT CHARSET=utf8 COLLATE=utf8_czech_ci;

INSERT INTO `zeme` (`id`, `nazev`, `infrastruktura_original`, `bonus_obrana`, `bonus_obrana_popis`, `bonus_pvo_obrana`, `bonus_pvo_obrana_popis`, `bonus_palivo`, `bonus_palivo_popis`, `bonus_suroviny`, `bonus_suroviny_popis`, `body_vlivu`, `pos_x`, `pos_y`, `center_x`, `center_y`) VALUES
(1,	'Husum',	100,	0,	NULL,	0,	NULL,	0,	NULL,	0,	NULL,	2,	363,	47,	425,	120),
(2,	'Flensburg',	100,	0,	NULL,	0,	NULL,	0,	NULL,	0,	NULL,	2,	478,	88,	510,	105),
(3,	'Heide',	100,	0,	NULL,	0,	NULL,	0,	NULL,	0,	NULL,	2,	427,	182,	457,	207),
(4,	'Kiel',	100,	0,	NULL,	0,	NULL,	0,	NULL,	0,	NULL,	6,	487,	125,	547,	185),
(5,	'Elmshorn',	100,	0,	NULL,	0,	NULL,	0,	NULL,	0,	NULL,	2,	477,	230,	527,	260),
(6,	'Lübeck ',	100,	0,	NULL,	0,	NULL,	0,	NULL,	0,	NULL,	4,	608,	146,	672,	266),
(7,	'Rostock',	100,	0,	NULL,	0,	NULL,	0,	NULL,	0,	NULL,	5,	727,	205,	767,	225),
(8,	'Stralsund',	100,	0,	NULL,	0,	NULL,	0,	NULL,	0,	NULL,	2,	809,	156,	855,	190),
(9,	'Rujána',	100,	0,	NULL,	0,	NULL,	0,	NULL,	0,	NULL,	2,	889,	120,	930,	155),
(10,	'Emden',	100,	0,	NULL,	0,	NULL,	0,	NULL,	0,	NULL,	4,	225,	305,	270,	350),
(11,	'Wilhelmshaven',	100,	0,	NULL,	0,	NULL,	0,	NULL,	0,	NULL,	6,	280,	302,	350,	352),
(12,	'Bremenhaven',	100,	0,	NULL,	0,	NULL,	0,	NULL,	0,	NULL,	4,	391,	269,	425,	295),
(13,	'Hamburk',	100,	0,	NULL,	0,	NULL,	0,	NULL,	0,	NULL,	7,	513,	291,	560,	346),
(14,	'Bad Oldesloe',	100,	0,	NULL,	0,	NULL,	0,	NULL,	0,	NULL,	2,	571,	265,	610,	300),
(15,	'Ratzeburg',	100,	0,	NULL,	0,	NULL,	0,	NULL,	0,	NULL,	3,	627,	312,	695,	348),
(16,	'Schwerin',	100,	0,	NULL,	0,	NULL,	0,	NULL,	0,	NULL,	6,	701,	281,	757,	316),
(17,	'Wismar',	100,	0,	NULL,	0,	NULL,	0,	NULL,	0,	NULL,	2,	747,	237,	802,	267),
(18,	'Neubranderburg',	100,	0,	NULL,	0,	NULL,	0,	NULL,	0,	NULL,	3,	838,	235,	880,	260),
(19,	'Greifswald',	100,	0,	NULL,	0,	NULL,	0,	NULL,	0,	NULL,	2,	902,	204,	940,	235),
(20,	'Anklam',	100,	0,	NULL,	0,	NULL,	0,	NULL,	0,	NULL,	5,	955,	214,	995,	285),
(21,	'Meppen',	100,	0,	NULL,	0,	NULL,	0,	NULL,	0,	NULL,	2,	229,	425,	265,	460),
(22,	'Oldenburg',	100,	0,	NULL,	0,	NULL,	0,	NULL,	0,	NULL,	4,	297,	392,	355,	420),
(23,	'Bremen',	100,	0,	NULL,	0,	NULL,	0,	NULL,	0,	NULL,	5,	391,	355,	429,	385),
(24,	'Osterholz',	100,	0,	NULL,	0,	NULL,	0,	NULL,	0,	NULL,	2,	442,	326,	480,	365),
(25,	'Rotenburg',	100,	0,	NULL,	0,	NULL,	0,	NULL,	0,	NULL,	2,	479,	393,	545,	415),
(26,	'Uelzen',	100,	0,	NULL,	0,	NULL,	0,	NULL,	0,	NULL,	4,	584,	388,	624,	418),
(27,	'Dannenberg',	100,	0,	NULL,	0,	NULL,	0,	NULL,	0,	NULL,	4,	704,	357,	770,	397),
(28,	'Waren',	100,	0,	NULL,	0,	NULL,	0,	NULL,	0,	NULL,	2,	800,	299,	835,	330),
(29,	'Neustrelitz',	100,	0,	NULL,	0,	NULL,	0,	NULL,	0,	NULL,	3,	856,	284,	910,	330),
(30,	'Prenzlau',	100,	0,	NULL,	0,	NULL,	0,	NULL,	0,	NULL,	2,	911,	321,	970,	360),
(31,	'Münster',	100,	0,	NULL,	0,	NULL,	0,	NULL,	0,	NULL,	5,	190,	492,	255,	565),
(32,	'Osnabrück',	100,	0,	NULL,	0,	NULL,	0,	NULL,	0,	NULL,	5,	294,	447,	330,	500),
(33,	'Diepholz',	100,	0,	NULL,	0,	NULL,	0,	NULL,	0,	NULL,	2,	367,	408,	415,	462),
(34,	'Herford',	100,	0,	NULL,	0,	NULL,	0,	NULL,	0,	NULL,	2,	366,	513,	400,	532),
(35,	'Nienburg',	100,	0,	NULL,	0,	NULL,	0,	NULL,	0,	NULL,	3,	412,	445,	455,	490),
(36,	'Hannover',	100,	0,	NULL,	0,	NULL,	0,	NULL,	0,	NULL,	6,	474,	490,	528,	524),
(37,	'Celle',	100,	0,	NULL,	0,	NULL,	0,	NULL,	0,	NULL,	2,	528,	442,	565,	468),
(38,	'Wolfsburg',	100,	0,	NULL,	0,	NULL,	0,	NULL,	0,	NULL,	2,	592,	462,	628,	498),
(39,	'Salzwedel',	100,	0,	NULL,	0,	NULL,	0,	NULL,	0,	NULL,	3,	637,	436,	680,	470),
(40,	'Stendal',	100,	0,	NULL,	0,	NULL,	0,	NULL,	0,	NULL,	2,	714,	426,	758,	470),
(41,	'Neuruppin',	100,	0,	NULL,	0,	NULL,	0,	NULL,	0,	NULL,	3,	795,	370,	845,	415),
(42,	'Branderburg',	100,	0,	NULL,	0,	NULL,	0,	NULL,	0,	NULL,	5,	792,	455,	840,	480),
(43,	'Oranienburg',	100,	0,	NULL,	0,	NULL,	0,	NULL,	0,	NULL,	4,	876,	383,	906,	430),
(44,	'Strausberg',	100,	0,	NULL,	0,	NULL,	0,	NULL,	0,	NULL,	2,	929,	407,	965,	430),
(45,	'Berlin',	100,	0,	NULL,	0,	NULL,	0,	NULL,	0,	NULL,	2,	897,	477,	932,	495),
(46,	'Fürstenwalde',	100,	0,	NULL,	0,	NULL,	0,	NULL,	0,	NULL,	2,	964,	461,	1010,	478),
(47,	'Frankfurt nad Odrou',	100,	0,	NULL,	0,	NULL,	0,	NULL,	0,	NULL,	7,	974,	507,	1015,	535),
(48,	'Recklinghausen',	100,	0,	NULL,	0,	NULL,	0,	NULL,	0,	NULL,	2,	190,	588,	235,	628),
(49,	'Hamm',	100,	0,	NULL,	0,	NULL,	0,	NULL,	0,	NULL,	2,	274,	587,	320,	620),
(50,	'Bielefeld',	100,	0,	NULL,	0,	NULL,	0,	NULL,	0,	NULL,	2,	355,	566,	405,	595),
(51,	'Höxter',	100,	0,	NULL,	0,	NULL,	0,	NULL,	0,	NULL,	2,	445,	530,	483,	564),
(52,	'Northeim',	100,	0,	NULL,	0,	NULL,	0,	NULL,	0,	NULL,	2,	505,	556,	550,	580),
(53,	'Braunschweig',	100,	0,	NULL,	0,	NULL,	0,	NULL,	0,	NULL,	2,	568,	534,	630,	590),
(54,	'Schönebeck',	100,	0,	NULL,	0,	NULL,	0,	NULL,	0,	NULL,	2,	664,	570,	710,	593),
(55,	'Magdeburg',	100,	0,	NULL,	0,	NULL,	0,	NULL,	0,	NULL,	5,	662,	508,	740,	550),
(56,	'Dessau',	100,	0,	NULL,	0,	NULL,	0,	NULL,	0,	NULL,	4,	737,	576,	795,	610),
(57,	'Postupim',	100,	0,	NULL,	0,	NULL,	0,	NULL,	0,	NULL,	6,	806,	513,	842,	562),
(58,	'Wittenberg',	100,	0,	NULL,	0,	NULL,	0,	NULL,	0,	NULL,	2,	821,	602,	865,	632),
(59,	'Luckenwalde',	100,	0,	NULL,	0,	NULL,	0,	NULL,	0,	NULL,	2,	868,	533,	917,	575),
(60,	'Meißen',	100,	0,	NULL,	0,	NULL,	0,	NULL,	0,	NULL,	2,	877,	622,	927,	660),
(61,	'Lübben',	100,	0,	NULL,	0,	NULL,	0,	NULL,	0,	NULL,	2,	931,	525,	987,	585),
(62,	'Hoyerswerda',	100,	0,	NULL,	0,	NULL,	0,	NULL,	0,	NULL,	2,	955,	618,	993,	665),
(63,	'Cottbus',	100,	0,	NULL,	0,	NULL,	0,	NULL,	0,	NULL,	2,	1011,	584,	1050,	630),
(64,	'Duisburg  ',	100,	0,	NULL,	0,	NULL,	0,	NULL,	0,	NULL,	4,	112,	634,	145,	660),
(65,	'Aachen',	100,	0,	NULL,	0,	NULL,	0,	NULL,	0,	NULL,	2,	101,	741,	150,	795),
(66,	'Düsseldorf',	100,	0,	NULL,	0,	NULL,	0,	NULL,	0,	NULL,	6,	150,	670,	198,	730),
(67,	'Köln',	100,	0,	NULL,	0,	NULL,	0,	NULL,	0,	NULL,	7,	196,	744,	252,	790),
(68,	'Essen',	100,	0,	NULL,	0,	NULL,	0,	NULL,	0,	NULL,	5,	207,	671,	242,	690),
(69,	'Dortmund',	100,	0,	NULL,	0,	NULL,	0,	NULL,	0,	NULL,	3,	262,	653,	292,	710),
(70,	'Siegen',	100,	0,	NULL,	0,	NULL,	0,	NULL,	0,	NULL,	2,	294,	743,	335,	778),
(71,	'Arnsberg',	100,	0,	NULL,	0,	NULL,	0,	NULL,	0,	NULL,	3,	315,	656,	345,	672),
(72,	'Lennestadt',	100,	0,	NULL,	0,	NULL,	0,	NULL,	0,	NULL,	2,	324,	699,	365,	732),
(73,	'Marburg',	100,	0,	NULL,	0,	NULL,	0,	NULL,	0,	NULL,	2,	375,	698,	410,	792),
(74,	'Büren',	100,	0,	NULL,	0,	NULL,	0,	NULL,	0,	NULL,	2,	383,	636,	415,	662),
(75,	'Paderborn',	100,	0,	NULL,	0,	NULL,	0,	NULL,	0,	NULL,	2,	440,	630,	465,	654),
(76,	'Kassel',	100,	0,	NULL,	0,	NULL,	0,	NULL,	0,	NULL,	4,	447,	674,	490,	748),
(77,	'Göttingen',	100,	0,	NULL,	0,	NULL,	0,	NULL,	0,	NULL,	2,	496,	628,	555,	658),
(78,	'Eisenach',	100,	0,	NULL,	0,	NULL,	0,	NULL,	0,	NULL,	3,	514,	681,	575,	728),
(79,	'Sangerhausen',	100,	0,	NULL,	0,	NULL,	0,	NULL,	0,	NULL,	3,	609,	624,	657,	690),
(80,	'Erfurt',	100,	0,	NULL,	0,	NULL,	0,	NULL,	0,	NULL,	4,	602,	729,	645,	795),
(81,	'Halle',	100,	0,	NULL,	0,	NULL,	0,	NULL,	0,	NULL,	5,	691,	635,	748,	675),
(82,	'Merseburg',	100,	0,	NULL,	0,	NULL,	0,	NULL,	0,	NULL,	2,	719,	705,	759,	735),
(83,	'Jena',	100,	0,	NULL,	0,	NULL,	0,	NULL,	0,	NULL,	2,	679,	770,	725,	795),
(84,	'Gera',	100,	0,	NULL,	0,	NULL,	0,	NULL,	0,	NULL,	2,	724,	768,	785,	825),
(85,	'Plauen',	100,	0,	NULL,	0,	NULL,	0,	NULL,	0,	NULL,	3,	765,	822,	828,	870),
(86,	'Lipsko',	100,	0,	NULL,	0,	NULL,	0,	NULL,	0,	NULL,	6,	800,	666,	828,	725),
(87,	'Cvikov',	100,	0,	NULL,	0,	NULL,	0,	NULL,	0,	NULL,	2,	846,	767,	888,	790),
(88,	'Auerbach',	100,	0,	NULL,	0,	NULL,	0,	NULL,	0,	NULL,	2,	870,	820,	905,	845),
(89,	'Chemnitz',	100,	0,	NULL,	0,	NULL,	0,	NULL,	0,	NULL,	5,	848,	670,	887,	720),
(90,	'Drážďany',	100,	0,	NULL,	0,	NULL,	0,	NULL,	0,	NULL,	7,	920,	698,	988,	750),
(91,	'Görlitz',	100,	0,	NULL,	0,	NULL,	0,	NULL,	0,	NULL,	2,	1020,	671,	1058,	708),
(92,	'Zittau',	100,	0,	NULL,	0,	NULL,	0,	NULL,	0,	NULL,	4,	1050,	741,	1083,	772),
(93,	'Bonn',	100,	0,	NULL,	0,	NULL,	0,	NULL,	0,	NULL,	3,	132,	818,	170,	854),
(94,	'Daun',	100,	0,	NULL,	0,	NULL,	0,	NULL,	0,	NULL,	2,	124,	896,	152,	924),
(95,	'Trier',	100,	0,	NULL,	0,	NULL,	0,	NULL,	0,	NULL,	2,	154,	946,	190,	974),
(96,	'Koblenz',	100,	0,	NULL,	0,	NULL,	0,	NULL,	0,	NULL,	3,	181,	835,	235,	888),
(97,	'Bad Schwalbach',	100,	0,	NULL,	0,	NULL,	0,	NULL,	0,	NULL,	2,	236,	892,	278,	935),
(98,	'Westerwald',	100,	0,	NULL,	0,	NULL,	0,	NULL,	0,	NULL,	2,	264,	806,	312,	835),
(99,	'Gießen',	100,	0,	NULL,	0,	NULL,	0,	NULL,	0,	NULL,	2,	341,	810,	383,	850),
(100,	'Wiesbaden',	100,	0,	NULL,	0,	NULL,	0,	NULL,	0,	NULL,	2,	312,	867,	360,	900),
(101,	'Mainz',	100,	0,	NULL,	0,	NULL,	0,	NULL,	0,	NULL,	4,	258,	952,	330,	985),
(102,	'Frankfurt nad Mohanem',	100,	0,	NULL,	0,	NULL,	0,	NULL,	0,	NULL,	7,	343,	881,	400,	945),
(103,	'Lauterbach',	100,	0,	NULL,	0,	NULL,	0,	NULL,	0,	NULL,	2,	437,	824,	470,	842),
(104,	'Aschaffenburg',	100,	0,	NULL,	0,	NULL,	0,	NULL,	0,	NULL,	2,	395,	894,	455,	960),
(105,	'Fulda',	100,	0,	NULL,	0,	NULL,	0,	NULL,	0,	NULL,	3,	492,	780,	520,	810),
(106,	'Würzburg',	100,	0,	NULL,	0,	NULL,	0,	NULL,	0,	NULL,	5,	475,	898,	520,	940),
(107,	'Suhl',	100,	0,	NULL,	0,	NULL,	0,	NULL,	0,	NULL,	2,	542,	765,	588,	830),
(108,	'Coburg',	100,	0,	NULL,	0,	NULL,	0,	NULL,	0,	NULL,	3,	554,	867,	618,	905),
(109,	'Schweinfurt',	100,	0,	NULL,	0,	NULL,	0,	NULL,	0,	NULL,	4,	555,	933,	602,	965),
(110,	'Neustadt',	100,	0,	NULL,	0,	NULL,	0,	NULL,	0,	NULL,	2,	516,	983,	607,	1042),
(111,	'Bamberk',	100,	0,	NULL,	0,	NULL,	0,	NULL,	0,	NULL,	2,	615,	900,	679,	942),
(112,	'Norimberk',	100,	0,	NULL,	0,	NULL,	0,	NULL,	0,	NULL,	7,	633,	1013,	679,	1055),
(113,	'Forchheim',	100,	0,	NULL,	0,	NULL,	0,	NULL,	0,	NULL,	2,	665,	953,	715,	1000),
(114,	'Hof',	100,	0,	NULL,	0,	NULL,	0,	NULL,	0,	NULL,	2,	696,	879,	740,	920),
(115,	'Amberg',	100,	0,	NULL,	0,	NULL,	0,	NULL,	0,	NULL,	4,	702,	1019,	755,	1085),
(116,	'Bayreuth',	100,	0,	NULL,	0,	NULL,	0,	NULL,	0,	NULL,	3,	748,	963,	793,	1007),
(117,	'Weiden',	100,	0,	NULL,	0,	NULL,	0,	NULL,	0,	NULL,	2,	791,	1045,	820,	1070),
(118,	'Saarbrücken',	100,	0,	NULL,	0,	NULL,	0,	NULL,	0,	NULL,	5,	150,	988,	200,	1040),
(119,	'Kaiserslautern',	100,	0,	NULL,	0,	NULL,	0,	NULL,	0,	NULL,	2,	212,	1027,	268,	1068),
(120,	'Mannheim',	100,	0,	NULL,	0,	NULL,	0,	NULL,	0,	NULL,	4,	289,	1003,	348,	1049),
(121,	'Karlsruhe',	100,	0,	NULL,	0,	NULL,	0,	NULL,	0,	NULL,	3,	306,	1072,	375,	1112),
(122,	'Heidelberg',	100,	0,	NULL,	0,	NULL,	0,	NULL,	0,	NULL,	4,	383,	1007,	410,	1035),
(123,	'Stuttgart',	100,	0,	NULL,	0,	NULL,	0,	NULL,	0,	NULL,	6,	404,	1090,	455,	1142),
(124,	'Heilbronn',	100,	0,	NULL,	0,	NULL,	0,	NULL,	0,	NULL,	3,	430,	1011,	495,	1045),
(125,	'Schwäbish Hall',	100,	0,	NULL,	0,	NULL,	0,	NULL,	0,	NULL,	2,	486,	1078,	525,	1110),
(126,	'Ansbach',	100,	0,	NULL,	0,	NULL,	0,	NULL,	0,	NULL,	2,	568,	1064,	605,	1100),
(127,	'Schwabach',	100,	0,	NULL,	0,	NULL,	0,	NULL,	0,	NULL,	2,	634,	1082,	680,	1115),
(128,	'Regensburg',	100,	0,	NULL,	0,	NULL,	0,	NULL,	0,	NULL,	5,	750,	1074,	818,	1130),
(129,	'Offenburg',	100,	0,	NULL,	0,	NULL,	0,	NULL,	0,	NULL,	2,	295,	1169,	318,	1230),
(130,	'Freiburg',	100,	0,	NULL,	0,	NULL,	0,	NULL,	0,	NULL,	2,	280,	1288,	318,	1340),
(131,	'Freudenstadt',	100,	0,	NULL,	0,	NULL,	0,	NULL,	0,	NULL,	3,	341,	1175,	397,	1210),
(132,	'Konstanz',	100,	0,	NULL,	0,	NULL,	0,	NULL,	0,	NULL,	3,	329,	1260,	377,	1305),
(133,	'Reutlingen',	100,	0,	NULL,	0,	NULL,	0,	NULL,	0,	NULL,	2,	448,	1182,	490,	1205),
(134,	'Tuttlingen',	100,	0,	NULL,	0,	NULL,	0,	NULL,	0,	NULL,	2,	401,	1228,	445,	1250),
(135,	'Friedrichshafen',	100,	0,	NULL,	0,	NULL,	0,	NULL,	0,	NULL,	2,	438,	1281,	485,	1340),
(136,	'Ulm',	100,	0,	NULL,	0,	NULL,	0,	NULL,	0,	NULL,	4,	511,	1147,	570,	1180),
(137,	'Ravensburg',	100,	0,	NULL,	0,	NULL,	0,	NULL,	0,	NULL,	3,	476,	1264,	526,	1295),
(138,	'Memmingen',	100,	0,	NULL,	0,	NULL,	0,	NULL,	0,	NULL,	2,	556,	1242,	588,	1275),
(139,	'Kempten',	100,	0,	NULL,	0,	NULL,	0,	NULL,	0,	NULL,	2,	568,	1312,	600,	1345),
(140,	'Augsburg',	100,	0,	NULL,	0,	NULL,	0,	NULL,	0,	NULL,	5,	592,	1150,	635,	1210),
(141,	'Garmish-Partenkirchen',	100,	0,	NULL,	0,	NULL,	0,	NULL,	0,	NULL,	2,	634,	1300,	675,	1340),
(142,	'Mnichov',	100,	0,	NULL,	0,	NULL,	0,	NULL,	0,	NULL,	7,	663,	1186,	720,	1270),
(143,	'Ingolstadt',	100,	0,	NULL,	0,	NULL,	0,	NULL,	0,	NULL,	3,	673,	1141,	710,	1165),
(144,	'Rosenheim',	100,	0,	NULL,	0,	NULL,	0,	NULL,	0,	NULL,	2,	721,	1304,	760,	1330),
(145,	'Berchtesgaden',	100,	0,	NULL,	0,	NULL,	0,	NULL,	0,	NULL,	8,	808,	1299,	850,	1330),
(146,	'Erding',	100,	0,	NULL,	0,	NULL,	0,	NULL,	0,	NULL,	2,	766,	1247,	805,	1268),
(147,	'Landshut',	100,	0,	NULL,	0,	NULL,	0,	NULL,	0,	NULL,	3,	761,	1156,	825,	1210),
(148,	'Pfarrkirchen',	100,	0,	NULL,	0,	NULL,	0,	NULL,	0,	NULL,	2,	855,	1214,	900,	1230),
(149,	'Regen',	100,	0,	NULL,	0,	NULL,	0,	NULL,	0,	NULL,	2,	849,	1124,	890,	1145),
(150,	'Pasov',	100,	0,	NULL,	0,	NULL,	0,	NULL,	0,	NULL,	4,	905,	1150,	950,	1180);

DROP VIEW IF EXISTS `zeme_vcera_view`;
CREATE TABLE `zeme_vcera_view` (`id` int(11), `id_zeme` int(11), `nazev` varchar(50), `id_ligy` int(11), `id_vlastnik` int(11), `inf_orig` int(5), `inf_now` int(5), `bonus_obrana` int(5), `bonus_pvo_obrana` int(5), `bonus_suroviny` int(5), `bonus_palivo` int(5), `body_vlivu` int(5), `pechota` int(5), `tanky` int(5), `letadla` int(5), `bonus_obrana_popis` varchar(30), `bonus_pvo_obrana_popis` varchar(30), `bonus_suroviny_popis` varchar(30), `bonus_palivo_popis` varchar(30), `pos_x` int(11), `pos_y` int(11), `center_x` int(11), `center_y` int(11), `sila_neutralka` int(5));


DROP VIEW IF EXISTS `zeme_view`;
CREATE TABLE `zeme_view` (`id` int(11), `id_zeme` int(11), `nazev` varchar(50), `id_ligy` int(11), `id_vlastnik` int(11), `inf_orig` int(5), `inf_now` int(5), `bonus_obrana` int(5), `bonus_pvo_obrana` int(5), `bonus_suroviny` int(5), `bonus_palivo` int(5), `body_vlivu` int(5), `pechota` int(5), `tanky` int(5), `letadla` int(5), `bonus_obrana_popis` varchar(30), `bonus_pvo_obrana_popis` varchar(30), `bonus_suroviny_popis` varchar(30), `bonus_palivo_popis` varchar(30), `pos_x` int(11), `pos_y` int(11), `center_x` int(11), `center_y` int(11), `sila_neutralka` int(5));


DROP TABLE IF EXISTS `users_active_view`;
CREATE ALGORITHM=UNDEFINED SQL SECURITY DEFINER VIEW `users_active_view` AS select `users_sys`.`id` AS `id`,`users_sys`.`login` AS `login`,`users_sys`.`pass` AS `pass`,`users_sys`.`email` AS `email`,`users_sys`.`group_id` AS `group_id`,`users_sys`.`account_created` AS `account_created`,`users_sys`.`last_activity` AS `last_activity`,`users_sys`.`login_count` AS `login_count`,`users_sys`.`account_active` AS `account_active`,`users_sys`.`disabled_time` AS `disabled_time`,`users_sys`.`expires` AS `expires`,`users_sys`.`skin_id` AS `skin_id`,`users_sys`.`remarks` AS `remarks`,`users_sys`.`last_login_time` AS `last_login_time` from `users_sys` where ((`users_sys`.`account_active` = 1) and (isnull(`users_sys`.`expires`) or (`users_sys`.`expires` > now())));

DROP TABLE IF EXISTS `zeme_vcera_view`;
CREATE ALGORITHM=UNDEFINED SQL SECURITY DEFINER VIEW `zeme_vcera_view` AS select `igz`.`id` AS `id`,`z`.`id` AS `id_zeme`,`z`.`nazev` AS `nazev`,`igz`.`id_ligy` AS `id_ligy`,`igz`.`id_vlastnik` AS `id_vlastnik`,`z`.`infrastruktura_original` AS `inf_orig`,`igz`.`infrastruktura_now` AS `inf_now`,`z`.`bonus_obrana` AS `bonus_obrana`,`z`.`bonus_pvo_obrana` AS `bonus_pvo_obrana`,`z`.`bonus_suroviny` AS `bonus_suroviny`,`z`.`bonus_palivo` AS `bonus_palivo`,`z`.`body_vlivu` AS `body_vlivu`,`igz`.`pechota` AS `pechota`,`igz`.`tanky` AS `tanky`,`igz`.`letadla` AS `letadla`,`z`.`bonus_obrana_popis` AS `bonus_obrana_popis`,`z`.`bonus_pvo_obrana_popis` AS `bonus_pvo_obrana_popis`,`z`.`bonus_suroviny_popis` AS `bonus_suroviny_popis`,`z`.`bonus_palivo_popis` AS `bonus_palivo_popis`,`z`.`pos_x` AS `pos_x`,`z`.`pos_y` AS `pos_y`,`z`.`center_x` AS `center_x`,`z`.`center_y` AS `center_y`,`igz`.`sila_neutralka` AS `sila_neutralka` from (`zeme` `z` join `in_game_vcera_zeme` `igz`) where (`z`.`id` = `igz`.`id_zeme`);

DROP TABLE IF EXISTS `zeme_view`;
CREATE ALGORITHM=UNDEFINED SQL SECURITY DEFINER VIEW `zeme_view` AS select `igz`.`id` AS `id`,`z`.`id` AS `id_zeme`,`z`.`nazev` AS `nazev`,`igz`.`id_ligy` AS `id_ligy`,`igz`.`id_vlastnik` AS `id_vlastnik`,`z`.`infrastruktura_original` AS `inf_orig`,`igz`.`infrastruktura_now` AS `inf_now`,`z`.`bonus_obrana` AS `bonus_obrana`,`z`.`bonus_pvo_obrana` AS `bonus_pvo_obrana`,`z`.`bonus_suroviny` AS `bonus_suroviny`,`z`.`bonus_palivo` AS `bonus_palivo`,`z`.`body_vlivu` AS `body_vlivu`,`igz`.`pechota` AS `pechota`,`igz`.`tanky` AS `tanky`,`igz`.`letadla` AS `letadla`,`z`.`bonus_obrana_popis` AS `bonus_obrana_popis`,`z`.`bonus_pvo_obrana_popis` AS `bonus_pvo_obrana_popis`,`z`.`bonus_suroviny_popis` AS `bonus_suroviny_popis`,`z`.`bonus_palivo_popis` AS `bonus_palivo_popis`,`z`.`pos_x` AS `pos_x`,`z`.`pos_y` AS `pos_y`,`z`.`center_x` AS `center_x`,`z`.`center_y` AS `center_y`,`igz`.`sila_neutralka` AS `sila_neutralka` from (`zeme` `z` join `in_game_zeme` `igz`) where (`z`.`id` = `igz`.`id_zeme`);

-- 2013-10-02 21:05:12